symbol,yfinance_ticker,company_name,as_of_date,data_bars,candidate_category,is_research_eligible,is_mechanically_qualified,composite_score,is_disqualified,disqualifying_flags,weekly_uptrend,dma_50_above_100,rsi_in_band,atr_contracting,vcp_bbw_contracting,min_liquidity_passed,close,rsi_14,dma_50,dma_100,wma_30,wma_40,atr_contraction_ratio,bb_width_20,avg_20_turnover_cr,vsa_volume_ratio,vsa_spread_ratio,vsa_close_position,is_stopping_volume,is_no_demand,is_no_supply,is_effort_vs_result,most_recent_event_type,most_recent_event_date,possible_LPS,possible_SOS,possible_Spring,is_UTAD_warning,total_events_detected,numeric_evidence,pf_target_price,pf_upside_pct,pf_count_columns,pf_is_stale_anchor,explanation_summary,tradingview_daily_url,tradingview_weekly_url,tradingview_75m_url,chart_review_status,dataset_snapshot_path,dataset_date
ZEEL,ZEEL.NS,Zee Entertainment Enterprises Limited,2026-08-21,901,HIGH_PRIORITY_CANDIDATE,True,True,80.0,False,None,True,True,True,True,False,True,107.58,56.7,104.91,97.45,,,0.99,0.264,,0.63,0.52,0.36,False,False,True,False,LPS,2026-08-18,True,False,False,False,120,"Bar vol_ratio=0.71x, spread_ratio=0.64x, close_pos=0.53. Candidate LPS: higher low=103.50 vs prior Spring low=90.00 (+15.0%), holding above range support=90.00, low volume 0.71x avg (threshold < 0.75x), spread 0.64x ATR, close pos=0.53",237.32,120.6,22,False,"[HIGH_PRIORITY_CANDIDATE] Score: 80.0/100.0 | Mech Qual: PASS (Weekly WMA Up, Daily DMA(50/100) Up (104.9>97.5), RSI(14) Bullish (56.7), ATR Contraction (0.99<1.0)) | VSA: Vol Ratio: 0.63x, Close Pos: 0.36, No Supply (Dry-up) | Candidate Event: LPS (Bar vol_ratio=0.71x, spread_ratio=0.64x, close_pos=0.53. Candidate LPS: higher low=103.50 vs prior Spring low=90.00 (+15.0%), holding above range support=90.00, low volume 0.71x avg (threshold < 0.75x), spread 0.64x ATR, close pos=0.53) | P&F Target: ₹237.32 (+120.6% upside)",https://www.tradingview.com/chart/?symbol=NSE%3AZEEL&interval=D,https://www.tradingview.com/chart/?symbol=NSE%3AZEEL&interval=W,https://www.tradingview.com/chart/?symbol=NSE%3AZEEL&interval=75,pending,data/research_datasets/20260824,2026-08-24 10:05:13 UTC
JINDALSAW,JINDALSAW.NS,Jindal Saw Limited,2026-08-21,901,HIGH_PRIORITY_CANDIDATE,True,True,80.0,False,None,True,True,True,True,False,True,291.65,69.8,263.22,245.85,,,0.98,0.135,,9.29,3.18,0.75,False,False,False,False,SOS,2026-08-21,False,True,False,False,84,"Bar vol_ratio=9.29x, spread_ratio=3.18x, close_pos=0.75. Candidate SOS: close=291.65 broke above range resistance=281.00 (+3.79%), strong close position=0.75 (threshold > 0.7), volume 9.29x avg (threshold >= 1.5x), spread 3.18x ATR",419.95,44.0,53,False,"[HIGH_PRIORITY_CANDIDATE] Score: 80.0/100.0 | Mech Qual: PASS (Weekly WMA Up, Daily DMA(50/100) Up (263.2>245.8), RSI(14) Bullish (69.8), ATR Contraction (0.98<1.0)) | VSA: Vol Ratio: 9.29x, Close Pos: 0.75 | Candidate Event: SOS (Bar vol_ratio=9.29x, spread_ratio=3.18x, close_pos=0.75. Candidate SOS: close=291.65 broke above range resistance=281.00 (+3.79%), strong close position=0.75 (threshold > 0.7), volume 9.29x avg (threshold >= 1.5x), spread 3.18x ATR) | P&F Target: ₹419.95 (+44.0% upside)",https://www.tradingview.com/chart/?symbol=NSE%3AJINDALSAW&interval=D,https://www.tradingview.com/chart/?symbol=NSE%3AJINDALSAW&interval=W,https://www.tradingview.com/chart/?symbol=NSE%3AJINDALSAW&interval=75,pending,data/research_datasets/20260824,2026-08-24 10:05:13 UTC
DYCL,DYCL.NS,Dynamic Cables Limited,2026-08-21,901,HIGH_PRIORITY_CANDIDATE,True,True,80.0,False,None,True,True,True,True,False,True,458.8,65.2,393.46,363.02,,,0.93,0.254,,0.44,0.62,0.64,False,False,False,False,LPS,2026-08-13,True,False,False,False,107,"Bar vol_ratio=0.32x, spread_ratio=0.58x, close_pos=0.39. Candidate LPS: higher low=450.00 vs prior ST low=418.80 (+7.4%), holding above range support=300.18, low volume 0.32x avg (threshold < 0.75x), spread 0.58x ATR, close pos=0.39",590.35,28.7,45,False,"[HIGH_PRIORITY_CANDIDATE] Score: 80.0/100.0 | Mech Qual: PASS (Weekly WMA Up, Daily DMA(50/100) Up (393.5>363.0), RSI(14) Bullish (65.2), ATR Contraction (0.93<1.0)) | VSA: Vol Ratio: 0.44x, Close Pos: 0.64 | Candidate Event: LPS (Bar vol_ratio=0.32x, spread_ratio=0.58x, close_pos=0.39. Candidate LPS: higher low=450.00 vs prior ST low=418.80 (+7.4%), holding above range support=300.18, low volume 0.32x avg (threshold < 0.75x), spread 0.58x ATR, close pos=0.39) | P&F Target: ₹590.35 (+28.7% upside)",https://www.tradingview.com/chart/?symbol=NSE%3ADYCL&interval=D,https://www.tradingview.com/chart/?symbol=NSE%3ADYCL&interval=W,https://www.tradingview.com/chart/?symbol=NSE%3ADYCL&interval=75,pending,data/research_datasets/20260824,2026-08-24 10:05:13 UTC
AARTIIND,AARTIIND.NS,Aarti Industries Limited,2026-08-21,901,HIGH_PRIORITY_CANDIDATE,True,True,80.0,False,None,True,True,True,True,False,True,527.2,61.7,491.4,477.33,,,0.98,0.164,,0.55,1.07,0.62,False,False,False,False,SOS,2026-08-13,False,True,False,False,132,"Bar vol_ratio=1.76x, spread_ratio=0.83x, close_pos=0.73. Candidate SOS: close=538.20 broke above range resistance=534.00 (+0.79%), strong close position=0.73 (threshold > 0.7), volume 1.76x avg (threshold >= 1.5x), spread 0.83x ATR",1025.95,94.6,36,False,"[HIGH_PRIORITY_CANDIDATE] Score: 80.0/100.0 | Mech Qual: PASS (Weekly WMA Up, Daily DMA(50/100) Up (491.4>477.3), RSI(14) Bullish (61.7), ATR Contraction (0.98<1.0)) | VSA: Vol Ratio: 0.55x, Close Pos: 0.62 | Candidate Event: SOS (Bar vol_ratio=1.76x, spread_ratio=0.83x, close_pos=0.73. Candidate SOS: close=538.20 broke above range resistance=534.00 (+0.79%), strong close position=0.73 (threshold > 0.7), volume 1.76x avg (threshold >= 1.5x), spread 0.83x ATR) | P&F Target: ₹1025.95 (+94.6% upside)",https://www.tradingview.com/chart/?symbol=NSE%3AAARTIIND&interval=D,https://www.tradingview.com/chart/?symbol=NSE%3AAARTIIND&interval=W,https://www.tradingview.com/chart/?symbol=NSE%3AAARTIIND&interval=75,pending,data/research_datasets/20260824,2026-08-24 10:05:13 UTC
SETL,SETL.NS,Standard Engineering Technology Limited,2026-08-21,401,HIGH_PRIORITY_CANDIDATE,True,True,76.0,False,None,True,True,True,True,False,True,297.75,59.2,264.83,201.57,,,0.9,0.202,,0.59,0.95,0.38,False,False,False,False,LPS,2026-08-20,True,False,False,False,78,"Bar vol_ratio=0.65x, spread_ratio=1.08x, close_pos=0.26. Candidate LPS: higher low=301.20 vs prior ST low=292.15 (+3.1%), holding above range support=150.05, low volume 0.65x avg (threshold < 0.75x), spread 1.08x ATR, close pos=0.26",346.95,16.5,7,False,"[HIGH_PRIORITY_CANDIDATE] Score: 76.0/100.0 | Mech Qual: PASS (Weekly WMA Up, Daily DMA(50/100) Up (264.8>201.6), RSI(14) Bullish (59.2), ATR Contraction (0.90<1.0)) | VSA: Vol Ratio: 0.59x, Close Pos: 0.38 | Candidate Event: LPS (Bar vol_ratio=0.65x, spread_ratio=1.08x, close_pos=0.26. Candidate LPS: higher low=301.20 vs prior ST low=292.15 (+3.1%), holding above range support=150.05, low volume 0.65x avg (threshold < 0.75x), spread 1.08x ATR, close pos=0.26) | P&F Target: ₹346.95 (+16.5% upside)",https://www.tradingview.com/chart/?symbol=NSE%3ASETL&interval=D,https://www.tradingview.com/chart/?symbol=NSE%3ASETL&interval=W,https://www.tradingview.com/chart/?symbol=NSE%3ASETL&interval=75,pending,data/research_datasets/20260824,2026-08-24 10:05:13 UTC
SANDHAR,SANDHAR.NS,Sandhar Technologies Limited,2026-08-21,901,HIGH_PRIORITY_CANDIDATE,True,True,76.0,False,None,True,True,True,True,True,True,667.75,59.4,652.17,608.65,,,0.94,0.15,,0.83,1.06,0.84,False,False,False,False,LPS,2026-08-17,True,False,False,False,118,"Bar vol_ratio=0.40x, spread_ratio=0.74x, close_pos=0.35. Candidate LPS: higher low=626.30 vs prior ST low=609.85 (+2.7%), holding above range support=575.00, low volume 0.40x avg (threshold < 0.75x), spread 0.74x ATR, close pos=0.35",758.55,13.6,21,False,"[HIGH_PRIORITY_CANDIDATE] Score: 76.0/100.0 | Mech Qual: PASS (Weekly WMA Up, Daily DMA(50/100) Up (652.2>608.6), RSI(14) Bullish (59.4), ATR Contraction (0.94<1.0), BBW Contraction) | VSA: Vol Ratio: 0.83x, Close Pos: 0.84 | Candidate Event: LPS (Bar vol_ratio=0.40x, spread_ratio=0.74x, close_pos=0.35. Candidate LPS: higher low=626.30 vs prior ST low=609.85 (+2.7%), holding above range support=575.00, low volume 0.40x avg (threshold < 0.75x), spread 0.74x ATR, close pos=0.35) | P&F Target: ₹758.55 (+13.6% upside)",https://www.tradingview.com/chart/?symbol=NSE%3ASANDHAR&interval=D,https://www.tradingview.com/chart/?symbol=NSE%3ASANDHAR&interval=W,https://www.tradingview.com/chart/?symbol=NSE%3ASANDHAR&interval=75,pending,data/research_datasets/20260824,2026-08-24 10:05:13 UTC
CORONA,CORONA.NS,CORONA Remedies Limited,2026-08-21,172,HIGH_PRIORITY_CANDIDATE,True,True,76.0,False,None,False,True,True,True,True,True,2142.6,58.5,2023.82,1844.84,,,0.92,0.057,,0.28,0.83,0.37,False,False,False,False,LPS,2026-08-12,True,False,False,False,22,"Bar vol_ratio=0.36x, spread_ratio=0.60x, close_pos=0.80. Candidate LPS: higher low=2099.00 vs prior ST low=2089.00 (+0.5%), holding above range support=1649.07, low volume 0.36x avg (threshold < 0.75x), spread 0.60x ATR, close pos=0.80",2435.9,13.7,10,False,"[HIGH_PRIORITY_CANDIDATE] Score: 76.0/100.0 | Mech Qual: PASS (Daily DMA(50/100) Up (2023.8>1844.8), RSI(14) Bullish (58.5), ATR Contraction (0.92<1.0), BBW Contraction) | VSA: Vol Ratio: 0.28x, Close Pos: 0.37 | Candidate Event: LPS (Bar vol_ratio=0.36x, spread_ratio=0.60x, close_pos=0.80. Candidate LPS: higher low=2099.00 vs prior ST low=2089.00 (+0.5%), holding above range support=1649.07, low volume 0.36x avg (threshold < 0.75x), spread 0.60x ATR, close pos=0.80) | P&F Target: ₹2435.90 (+13.7% upside)",https://www.tradingview.com/chart/?symbol=NSE%3ACORONA&interval=D,https://www.tradingview.com/chart/?symbol=NSE%3ACORONA&interval=W,https://www.tradingview.com/chart/?symbol=NSE%3ACORONA&interval=75,pending,data/research_datasets/20260824,2026-08-24 10:05:13 UTC
STEELCAS,STEELCAS.NS,Steelcast Limited,2026-08-21,900,HIGH_PRIORITY_CANDIDATE,True,True,73.0,False,None,True,True,True,True,False,True,356.05,68.1,315.23,298.37,,,0.91,0.221,,0.33,0.62,0.12,False,False,False,False,SOS,2026-08-13,False,True,False,False,111,"Bar vol_ratio=5.06x, spread_ratio=2.35x, close_pos=0.79. Candidate SOS: close=354.15 broke above range resistance=345.04 (+2.64%), strong close position=0.79 (threshold > 0.7), volume 5.06x avg (threshold >= 1.5x), spread 2.35x ATR",378.04,6.2,27,False,"[HIGH_PRIORITY_CANDIDATE] Score: 73.0/100.0 | Mech Qual: PASS (Weekly WMA Up, Daily DMA(50/100) Up (315.2>298.4), RSI(14) Bullish (68.1), ATR Contraction (0.91<1.0)) | VSA: Vol Ratio: 0.33x, Close Pos: 0.12 | Candidate Event: SOS (Bar vol_ratio=5.06x, spread_ratio=2.35x, close_pos=0.79. Candidate SOS: close=354.15 broke above range resistance=345.04 (+2.64%), strong close position=0.79 (threshold > 0.7), volume 5.06x avg (threshold >= 1.5x), spread 2.35x ATR) | P&F Target: ₹378.04 (+6.2% upside)",https://www.tradingview.com/chart/?symbol=NSE%3ASTEELCAS&interval=D,https://www.tradingview.com/chart/?symbol=NSE%3ASTEELCAS&interval=W,https://www.tradingview.com/chart/?symbol=NSE%3ASTEELCAS&interval=75,pending,data/research_datasets/20260824,2026-08-24 10:05:13 UTC
XPROINDIA,XPROINDIA.NS,Xpro India Limited,2026-08-21,901,HIGH_PRIORITY_CANDIDATE,True,True,72.5,False,None,True,False,False,True,False,True,1142.0,42.4,1308.83,1201.44,,,0.97,0.444,,0.55,0.7,0.78,False,False,False,False,LPS,2026-08-12,True,False,False,False,131,"Bar vol_ratio=0.47x, spread_ratio=0.84x, close_pos=0.11. Candidate LPS: higher low=1085.50 vs prior Spring low=1068.60 (+1.6%), holding above range support=995.40, low volume 0.47x avg (threshold < 0.75x), spread 0.84x ATR, close pos=0.11",1639.36,43.6,20,False,"[HIGH_PRIORITY_CANDIDATE] Score: 72.5/100.0 | Mech Qual: PASS (Weekly WMA Up, ATR Contraction (0.97<1.0)) | VSA: Vol Ratio: 0.55x, Close Pos: 0.78 | Candidate Event: LPS (Bar vol_ratio=0.47x, spread_ratio=0.84x, close_pos=0.11. Candidate LPS: higher low=1085.50 vs prior Spring low=1068.60 (+1.6%), holding above range support=995.40, low volume 0.47x avg (threshold < 0.75x), spread 0.84x ATR, close pos=0.11) | P&F Target: ₹1639.36 (+43.6% upside)",https://www.tradingview.com/chart/?symbol=NSE%3AXPROINDIA&interval=D,https://www.tradingview.com/chart/?symbol=NSE%3AXPROINDIA&interval=W,https://www.tradingview.com/chart/?symbol=NSE%3AXPROINDIA&interval=75,pending,data/research_datasets/20260824,2026-08-24 10:05:13 UTC
VINCOFE,VINCOFE.NS,Vintage Coffee And Beverages Limited,2026-08-21,460,HIGH_PRIORITY_CANDIDATE,True,True,72.5,False,None,False,True,True,True,False,True,161.55,62.1,154.77,147.21,,,0.94,0.141,,3.05,2.54,0.65,False,False,False,False,LPS,2026-08-20,True,False,False,False,64,"Bar vol_ratio=0.68x, spread_ratio=0.56x, close_pos=0.41. Candidate LPS: higher low=151.40 vs prior Spring low=143.40 (+5.6%), holding above range support=143.40, low volume 0.68x avg (threshold < 0.75x), spread 0.56x ATR, close pos=0.41",278.75,72.5,42,False,"[HIGH_PRIORITY_CANDIDATE] Score: 72.5/100.0 | Mech Qual: PASS (Daily DMA(50/100) Up (154.8>147.2), RSI(14) Bullish (62.1), ATR Contraction (0.94<1.0)) | VSA: Vol Ratio: 3.05x, Close Pos: 0.65 | Candidate Event: LPS (Bar vol_ratio=0.68x, spread_ratio=0.56x, close_pos=0.41. Candidate LPS: higher low=151.40 vs prior Spring low=143.40 (+5.6%), holding above range support=143.40, low volume 0.68x avg (threshold < 0.75x), spread 0.56x ATR, close pos=0.41) | P&F Target: ₹278.75 (+72.5% upside)",https://www.tradingview.com/chart/?symbol=NSE%3AVINCOFE&interval=D,https://www.tradingview.com/chart/?symbol=NSE%3AVINCOFE&interval=W,https://www.tradingview.com/chart/?symbol=NSE%3AVINCOFE&interval=75,pending,data/research_datasets/20260824,2026-08-24 10:05:13 UTC
VERANDA,VERANDA.NS,Veranda Learning Solutions Limited,2026-08-21,901,HIGH_PRIORITY_CANDIDATE,True,True,72.5,False,None,True,True,True,False,True,True,259.25,59.3,241.34,221.25,,,1.13,0.176,,0.91,0.63,0.36,False,False,False,False,LPS,2026-08-18,True,False,False,False,131,"Bar vol_ratio=0.29x, spread_ratio=0.70x, close_pos=0.69. Candidate LPS: higher low=233.80 vs prior ST low=226.10 (+3.4%), holding above range support=213.22, low volume 0.29x avg (threshold < 0.75x), spread 0.70x ATR, close pos=0.69",648.0,150.0,68,False,"[HIGH_PRIORITY_CANDIDATE] Score: 72.5/100.0 | Mech Qual: PASS (Weekly WMA Up, Daily DMA(50/100) Up (241.3>221.2), RSI(14) Bullish (59.3), BBW Contraction) | VSA: Vol Ratio: 0.91x, Close Pos: 0.36 | Candidate Event: LPS (Bar vol_ratio=0.29x, spread_ratio=0.70x, close_pos=0.69. Candidate LPS: higher low=233.80 vs prior ST low=226.10 (+3.4%), holding above range support=213.22, low volume 0.29x avg (threshold < 0.75x), spread 0.70x ATR, close pos=0.69) | P&F Target: ₹648.00 (+150.0% upside)",https://www.tradingview.com/chart/?symbol=NSE%3AVERANDA&interval=D,https://www.tradingview.com/chart/?symbol=NSE%3AVERANDA&interval=W,https://www.tradingview.com/chart/?symbol=NSE%3AVERANDA&interval=75,pending,data/research_datasets/20260824,2026-08-24 10:05:13 UTC
VENUSPIPES,VENUSPIPES.NS,Venus Pipes & Tubes Limited,2026-08-21,900,HIGH_PRIORITY_CANDIDATE,True,True,72.5,False,None,True,False,False,True,True,True,1556.6,40.9,1660.65,1495.85,,,0.96,0.112,,1.43,0.92,0.31,False,False,False,False,LPS,2026-08-07,True,False,False,False,119,"Bar vol_ratio=0.50x, spread_ratio=0.71x, close_pos=0.45. Candidate LPS: higher low=1583.30 vs prior ST low=1580.00 (+0.2%), holding above range support=1336.90, low volume 0.50x avg (threshold < 0.75x), spread 0.71x ATR, close pos=0.45",2009.0,29.1,27,False,"[HIGH_PRIORITY_CANDIDATE] Score: 72.5/100.0 | Mech Qual: PASS (Weekly WMA Up, ATR Contraction (0.96<1.0), BBW Contraction) | VSA: Vol Ratio: 1.43x, Close Pos: 0.31 | Candidate Event: LPS (Bar vol_ratio=0.50x, spread_ratio=0.71x, close_pos=0.45. Candidate LPS: higher low=1583.30 vs prior ST low=1580.00 (+0.2%), holding above range support=1336.90, low volume 0.50x avg (threshold < 0.75x), spread 0.71x ATR, close pos=0.45) | P&F Target: ₹2009.00 (+29.1% upside)",https://www.tradingview.com/chart/?symbol=NSE%3AVENUSPIPES&interval=D,https://www.tradingview.com/chart/?symbol=NSE%3AVENUSPIPES&interval=W,https://www.tradingview.com/chart/?symbol=NSE%3AVENUSPIPES&interval=75,pending,data/research_datasets/20260824,2026-08-24 10:05:13 UTC
UNIMECH,UNIMECH.NS,Unimech Aerospace and Manufacturing Limited,2026-08-21,410,HIGH_PRIORITY_CANDIDATE,True,True,72.5,False,None,True,True,True,False,False,True,1491.4,67.8,1261.09,1114.33,,,1.16,0.359,,0.51,0.74,0.32,False,False,False,False,SOS,2026-08-14,False,True,False,False,58,"Bar vol_ratio=2.76x, spread_ratio=1.90x, close_pos=0.73. Candidate SOS: close=1522.60 broke above range resistance=1482.70 (+2.69%), strong close position=0.73 (threshold > 0.7), volume 2.76x avg (threshold >= 1.5x), spread 1.90x ATR",1947.9,30.6,27,False,"[HIGH_PRIORITY_CANDIDATE] Score: 72.5/100.0 | Mech Qual: PASS (Weekly WMA Up, Daily DMA(50/100) Up (1261.1>1114.3), RSI(14) Bullish (67.8)) | VSA: Vol Ratio: 0.51x, Close Pos: 0.32 | Candidate Event: SOS (Bar vol_ratio=2.76x, spread_ratio=1.90x, close_pos=0.73. Candidate SOS: close=1522.60 broke above range resistance=1482.70 (+2.69%), strong close position=0.73 (threshold > 0.7), volume 2.76x avg (threshold >= 1.5x), spread 1.90x ATR) | P&F Target: ₹1947.90 (+30.6% upside)",https://www.tradingview.com/chart/?symbol=NSE%3AUNIMECH&interval=D,https://www.tradingview.com/chart/?symbol=NSE%3AUNIMECH&interval=W,https://www.tradingview.com/chart/?symbol=NSE%3AUNIMECH&interval=75,pending,data/research_datasets/20260824,2026-08-24 10:05:13 UTC
TRITURBINE,TRITURBINE.NS,Triveni Turbine Limited,2026-08-21,901,HIGH_PRIORITY_CANDIDATE,True,True,72.5,False,None,True,False,False,True,False,True,574.85,38.0,631.84,613.71,,,0.98,0.139,,0.39,0.63,0.13,False,False,False,False,LPS,2026-08-17,True,False,False,False,113,"Bar vol_ratio=0.56x, spread_ratio=0.95x, close_pos=0.88. Candidate LPS: higher low=581.85 vs prior Spring low=579.00 (+0.5%), holding above range support=579.00, low volume 0.56x avg (threshold < 0.75x), spread 0.95x ATR, close pos=0.88",875.75,52.3,31,False,"[HIGH_PRIORITY_CANDIDATE] Score: 72.5/100.0 | Mech Qual: PASS (Weekly WMA Up, ATR Contraction (0.98<1.0)) | VSA: Vol Ratio: 0.39x, Close Pos: 0.13 | Candidate Event: LPS (Bar vol_ratio=0.56x, spread_ratio=0.95x, close_pos=0.88. Candidate LPS: higher low=581.85 vs prior Spring low=579.00 (+0.5%), holding above range support=579.00, low volume 0.56x avg (threshold < 0.75x), spread 0.95x ATR, close pos=0.88) | P&F Target: ₹875.75 (+52.3% upside)",https://www.tradingview.com/chart/?symbol=NSE%3ATRITURBINE&interval=D,https://www.tradingview.com/chart/?symbol=NSE%3ATRITURBINE&interval=W,https://www.tradingview.com/chart/?symbol=NSE%3ATRITURBINE&interval=75,pending,data/research_datasets/20260824,2026-08-24 10:05:13 UTC
SURYODAY,SURYODAY.NS,Suryoday Small Finance Bank Limited,2026-08-21,900,HIGH_PRIORITY_CANDIDATE,True,True,72.5,False,None,True,False,False,True,True,True,158.84,43.9,171.48,163.26,,,0.6,0.173,,0.26,1.07,0.82,False,False,False,False,LPS,2026-08-18,True,False,False,False,123,"Bar vol_ratio=0.04x, spread_ratio=0.35x, close_pos=0.27. Candidate LPS: higher low=151.15 vs prior Spring low=150.00 (+0.8%), holding above range support=150.00, low volume 0.04x avg (threshold < 0.75x), spread 0.35x ATR, close pos=0.27",314.44,98.0,48,False,"[HIGH_PRIORITY_CANDIDATE] Score: 72.5/100.0 | Mech Qual: PASS (Weekly WMA Up, ATR Contraction (0.60<1.0), BBW Contraction) | VSA: Vol Ratio: 0.26x, Close Pos: 0.82 | Candidate Event: LPS (Bar vol_ratio=0.04x, spread_ratio=0.35x, close_pos=0.27. Candidate LPS: higher low=151.15 vs prior Spring low=150.00 (+0.8%), holding above range support=150.00, low volume 0.04x avg (threshold < 0.75x), spread 0.35x ATR, close pos=0.27) | P&F Target: ₹314.44 (+98.0% upside)",https://www.tradingview.com/chart/?symbol=NSE%3ASURYODAY&interval=D,https://www.tradingview.com/chart/?symbol=NSE%3ASURYODAY&interval=W,https://www.tradingview.com/chart/?symbol=NSE%3ASURYODAY&interval=75,pending,data/research_datasets/20260824,2026-08-24 10:05:13 UTC
SUMICHEM,SUMICHEM.NS,Sumitomo Chemical India Limited,2026-08-21,901,HIGH_PRIORITY_CANDIDATE,True,True,72.5,False,None,True,True,False,True,True,True,534.65,51.0,503.74,477.83,,,0.99,0.155,,0.35,1.28,0.14,False,False,False,False,SOS,2026-08-10,False,True,False,False,137,"Bar vol_ratio=2.90x, spread_ratio=1.94x, close_pos=0.82. Candidate SOS: close=561.25 broke above range resistance=551.90 (+1.69%), strong close position=0.82 (threshold > 0.7), volume 2.90x avg (threshold >= 1.5x), spread 1.94x ATR",875.14,63.7,29,False,"[HIGH_PRIORITY_CANDIDATE] Score: 72.5/100.0 | Mech Qual: PASS (Weekly WMA Up, Daily DMA(50/100) Up (503.7>477.8), ATR Contraction (0.99<1.0), BBW Contraction) | VSA: Vol Ratio: 0.35x, Close Pos: 0.14 | Candidate Event: SOS (Bar vol_ratio=2.90x, spread_ratio=1.94x, close_pos=0.82. Candidate SOS: close=561.25 broke above range resistance=551.90 (+1.69%), strong close position=0.82 (threshold > 0.7), volume 2.90x avg (threshold >= 1.5x), spread 1.94x ATR) | P&F Target: ₹875.14 (+63.7% upside)",https://www.tradingview.com/chart/?symbol=NSE%3ASUMICHEM&interval=D,https://www.tradingview.com/chart/?symbol=NSE%3ASUMICHEM&interval=W,https://www.tradingview.com/chart/?symbol=NSE%3ASUMICHEM&interval=75,pending,data/research_datasets/20260824,2026-08-24 10:05:13 UTC
STEELXIND,STEELXIND.NS,STEEL EXCHANGE INDIA LIMITED,2026-08-21,901,HIGH_PRIORITY_CANDIDATE,True,True,72.5,False,None,True,False,False,True,True,True,10.6,35.9,11.82,11.1,,,0.97,0.119,,0.65,0.88,0.27,False,False,False,False,LPS,2026-08-21,True,False,False,False,105,"Bar vol_ratio=0.65x, spread_ratio=0.88x, close_pos=0.27. Candidate LPS: higher low=10.50 vs prior ST low=10.25 (+2.4%), holding above range support=10.06, low volume 0.65x avg (threshold < 0.75x), spread 0.88x ATR, close pos=0.27",42.85,304.2,43,False,"[HIGH_PRIORITY_CANDIDATE] Score: 72.5/100.0 | Mech Qual: PASS (Weekly WMA Up, ATR Contraction (0.97<1.0), BBW Contraction) | VSA: Vol Ratio: 0.65x, Close Pos: 0.27 | Candidate Event: LPS (Bar vol_ratio=0.65x, spread_ratio=0.88x, close_pos=0.27. Candidate LPS: higher low=10.50 vs prior ST low=10.25 (+2.4%), holding above range support=10.06, low volume 0.65x avg (threshold < 0.75x), spread 0.88x ATR, close pos=0.27) | P&F Target: ₹42.85 (+304.2% upside)",https://www.tradingview.com/chart/?symbol=NSE%3ASTEELXIND&interval=D,https://www.tradingview.com/chart/?symbol=NSE%3ASTEELXIND&interval=W,https://www.tradingview.com/chart/?symbol=NSE%3ASTEELXIND&interval=75,pending,data/research_datasets/20260824,2026-08-24 10:05:13 UTC
SOMANYCERA,SOMANYCERA.NS,Somany Ceramics Limited,2026-08-21,899,HIGH_PRIORITY_CANDIDATE,True,True,72.5,False,None,True,True,True,False,True,True,520.15,57.1,512.19,488.8,,,1.15,0.101,,0.62,0.83,0.69,False,False,False,False,LPS,2026-08-19,True,False,False,False,145,"Bar vol_ratio=0.64x, spread_ratio=0.59x, close_pos=0.17. Candidate LPS: higher low=507.30 vs prior ST low=506.20 (+0.2%), holding above range support=474.23, low volume 0.64x avg (threshold < 0.75x), spread 0.59x ATR, close pos=0.17",1214.25,133.4,47,False,"[HIGH_PRIORITY_CANDIDATE] Score: 72.5/100.0 | Mech Qual: PASS (Weekly WMA Up, Daily DMA(50/100) Up (512.2>488.8), RSI(14) Bullish (57.1), BBW Contraction) | VSA: Vol Ratio: 0.62x, Close Pos: 0.69 | Candidate Event: LPS (Bar vol_ratio=0.64x, spread_ratio=0.59x, close_pos=0.17. Candidate LPS: higher low=507.30 vs prior ST low=506.20 (+0.2%), holding above range support=474.23, low volume 0.64x avg (threshold < 0.75x), spread 0.59x ATR, close pos=0.17) | P&F Target: ₹1214.25 (+133.4% upside)",https://www.tradingview.com/chart/?symbol=NSE%3ASOMANYCERA&interval=D,https://www.tradingview.com/chart/?symbol=NSE%3ASOMANYCERA&interval=W,https://www.tradingview.com/chart/?symbol=NSE%3ASOMANYCERA&interval=75,pending,data/research_datasets/20260824,2026-08-24 10:05:13 UTC
SATIN,SATIN.NS,Satin Creditcare Network Limited,2026-08-21,900,HIGH_PRIORITY_CANDIDATE,True,True,72.5,False,None,True,False,False,True,False,True,224.16,39.1,243.24,220.79,,,0.68,0.221,,0.28,0.52,0.22,False,False,True,False,LPS,2026-08-07,True,False,False,False,117,"Bar vol_ratio=0.34x, spread_ratio=0.45x, close_pos=0.14. Candidate LPS: higher low=231.00 vs prior ST low=230.81 (+0.1%), holding above range support=213.16, low volume 0.34x avg (threshold < 0.75x), spread 0.45x ATR, close pos=0.14",483.78,115.8,42,False,"[HIGH_PRIORITY_CANDIDATE] Score: 72.5/100.0 | Mech Qual: PASS (Weekly WMA Up, ATR Contraction (0.68<1.0)) | VSA: Vol Ratio: 0.28x, Close Pos: 0.22, No Supply (Dry-up) | Candidate Event: LPS (Bar vol_ratio=0.34x, spread_ratio=0.45x, close_pos=0.14. Candidate LPS: higher low=231.00 vs prior ST low=230.81 (+0.1%), holding above range support=213.16, low volume 0.34x avg (threshold < 0.75x), spread 0.45x ATR, close pos=0.14) | P&F Target: ₹483.78 (+115.8% upside)",https://www.tradingview.com/chart/?symbol=NSE%3ASATIN&interval=D,https://www.tradingview.com/chart/?symbol=NSE%3ASATIN&interval=W,https://www.tradingview.com/chart/?symbol=NSE%3ASATIN&interval=75,pending,data/research_datasets/20260824,2026-08-24 10:05:13 UTC
SAMBHV,SAMBHV.NS,Sambhv Steel Tubes Limited,2026-08-21,285,HIGH_PRIORITY_CANDIDATE,True,True,72.5,False,None,True,True,True,False,False,True,129.35,62.5,116.88,115.05,,,1.15,0.132,,0.93,0.97,0.15,False,False,False,False,SOS,2026-08-20,False,True,False,False,30,"Bar vol_ratio=2.65x, spread_ratio=1.86x, close_pos=0.80. Candidate SOS: close=131.38 broke above range resistance=129.50 (+1.45%), strong close position=0.80 (threshold > 0.7), volume 2.65x avg (threshold >= 1.5x), spread 1.86x ATR",224.79,73.8,35,False,"[HIGH_PRIORITY_CANDIDATE] Score: 72.5/100.0 | Mech Qual: PASS (Weekly WMA Up, Daily DMA(50/100) Up (116.9>115.0), RSI(14) Bullish (62.5)) | VSA: Vol Ratio: 0.93x, Close Pos: 0.15 | Candidate Event: SOS (Bar vol_ratio=2.65x, spread_ratio=1.86x, close_pos=0.80. Candidate SOS: close=131.38 broke above range resistance=129.50 (+1.45%), strong close position=0.80 (threshold > 0.7), volume 2.65x avg (threshold >= 1.5x), spread 1.86x ATR) | P&F Target: ₹224.79 (+73.8% upside)",https://www.tradingview.com/chart/?symbol=NSE%3ASAMBHV&interval=D,https://www.tradingview.com/chart/?symbol=NSE%3ASAMBHV&interval=W,https://www.tradingview.com/chart/?symbol=NSE%3ASAMBHV&interval=75,pending,data/research_datasets/20260824,2026-08-24 10:05:13 UTC
RML,RML.NS,Rane (Madras) Limited,2026-08-21,901,HIGH_PRIORITY_CANDIDATE,True,True,72.5,False,None,True,False,False,True,True,True,1101.0,48.6,1123.73,977.41,,,0.96,0.145,,0.55,0.89,0.42,False,False,False,False,LPS,2026-08-13,True,False,False,False,117,"Bar vol_ratio=0.36x, spread_ratio=0.53x, close_pos=0.39. Candidate LPS: higher low=1108.00 vs prior ST low=1091.00 (+1.6%), holding above range support=869.96, low volume 0.36x avg (threshold < 0.75x), spread 0.53x ATR, close pos=0.39",1392.8,26.5,19,False,"[HIGH_PRIORITY_CANDIDATE] Score: 72.5/100.0 | Mech Qual: PASS (Weekly WMA Up, ATR Contraction (0.96<1.0), BBW Contraction) | VSA: Vol Ratio: 0.55x, Close Pos: 0.42 | Candidate Event: LPS (Bar vol_ratio=0.36x, spread_ratio=0.53x, close_pos=0.39. Candidate LPS: higher low=1108.00 vs prior ST low=1091.00 (+1.6%), holding above range support=869.96, low volume 0.36x avg (threshold < 0.75x), spread 0.53x ATR, close pos=0.39) | P&F Target: ₹1392.80 (+26.5% upside)",https://www.tradingview.com/chart/?symbol=NSE%3ARML&interval=D,https://www.tradingview.com/chart/?symbol=NSE%3ARML&interval=W,https://www.tradingview.com/chart/?symbol=NSE%3ARML&interval=75,pending,data/research_datasets/20260824,2026-08-24 10:05:13 UTC
PUNJABCHEM,PUNJABCHEM.NS,Punjab Chemicals & Crop Protection Limited,2026-08-21,898,HIGH_PRIORITY_CANDIDATE,True,True,72.5,False,None,False,True,True,True,True,True,1148.0,56.1,1103.66,1066.56,,,0.73,0.105,,0.17,0.69,0.27,False,False,False,False,LPS,2026-08-07,True,False,False,False,129,"Bar vol_ratio=0.18x, spread_ratio=0.41x, close_pos=0.50. Candidate LPS: higher low=1100.10 vs prior ST low=1100.00 (+0.0%), holding above range support=917.23, low volume 0.18x avg (threshold < 0.75x), spread 0.41x ATR, close pos=0.50",3571.1,211.1,82,False,"[HIGH_PRIORITY_CANDIDATE] Score: 72.5/100.0 | Mech Qual: PASS (Daily DMA(50/100) Up (1103.7>1066.6), RSI(14) Bullish (56.1), ATR Contraction (0.73<1.0), BBW Contraction) | VSA: Vol Ratio: 0.17x, Close Pos: 0.27 | Candidate Event: LPS (Bar vol_ratio=0.18x, spread_ratio=0.41x, close_pos=0.50. Candidate LPS: higher low=1100.10 vs prior ST low=1100.00 (+0.0%), holding above range support=917.23, low volume 0.18x avg (threshold < 0.75x), spread 0.41x ATR, close pos=0.50) | P&F Target: ₹3571.10 (+211.1% upside)",https://www.tradingview.com/chart/?symbol=NSE%3APUNJABCHEM&interval=D,https://www.tradingview.com/chart/?symbol=NSE%3APUNJABCHEM&interval=W,https://www.tradingview.com/chart/?symbol=NSE%3APUNJABCHEM&interval=75,pending,data/research_datasets/20260824,2026-08-24 10:05:13 UTC
PRINCEPIPE,PRINCEPIPE.NS,Prince Pipes And Fittings Limited,2026-08-21,900,HIGH_PRIORITY_CANDIDATE,True,True,72.5,False,None,True,True,True,False,False,True,283.3,59.1,274.38,266.33,,,1.1,0.126,,0.44,0.81,0.18,False,False,False,False,LPS,2026-08-11,True,False,False,False,134,"Bar vol_ratio=0.42x, spread_ratio=0.53x, close_pos=0.31. Candidate LPS: higher low=269.70 vs prior ST low=268.35 (+0.5%), holding above range support=251.50, low volume 0.42x avg (threshold < 0.75x), spread 0.53x ATR, close pos=0.31",616.05,117.5,23,False,"[HIGH_PRIORITY_CANDIDATE] Score: 72.5/100.0 | Mech Qual: PASS (Weekly WMA Up, Daily DMA(50/100) Up (274.4>266.3), RSI(14) Bullish (59.1)) | VSA: Vol Ratio: 0.44x, Close Pos: 0.18 | Candidate Event: LPS (Bar vol_ratio=0.42x, spread_ratio=0.53x, close_pos=0.31. Candidate LPS: higher low=269.70 vs prior ST low=268.35 (+0.5%), holding above range support=251.50, low volume 0.42x avg (threshold < 0.75x), spread 0.53x ATR, close pos=0.31) | P&F Target: ₹616.05 (+117.5% upside)",https://www.tradingview.com/chart/?symbol=NSE%3APRINCEPIPE&interval=D,https://www.tradingview.com/chart/?symbol=NSE%3APRINCEPIPE&interval=W,https://www.tradingview.com/chart/?symbol=NSE%3APRINCEPIPE&interval=75,pending,data/research_datasets/20260824,2026-08-24 10:05:13 UTC
POLYPLEX,POLYPLEX.NS,Polyplex Corporation Limited,2026-08-21,901,HIGH_PRIORITY_CANDIDATE,True,True,72.5,False,None,True,True,True,False,True,True,1194.1,61.2,1071.58,986.17,,,1.1,0.134,,0.53,0.9,0.68,False,False,False,False,LPS,2026-08-18,True,False,False,False,126,"Bar vol_ratio=0.59x, spread_ratio=1.03x, close_pos=0.10. Candidate LPS: higher low=1177.90 vs prior ST low=1160.00 (+1.5%), holding above range support=884.90, low volume 0.59x avg (threshold < 0.75x), spread 1.03x ATR, close pos=0.10",3282.0,174.9,35,False,"[HIGH_PRIORITY_CANDIDATE] Score: 72.5/100.0 | Mech Qual: PASS (Weekly WMA Up, Daily DMA(50/100) Up (1071.6>986.2), RSI(14) Bullish (61.2), BBW Contraction) | VSA: Vol Ratio: 0.53x, Close Pos: 0.68 | Candidate Event: LPS (Bar vol_ratio=0.59x, spread_ratio=1.03x, close_pos=0.10. Candidate LPS: higher low=1177.90 vs prior ST low=1160.00 (+1.5%), holding above range support=884.90, low volume 0.59x avg (threshold < 0.75x), spread 1.03x ATR, close pos=0.10) | P&F Target: ₹3282.00 (+174.9% upside)",https://www.tradingview.com/chart/?symbol=NSE%3APOLYPLEX&interval=D,https://www.tradingview.com/chart/?symbol=NSE%3APOLYPLEX&interval=W,https://www.tradingview.com/chart/?symbol=NSE%3APOLYPLEX&interval=75,pending,data/research_datasets/20260824,2026-08-24 10:05:13 UTC
OBEROIRLTY,OBEROIRLTY.NS,Oberoi Realty Limited,2026-08-21,900,HIGH_PRIORITY_CANDIDATE,True,True,72.5,False,None,True,True,True,False,False,True,1886.0,56.5,1822.09,1736.08,,,1.06,0.092,,0.69,0.73,0.07,False,False,False,False,LPS,2026-08-21,True,False,False,False,122,"Bar vol_ratio=0.69x, spread_ratio=0.73x, close_pos=0.07. Candidate LPS: higher low=1883.40 vs prior ST low=1866.30 (+0.9%), holding above range support=1589.38, low volume 0.69x avg (threshold < 0.75x), spread 0.73x ATR, close pos=0.07",2996.0,58.9,37,False,"[HIGH_PRIORITY_CANDIDATE] Score: 72.5/100.0 | Mech Qual: PASS (Weekly WMA Up, Daily DMA(50/100) Up (1822.1>1736.1), RSI(14) Bullish (56.5)) | VSA: Vol Ratio: 0.69x, Close Pos: 0.07 | Candidate Event: LPS (Bar vol_ratio=0.69x, spread_ratio=0.73x, close_pos=0.07. Candidate LPS: higher low=1883.40 vs prior ST low=1866.30 (+0.9%), holding above range support=1589.38, low volume 0.69x avg (threshold < 0.75x), spread 0.73x ATR, close pos=0.07) | P&F Target: ₹2996.00 (+58.9% upside)",https://www.tradingview.com/chart/?symbol=NSE%3AOBEROIRLTY&interval=D,https://www.tradingview.com/chart/?symbol=NSE%3AOBEROIRLTY&interval=W,https://www.tradingview.com/chart/?symbol=NSE%3AOBEROIRLTY&interval=75,pending,data/research_datasets/20260824,2026-08-24 10:05:13 UTC
MUTHOOTMF,MUTHOOTMF.NS,Muthoot Microfin Limited,2026-08-21,658,HIGH_PRIORITY_CANDIDATE,True,True,72.5,False,None,True,False,False,True,False,True,210.87,40.6,223.8,202.75,,,0.95,0.301,,0.35,0.62,0.13,False,False,False,False,LPS,2026-08-12,True,False,False,False,67,"Bar vol_ratio=0.54x, spread_ratio=0.83x, close_pos=0.08. Candidate LPS: higher low=212.21 vs prior ST low=211.90 (+0.1%), holding above range support=175.55, low volume 0.54x avg (threshold < 0.75x), spread 0.83x ATR, close pos=0.08",321.06,52.3,18,False,"[HIGH_PRIORITY_CANDIDATE] Score: 72.5/100.0 | Mech Qual: PASS (Weekly WMA Up, ATR Contraction (0.95<1.0)) | VSA: Vol Ratio: 0.35x, Close Pos: 0.13 | Candidate Event: LPS (Bar vol_ratio=0.54x, spread_ratio=0.83x, close_pos=0.08. Candidate LPS: higher low=212.21 vs prior ST low=211.90 (+0.1%), holding above range support=175.55, low volume 0.54x avg (threshold < 0.75x), spread 0.83x ATR, close pos=0.08) | P&F Target: ₹321.06 (+52.3% upside)",https://www.tradingview.com/chart/?symbol=NSE%3AMUTHOOTMF&interval=D,https://www.tradingview.com/chart/?symbol=NSE%3AMUTHOOTMF&interval=W,https://www.tradingview.com/chart/?symbol=NSE%3AMUTHOOTMF&interval=75,pending,data/research_datasets/20260824,2026-08-24 10:05:13 UTC
MARICO,MARICO.NS,Marico Limited,2026-08-21,901,HIGH_PRIORITY_CANDIDATE,True,True,72.5,False,None,True,True,False,True,True,True,849.25,47.5,845.27,820.52,,,0.97,0.054,,0.48,1.08,0.28,False,False,False,False,LPS,2026-08-11,True,False,False,False,100,"Bar vol_ratio=0.52x, spread_ratio=0.43x, close_pos=0.22. Candidate LPS: higher low=853.35 vs prior ST low=852.40 (+0.1%), holding above range support=791.23, low volume 0.52x avg (threshold < 0.75x), spread 0.43x ATR, close pos=0.22",1020.0,20.1,11,False,"[HIGH_PRIORITY_CANDIDATE] Score: 72.5/100.0 | Mech Qual: PASS (Weekly WMA Up, Daily DMA(50/100) Up (845.3>820.5), ATR Contraction (0.97<1.0), BBW Contraction) | VSA: Vol Ratio: 0.48x, Close Pos: 0.28 | Candidate Event: LPS (Bar vol_ratio=0.52x, spread_ratio=0.43x, close_pos=0.22. Candidate LPS: higher low=853.35 vs prior ST low=852.40 (+0.1%), holding above range support=791.23, low volume 0.52x avg (threshold < 0.75x), spread 0.43x ATR, close pos=0.22) | P&F Target: ₹1020.00 (+20.1% upside)",https://www.tradingview.com/chart/?symbol=NSE%3AMARICO&interval=D,https://www.tradingview.com/chart/?symbol=NSE%3AMARICO&interval=W,https://www.tradingview.com/chart/?symbol=NSE%3AMARICO&interval=75,pending,data/research_datasets/20260824,2026-08-24 10:05:13 UTC
LGEINDIA,LGEINDIA.NS,LG Electronics India Limited,2026-08-21,215,HIGH_PRIORITY_CANDIDATE,True,True,72.5,False,None,True,True,True,False,False,True,1623.3,55.2,1571.65,1549.91,,,1.22,0.152,,0.56,0.57,0.13,False,False,True,False,LPS,2026-08-20,True,False,False,False,26,"Bar vol_ratio=0.63x, spread_ratio=1.36x, close_pos=0.08. Candidate LPS: higher low=1628.00 vs prior ST low=1614.60 (+0.8%), holding above range support=1484.80, low volume 0.63x avg (threshold < 0.75x), spread 1.36x ATR, close pos=0.08",2532.8,56.0,15,False,"[HIGH_PRIORITY_CANDIDATE] Score: 72.5/100.0 | Mech Qual: PASS (Weekly WMA Up, Daily DMA(50/100) Up (1571.7>1549.9), RSI(14) Bullish (55.2)) | VSA: Vol Ratio: 0.56x, Close Pos: 0.13, No Supply (Dry-up) | Candidate Event: LPS (Bar vol_ratio=0.63x, spread_ratio=1.36x, close_pos=0.08. Candidate LPS: higher low=1628.00 vs prior ST low=1614.60 (+0.8%), holding above range support=1484.80, low volume 0.63x avg (threshold < 0.75x), spread 1.36x ATR, close pos=0.08) | P&F Target: ₹2532.80 (+56.0% upside)",https://www.tradingview.com/chart/?symbol=NSE%3ALGEINDIA&interval=D,https://www.tradingview.com/chart/?symbol=NSE%3ALGEINDIA&interval=W,https://www.tradingview.com/chart/?symbol=NSE%3ALGEINDIA&interval=75,pending,data/research_datasets/20260824,2026-08-24 10:05:13 UTC
KIMS,KIMS.NS,Krishna Institute of Medical Sciences Limited,2026-08-21,901,HIGH_PRIORITY_CANDIDATE,True,True,72.5,False,None,True,False,False,True,True,True,782.5,40.7,803.52,760.22,,,0.98,0.047,,0.5,1.0,0.38,False,False,False,False,LPS,2026-08-10,True,False,False,False,109,"Bar vol_ratio=0.72x, spread_ratio=0.95x, close_pos=0.84. Candidate LPS: higher low=804.10 vs prior ST low=801.00 (+0.4%), holding above range support=725.40, low volume 0.72x avg (threshold < 0.75x), spread 0.95x ATR, close pos=0.84",984.5,25.8,11,False,"[HIGH_PRIORITY_CANDIDATE] Score: 72.5/100.0 | Mech Qual: PASS (Weekly WMA Up, ATR Contraction (0.98<1.0), BBW Contraction) | VSA: Vol Ratio: 0.50x, Close Pos: 0.38 | Candidate Event: LPS (Bar vol_ratio=0.72x, spread_ratio=0.95x, close_pos=0.84. Candidate LPS: higher low=804.10 vs prior ST low=801.00 (+0.4%), holding above range support=725.40, low volume 0.72x avg (threshold < 0.75x), spread 0.95x ATR, close pos=0.84) | P&F Target: ₹984.50 (+25.8% upside)",https://www.tradingview.com/chart/?symbol=NSE%3AKIMS&interval=D,https://www.tradingview.com/chart/?symbol=NSE%3AKIMS&interval=W,https://www.tradingview.com/chart/?symbol=NSE%3AKIMS&interval=75,pending,data/research_datasets/20260824,2026-08-24 10:05:13 UTC
HARSHA,HARSHA.NS,Harsha Engineers International Limited,2026-08-21,900,HIGH_PRIORITY_CANDIDATE,True,True,72.5,False,None,True,True,True,False,False,True,437.6,61.0,419.68,405.04,,,1.14,0.13,,0.42,0.69,0.6,False,False,False,False,LPS,2026-08-14,True,False,False,False,97,"Bar vol_ratio=0.56x, spread_ratio=1.13x, close_pos=0.69. Candidate LPS: higher low=402.05 vs prior ST low=401.50 (+0.1%), holding above range support=389.45, low volume 0.56x avg (threshold < 0.75x), spread 1.13x ATR, close pos=0.69",1552.25,254.7,76,False,"[HIGH_PRIORITY_CANDIDATE] Score: 72.5/100.0 | Mech Qual: PASS (Weekly WMA Up, Daily DMA(50/100) Up (419.7>405.0), RSI(14) Bullish (61.0)) | VSA: Vol Ratio: 0.42x, Close Pos: 0.60 | Candidate Event: LPS (Bar vol_ratio=0.56x, spread_ratio=1.13x, close_pos=0.69. Candidate LPS: higher low=402.05 vs prior ST low=401.50 (+0.1%), holding above range support=389.45, low volume 0.56x avg (threshold < 0.75x), spread 1.13x ATR, close pos=0.69) | P&F Target: ₹1552.25 (+254.7% upside)",https://www.tradingview.com/chart/?symbol=NSE%3AHARSHA&interval=D,https://www.tradingview.com/chart/?symbol=NSE%3AHARSHA&interval=W,https://www.tradingview.com/chart/?symbol=NSE%3AHARSHA&interval=75,pending,data/research_datasets/20260824,2026-08-24 10:05:13 UTC
GRANULES,GRANULES.NS,Granules India Limited,2026-08-21,900,HIGH_PRIORITY_CANDIDATE,True,True,72.5,False,None,True,True,False,True,True,True,858.15,54.0,835.53,776.99,,,0.96,0.06,,0.66,0.85,0.69,False,False,False,False,LPS,2026-08-11,True,False,False,False,118,"Bar vol_ratio=0.40x, spread_ratio=0.77x, close_pos=0.40. Candidate LPS: higher low=852.50 vs prior ST low=839.40 (+1.6%), holding above range support=734.97, low volume 0.40x avg (threshold < 0.75x), spread 0.77x ATR, close pos=0.40",1101.0,28.3,16,False,"[HIGH_PRIORITY_CANDIDATE] Score: 72.5/100.0 | Mech Qual: PASS (Weekly WMA Up, Daily DMA(50/100) Up (835.5>777.0), ATR Contraction (0.96<1.0), BBW Contraction) | VSA: Vol Ratio: 0.66x, Close Pos: 0.69 | Candidate Event: LPS (Bar vol_ratio=0.40x, spread_ratio=0.77x, close_pos=0.40. Candidate LPS: higher low=852.50 vs prior ST low=839.40 (+1.6%), holding above range support=734.97, low volume 0.40x avg (threshold < 0.75x), spread 0.77x ATR, close pos=0.40) | P&F Target: ₹1101.00 (+28.3% upside)",https://www.tradingview.com/chart/?symbol=NSE%3AGRANULES&interval=D,https://www.tradingview.com/chart/?symbol=NSE%3AGRANULES&interval=W,https://www.tradingview.com/chart/?symbol=NSE%3AGRANULES&interval=75,pending,data/research_datasets/20260824,2026-08-24 10:05:13 UTC
GALAPREC,GALAPREC.NS,Gala Precision Engineering Limited,2026-08-21,487,HIGH_PRIORITY_CANDIDATE,True,True,72.5,False,None,True,False,False,True,False,True,1089.3,52.5,1107.03,965.32,,,0.94,0.194,,2.6,1.63,0.65,False,False,False,False,LPS,2026-08-17,True,False,False,False,87,"Bar vol_ratio=0.63x, spread_ratio=0.55x, close_pos=0.66. Candidate LPS: higher low=999.10 vs prior ST low=998.10 (+0.1%), holding above range support=870.05, low volume 0.63x avg (threshold < 0.75x), spread 0.55x ATR, close pos=0.66",1918.0,76.1,30,False,"[HIGH_PRIORITY_CANDIDATE] Score: 72.5/100.0 | Mech Qual: PASS (Weekly WMA Up, ATR Contraction (0.94<1.0)) | VSA: Vol Ratio: 2.60x, Close Pos: 0.65 | Candidate Event: LPS (Bar vol_ratio=0.63x, spread_ratio=0.55x, close_pos=0.66. Candidate LPS: higher low=999.10 vs prior ST low=998.10 (+0.1%), holding above range support=870.05, low volume 0.63x avg (threshold < 0.75x), spread 0.55x ATR, close pos=0.66) | P&F Target: ₹1918.00 (+76.1% upside)",https://www.tradingview.com/chart/?symbol=NSE%3AGALAPREC&interval=D,https://www.tradingview.com/chart/?symbol=NSE%3AGALAPREC&interval=W,https://www.tradingview.com/chart/?symbol=NSE%3AGALAPREC&interval=75,pending,data/research_datasets/20260824,2026-08-24 10:05:13 UTC
FINCABLES,FINCABLES.NS,Finolex Cables Limited,2026-08-21,901,HIGH_PRIORITY_CANDIDATE,True,True,72.5,False,None,True,True,True,False,False,True,1260.5,64.8,1099.68,1050.89,,,1.42,0.499,,0.28,0.82,0.13,False,False,False,False,SOS,2026-08-11,False,True,False,False,105,"Bar vol_ratio=13.14x, spread_ratio=4.73x, close_pos=0.90. Candidate SOS: close=1207.85 broke above range resistance=1203.90 (+0.33%), strong close position=0.90 (threshold > 0.7), volume 13.14x avg (threshold >= 1.5x), spread 4.73x ATR",1813.1,43.8,53,False,"[HIGH_PRIORITY_CANDIDATE] Score: 72.5/100.0 | Mech Qual: PASS (Weekly WMA Up, Daily DMA(50/100) Up (1099.7>1050.9), RSI(14) Bullish (64.8)) | VSA: Vol Ratio: 0.28x, Close Pos: 0.13 | Candidate Event: SOS (Bar vol_ratio=13.14x, spread_ratio=4.73x, close_pos=0.90. Candidate SOS: close=1207.85 broke above range resistance=1203.90 (+0.33%), strong close position=0.90 (threshold > 0.7), volume 13.14x avg (threshold >= 1.5x), spread 4.73x ATR) | P&F Target: ₹1813.10 (+43.8% upside)",https://www.tradingview.com/chart/?symbol=NSE%3AFINCABLES&interval=D,https://www.tradingview.com/chart/?symbol=NSE%3AFINCABLES&interval=W,https://www.tradingview.com/chart/?symbol=NSE%3AFINCABLES&interval=75,pending,data/research_datasets/20260824,2026-08-24 10:05:13 UTC
FCL,FCL.NS,Fineotex Chemical Limited,2026-08-21,901,HIGH_PRIORITY_CANDIDATE,True,True,72.5,False,None,True,True,True,False,False,True,47.43,68.5,40.64,35.1,,,1.08,0.231,,2.73,1.87,0.89,False,False,False,False,SOS,2026-08-21,False,True,False,False,102,"Bar vol_ratio=2.73x, spread_ratio=1.87x, close_pos=0.89. Candidate SOS: close=47.43 broke above range resistance=47.18 (+0.53%), strong close position=0.89 (threshold > 0.7), volume 2.73x avg (threshold >= 1.5x), spread 1.87x ATR",57.24,20.7,19,False,"[HIGH_PRIORITY_CANDIDATE] Score: 72.5/100.0 | Mech Qual: PASS (Weekly WMA Up, Daily DMA(50/100) Up (40.6>35.1), RSI(14) Bullish (68.5)) | VSA: Vol Ratio: 2.73x, Close Pos: 0.89 | Candidate Event: SOS (Bar vol_ratio=2.73x, spread_ratio=1.87x, close_pos=0.89. Candidate SOS: close=47.43 broke above range resistance=47.18 (+0.53%), strong close position=0.89 (threshold > 0.7), volume 2.73x avg (threshold >= 1.5x), spread 1.87x ATR) | P&F Target: ₹57.24 (+20.7% upside)",https://www.tradingview.com/chart/?symbol=NSE%3AFCL&interval=D,https://www.tradingview.com/chart/?symbol=NSE%3AFCL&interval=W,https://www.tradingview.com/chart/?symbol=NSE%3AFCL&interval=75,pending,data/research_datasets/20260824,2026-08-24 10:05:13 UTC
EXICOM,EXICOM.NS,Exicom Tele-Systems Limited,2026-08-21,612,HIGH_PRIORITY_CANDIDATE,True,True,72.5,False,None,True,False,False,True,False,True,159.87,51.9,162.53,143.43,,,0.92,0.182,,0.75,0.78,0.63,False,False,False,False,LPS,2026-08-20,True,False,False,False,92,"Bar vol_ratio=0.74x, spread_ratio=0.79x, close_pos=0.16. Candidate LPS: higher low=156.01 vs prior ST low=148.51 (+5.1%), holding above range support=134.55, low volume 0.74x avg (threshold < 0.75x), spread 0.79x ATR, close pos=0.16",373.03,133.3,36,False,"[HIGH_PRIORITY_CANDIDATE] Score: 72.5/100.0 | Mech Qual: PASS (Weekly WMA Up, ATR Contraction (0.92<1.0)) | VSA: Vol Ratio: 0.75x, Close Pos: 0.63 | Candidate Event: LPS (Bar vol_ratio=0.74x, spread_ratio=0.79x, close_pos=0.16. Candidate LPS: higher low=156.01 vs prior ST low=148.51 (+5.1%), holding above range support=134.55, low volume 0.74x avg (threshold < 0.75x), spread 0.79x ATR, close pos=0.16) | P&F Target: ₹373.03 (+133.3% upside)",https://www.tradingview.com/chart/?symbol=NSE%3AEXICOM&interval=D,https://www.tradingview.com/chart/?symbol=NSE%3AEXICOM&interval=W,https://www.tradingview.com/chart/?symbol=NSE%3AEXICOM&interval=75,pending,data/research_datasets/20260824,2026-08-24 10:05:13 UTC
EXCELINDUS,EXCELINDUS.NS,Excel Industries Limited,2026-08-21,899,HIGH_PRIORITY_CANDIDATE,True,True,72.5,False,None,True,True,True,False,True,True,1089.0,62.3,959.38,953.11,,,1.5,0.164,,0.36,1.23,0.29,False,False,False,False,LPS,2026-08-21,True,False,False,False,149,"Bar vol_ratio=0.36x, spread_ratio=1.23x, close_pos=0.29. Candidate LPS: higher low=1073.85 vs prior ST low=981.05 (+9.5%), holding above range support=876.00, low volume 0.36x avg (threshold < 0.75x), spread 1.23x ATR, close pos=0.29",1689.0,55.1,20,False,"[HIGH_PRIORITY_CANDIDATE] Score: 72.5/100.0 | Mech Qual: PASS (Weekly WMA Up, Daily DMA(50/100) Up (959.4>953.1), RSI(14) Bullish (62.3), BBW Contraction) | VSA: Vol Ratio: 0.36x, Close Pos: 0.29 | Candidate Event: LPS (Bar vol_ratio=0.36x, spread_ratio=1.23x, close_pos=0.29. Candidate LPS: higher low=1073.85 vs prior ST low=981.05 (+9.5%), holding above range support=876.00, low volume 0.36x avg (threshold < 0.75x), spread 1.23x ATR, close pos=0.29) | P&F Target: ₹1689.00 (+55.1% upside)",https://www.tradingview.com/chart/?symbol=NSE%3AEXCELINDUS&interval=D,https://www.tradingview.com/chart/?symbol=NSE%3AEXCELINDUS&interval=W,https://www.tradingview.com/chart/?symbol=NSE%3AEXCELINDUS&interval=75,pending,data/research_datasets/20260824,2026-08-24 10:05:13 UTC
EVEREADY,EVEREADY.NS,Eveready Industries India Limited,2026-08-21,900,HIGH_PRIORITY_CANDIDATE,True,True,72.5,False,None,True,False,False,True,True,True,348.95,46.7,354.44,334.95,,,0.81,0.063,,0.7,0.92,0.3,False,False,False,False,LPS,2026-08-14,True,False,False,False,131,"Bar vol_ratio=0.33x, spread_ratio=0.92x, close_pos=0.47. Candidate LPS: higher low=351.55 vs prior ST low=351.30 (+0.1%), holding above range support=315.22, low volume 0.33x avg (threshold < 0.75x), spread 0.92x ATR, close pos=0.47",986.5,182.7,42,False,"[HIGH_PRIORITY_CANDIDATE] Score: 72.5/100.0 | Mech Qual: PASS (Weekly WMA Up, ATR Contraction (0.81<1.0), BBW Contraction) | VSA: Vol Ratio: 0.70x, Close Pos: 0.30 | Candidate Event: LPS (Bar vol_ratio=0.33x, spread_ratio=0.92x, close_pos=0.47. Candidate LPS: higher low=351.55 vs prior ST low=351.30 (+0.1%), holding above range support=315.22, low volume 0.33x avg (threshold < 0.75x), spread 0.92x ATR, close pos=0.47) | P&F Target: ₹986.50 (+182.7% upside)",https://www.tradingview.com/chart/?symbol=NSE%3AEVEREADY&interval=D,https://www.tradingview.com/chart/?symbol=NSE%3AEVEREADY&interval=W,https://www.tradingview.com/chart/?symbol=NSE%3AEVEREADY&interval=75,pending,data/research_datasets/20260824,2026-08-24 10:05:13 UTC
ENTERO,ENTERO.NS,Entero Healthcare Solutions Limited,2026-08-21,623,HIGH_PRIORITY_CANDIDATE,True,True,72.5,False,None,True,True,True,False,False,True,1423.6,66.9,1237.97,1224.68,,,1.35,0.258,,0.53,0.63,0.82,False,False,False,False,SOS,2026-08-11,False,True,False,False,83,"Bar vol_ratio=3.48x, spread_ratio=1.97x, close_pos=0.89. Candidate SOS: close=1427.20 broke above range resistance=1426.30 (+0.06%), strong close position=0.89 (threshold > 0.7), volume 3.48x avg (threshold >= 1.5x), spread 1.97x ATR",3160.4,122.0,66,False,"[HIGH_PRIORITY_CANDIDATE] Score: 72.5/100.0 | Mech Qual: PASS (Weekly WMA Up, Daily DMA(50/100) Up (1238.0>1224.7), RSI(14) Bullish (66.9)) | VSA: Vol Ratio: 0.53x, Close Pos: 0.82 | Candidate Event: SOS (Bar vol_ratio=3.48x, spread_ratio=1.97x, close_pos=0.89. Candidate SOS: close=1427.20 broke above range resistance=1426.30 (+0.06%), strong close position=0.89 (threshold > 0.7), volume 3.48x avg (threshold >= 1.5x), spread 1.97x ATR) | P&F Target: ₹3160.40 (+122.0% upside)",https://www.tradingview.com/chart/?symbol=NSE%3AENTERO&interval=D,https://www.tradingview.com/chart/?symbol=NSE%3AENTERO&interval=W,https://www.tradingview.com/chart/?symbol=NSE%3AENTERO&interval=75,pending,data/research_datasets/20260824,2026-08-24 10:05:13 UTC
ELGIEQUIP,ELGIEQUIP.NS,Elgi Equipments Limited,2026-08-21,901,HIGH_PRIORITY_CANDIDATE,True,True,72.5,False,None,True,True,True,False,False,True,634.35,65.7,591.94,571.23,,,1.09,0.154,,0.95,1.13,0.65,False,False,False,False,SOS,2026-08-19,False,True,False,False,110,"Bar vol_ratio=2.47x, spread_ratio=1.93x, close_pos=0.90. Candidate SOS: close=637.80 broke above range resistance=628.00 (+1.56%), strong close position=0.90 (threshold > 0.7), volume 2.47x avg (threshold >= 1.5x), spread 1.93x ATR",1357.47,114.0,50,False,"[HIGH_PRIORITY_CANDIDATE] Score: 72.5/100.0 | Mech Qual: PASS (Weekly WMA Up, Daily DMA(50/100) Up (591.9>571.2), RSI(14) Bullish (65.7)) | VSA: Vol Ratio: 0.95x, Close Pos: 0.65 | Candidate Event: SOS (Bar vol_ratio=2.47x, spread_ratio=1.93x, close_pos=0.90. Candidate SOS: close=637.80 broke above range resistance=628.00 (+1.56%), strong close position=0.90 (threshold > 0.7), volume 2.47x avg (threshold >= 1.5x), spread 1.93x ATR) | P&F Target: ₹1357.47 (+114.0% upside)",https://www.tradingview.com/chart/?symbol=NSE%3AELGIEQUIP&interval=D,https://www.tradingview.com/chart/?symbol=NSE%3AELGIEQUIP&interval=W,https://www.tradingview.com/chart/?symbol=NSE%3AELGIEQUIP&interval=75,pending,data/research_datasets/20260824,2026-08-24 10:05:13 UTC
CLSEL,CLSEL.NS,Chaman Lal Setia Exports Limited,2026-08-21,899,HIGH_PRIORITY_CANDIDATE,True,True,72.5,False,None,True,True,True,False,True,True,288.35,56.1,285.12,279.43,,,1.06,0.081,,3.05,1.6,0.59,False,False,False,False,LPS,2026-08-13,True,False,False,False,123,"Bar vol_ratio=0.34x, spread_ratio=0.45x, close_pos=0.20. Candidate LPS: higher low=280.30 vs prior ST low=274.55 (+2.1%), holding above range support=259.05, low volume 0.34x avg (threshold < 0.75x), spread 0.45x ATR, close pos=0.20",476.25,65.2,65,False,"[HIGH_PRIORITY_CANDIDATE] Score: 72.5/100.0 | Mech Qual: PASS (Weekly WMA Up, Daily DMA(50/100) Up (285.1>279.4), RSI(14) Bullish (56.1), BBW Contraction) | VSA: Vol Ratio: 3.05x, Close Pos: 0.59 | Candidate Event: LPS (Bar vol_ratio=0.34x, spread_ratio=0.45x, close_pos=0.20. Candidate LPS: higher low=280.30 vs prior ST low=274.55 (+2.1%), holding above range support=259.05, low volume 0.34x avg (threshold < 0.75x), spread 0.45x ATR, close pos=0.20) | P&F Target: ₹476.25 (+65.2% upside)",https://www.tradingview.com/chart/?symbol=NSE%3ACLSEL&interval=D,https://www.tradingview.com/chart/?symbol=NSE%3ACLSEL&interval=W,https://www.tradingview.com/chart/?symbol=NSE%3ACLSEL&interval=75,pending,data/research_datasets/20260824,2026-08-24 10:05:13 UTC
AURUM,AURUM.NS,Aurum PropTech Limited,2026-08-21,901,HIGH_PRIORITY_CANDIDATE,True,True,72.5,False,None,True,True,False,True,True,True,227.82,53.4,222.72,200.83,,,0.92,0.084,,0.34,0.61,0.28,False,False,False,False,LPS,2026-08-10,True,False,False,False,127,"Bar vol_ratio=0.59x, spread_ratio=0.73x, close_pos=0.81. Candidate LPS: higher low=224.11 vs prior ST low=223.64 (+0.2%), holding above range support=175.01, low volume 0.59x avg (threshold < 0.75x), spread 0.73x ATR, close pos=0.81",315.27,38.4,28,False,"[HIGH_PRIORITY_CANDIDATE] Score: 72.5/100.0 | Mech Qual: PASS (Weekly WMA Up, Daily DMA(50/100) Up (222.7>200.8), ATR Contraction (0.92<1.0), BBW Contraction) | VSA: Vol Ratio: 0.34x, Close Pos: 0.28 | Candidate Event: LPS (Bar vol_ratio=0.59x, spread_ratio=0.73x, close_pos=0.81. Candidate LPS: higher low=224.11 vs prior ST low=223.64 (+0.2%), holding above range support=175.01, low volume 0.59x avg (threshold < 0.75x), spread 0.73x ATR, close pos=0.81) | P&F Target: ₹315.27 (+38.4% upside)",https://www.tradingview.com/chart/?symbol=NSE%3AAURUM&interval=D,https://www.tradingview.com/chart/?symbol=NSE%3AAURUM&interval=W,https://www.tradingview.com/chart/?symbol=NSE%3AAURUM&interval=75,pending,data/research_datasets/20260824,2026-08-24 10:05:13 UTC
ANTHEM,ANTHEM.NS,Anthem Biosciences Limited,2026-08-21,273,HIGH_PRIORITY_CANDIDATE,True,True,72.5,False,None,True,True,True,False,False,True,871.45,62.5,799.29,776.81,,,1.1,0.185,,1.25,1.06,0.1,False,False,False,False,SOS,2026-08-11,False,True,False,False,38,"Bar vol_ratio=1.60x, spread_ratio=1.80x, close_pos=0.83. Candidate SOS: close=891.65 broke above range resistance=865.90 (+2.97%), strong close position=0.83 (threshold > 0.7), volume 1.60x avg (threshold >= 1.5x), spread 1.80x ATR",1227.85,40.9,30,False,"[HIGH_PRIORITY_CANDIDATE] Score: 72.5/100.0 | Mech Qual: PASS (Weekly WMA Up, Daily DMA(50/100) Up (799.3>776.8), RSI(14) Bullish (62.5)) | VSA: Vol Ratio: 1.25x, Close Pos: 0.10 | Candidate Event: SOS (Bar vol_ratio=1.60x, spread_ratio=1.80x, close_pos=0.83. Candidate SOS: close=891.65 broke above range resistance=865.90 (+2.97%), strong close position=0.83 (threshold > 0.7), volume 1.60x avg (threshold >= 1.5x), spread 1.80x ATR) | P&F Target: ₹1227.85 (+40.9% upside)",https://www.tradingview.com/chart/?symbol=NSE%3AANTHEM&interval=D,https://www.tradingview.com/chart/?symbol=NSE%3AANTHEM&interval=W,https://www.tradingview.com/chart/?symbol=NSE%3AANTHEM&interval=75,pending,data/research_datasets/20260824,2026-08-24 10:05:13 UTC
ADOR,ADOR.NS,Ador Welding Limited,2026-08-21,901,HIGH_PRIORITY_CANDIDATE,True,True,72.5,False,None,True,True,True,False,True,True,1617.6,64.3,1381.03,1205.65,,,1.07,0.164,,0.9,1.28,0.06,False,False,False,False,SOS,2026-08-20,False,True,False,False,125,"Bar vol_ratio=2.50x, spread_ratio=1.28x, close_pos=0.79. Candidate SOS: close=1684.00 broke above range resistance=1650.00 (+2.06%), strong close position=0.79 (threshold > 0.7), volume 2.50x avg (threshold >= 1.5x), spread 1.28x ATR",2123.0,31.2,20,False,"[HIGH_PRIORITY_CANDIDATE] Score: 72.5/100.0 | Mech Qual: PASS (Weekly WMA Up, Daily DMA(50/100) Up (1381.0>1205.7), RSI(14) Bullish (64.3), BBW Contraction) | VSA: Vol Ratio: 0.90x, Close Pos: 0.06 | Candidate Event: SOS (Bar vol_ratio=2.50x, spread_ratio=1.28x, close_pos=0.79. Candidate SOS: close=1684.00 broke above range resistance=1650.00 (+2.06%), strong close position=0.79 (threshold > 0.7), volume 2.50x avg (threshold >= 1.5x), spread 1.28x ATR) | P&F Target: ₹2123.00 (+31.2% upside)",https://www.tradingview.com/chart/?symbol=NSE%3AADOR&interval=D,https://www.tradingview.com/chart/?symbol=NSE%3AADOR&interval=W,https://www.tradingview.com/chart/?symbol=NSE%3AADOR&interval=75,pending,data/research_datasets/20260824,2026-08-24 10:05:13 UTC
20MICRONS,20MICRONS.NS,20 Microns Limited,2026-08-21,900,HIGH_PRIORITY_CANDIDATE,True,True,72.5,False,None,False,True,True,True,True,True,204.19,60.9,196.91,186.39,,,0.72,0.132,,0.75,0.76,0.28,False,False,False,False,LPS,2026-08-18,True,False,False,False,118,"Bar vol_ratio=0.40x, spread_ratio=0.45x, close_pos=0.61. Candidate LPS: higher low=195.20 vs prior ST low=194.61 (+0.3%), holding above range support=176.91, low volume 0.40x avg (threshold < 0.75x), spread 0.45x ATR, close pos=0.61",329.16,61.2,44,False,"[HIGH_PRIORITY_CANDIDATE] Score: 72.5/100.0 | Mech Qual: PASS (Daily DMA(50/100) Up (196.9>186.4), RSI(14) Bullish (60.9), ATR Contraction (0.72<1.0), BBW Contraction) | VSA: Vol Ratio: 0.75x, Close Pos: 0.28 | Candidate Event: LPS (Bar vol_ratio=0.40x, spread_ratio=0.45x, close_pos=0.61. Candidate LPS: higher low=195.20 vs prior ST low=194.61 (+0.3%), holding above range support=176.91, low volume 0.40x avg (threshold < 0.75x), spread 0.45x ATR, close pos=0.61) | P&F Target: ₹329.16 (+61.2% upside)",https://www.tradingview.com/chart/?symbol=NSE%3A20MICRONS&interval=D,https://www.tradingview.com/chart/?symbol=NSE%3A20MICRONS&interval=W,https://www.tradingview.com/chart/?symbol=NSE%3A20MICRONS&interval=75,pending,data/research_datasets/20260824,2026-08-24 10:05:13 UTC
WHEELS,WHEELS.NS,Wheels India Limited,2026-08-21,901,HIGH_PRIORITY_CANDIDATE,True,True,70.0,False,None,True,True,True,True,False,True,1512.8,59.2,1494.23,1402.27,,,0.77,0.113,,1.48,1.13,0.78,False,False,False,False,LPS,2026-08-17,True,False,False,False,144,"Bar vol_ratio=0.59x, spread_ratio=0.89x, close_pos=0.18. Candidate LPS: higher low=1408.20 vs prior Spring low=1342.00 (+4.9%), holding above range support=1342.00, low volume 0.59x avg (threshold < 0.75x), spread 0.89x ATR, close pos=0.18",1176.72,-22.2,10,True,"[HIGH_PRIORITY_CANDIDATE] Score: 70.0/100.0 | Mech Qual: PASS (Weekly WMA Up, Daily DMA(50/100) Up (1494.2>1402.3), RSI(14) Bullish (59.2), ATR Contraction (0.77<1.0)) | VSA: Vol Ratio: 1.48x, Close Pos: 0.78 | Candidate Event: LPS (Bar vol_ratio=0.59x, spread_ratio=0.89x, close_pos=0.18. Candidate LPS: higher low=1408.20 vs prior Spring low=1342.00 (+4.9%), holding above range support=1342.00, low volume 0.59x avg (threshold < 0.75x), spread 0.89x ATR, close pos=0.18) | P&F Target: ₹1176.72 (+-22.2% upside)",https://www.tradingview.com/chart/?symbol=NSE%3AWHEELS&interval=D,https://www.tradingview.com/chart/?symbol=NSE%3AWHEELS&interval=W,https://www.tradingview.com/chart/?symbol=NSE%3AWHEELS&interval=75,pending,data/research_datasets/20260824,2026-08-24 10:05:13 UTC
PREMIERPOL,PREMIERPOL.NS,Premier Polyfilm Limited,2026-08-21,900,HIGH_PRIORITY_CANDIDATE,True,True,70.0,False,None,True,True,True,True,False,True,86.97,65.8,70.42,62.96,,,0.98,0.353,,0.35,0.92,0.18,False,False,False,False,SOS,2026-08-19,False,True,False,False,134,"Bar vol_ratio=5.66x, spread_ratio=1.87x, close_pos=0.72. Candidate SOS: close=91.61 broke above range resistance=88.00 (+4.10%), strong close position=0.72 (threshold > 0.7), volume 5.66x avg (threshold >= 1.5x), spread 1.87x ATR",84.55,-2.8,7,False,"[HIGH_PRIORITY_CANDIDATE] Score: 70.0/100.0 | Mech Qual: PASS (Weekly WMA Up, Daily DMA(50/100) Up (70.4>63.0), RSI(14) Bullish (65.8), ATR Contraction (0.98<1.0)) | VSA: Vol Ratio: 0.35x, Close Pos: 0.18 | Candidate Event: SOS (Bar vol_ratio=5.66x, spread_ratio=1.87x, close_pos=0.72. Candidate SOS: close=91.61 broke above range resistance=88.00 (+4.10%), strong close position=0.72 (threshold > 0.7), volume 5.66x avg (threshold >= 1.5x), spread 1.87x ATR) | P&F Target: ₹84.55 (+-2.8% upside)",https://www.tradingview.com/chart/?symbol=NSE%3APREMIERPOL&interval=D,https://www.tradingview.com/chart/?symbol=NSE%3APREMIERPOL&interval=W,https://www.tradingview.com/chart/?symbol=NSE%3APREMIERPOL&interval=75,pending,data/research_datasets/20260824,2026-08-24 10:05:13 UTC
MEESHO,MEESHO.NS,Meesho Limited,2026-08-21,176,HIGH_PRIORITY_CANDIDATE,True,True,70.0,False,None,False,True,True,True,False,True,205.69,66.0,187.41,183.14,,,0.84,0.155,,1.19,1.03,0.2,False,False,False,False,SOS,2026-08-20,False,True,False,False,24,"Bar vol_ratio=2.80x, spread_ratio=2.15x, close_pos=0.97. Candidate SOS: close=209.51 broke above range resistance=200.00 (+4.75%), strong close position=0.97 (threshold > 0.7), volume 2.80x avg (threshold >= 1.5x), spread 2.15x ATR",280.32,36.3,14,True,"[HIGH_PRIORITY_CANDIDATE] Score: 70.0/100.0 | Mech Qual: PASS (Daily DMA(50/100) Up (187.4>183.1), RSI(14) Bullish (66.0), ATR Contraction (0.84<1.0)) | VSA: Vol Ratio: 1.19x, Close Pos: 0.20 | Candidate Event: SOS (Bar vol_ratio=2.80x, spread_ratio=2.15x, close_pos=0.97. Candidate SOS: close=209.51 broke above range resistance=200.00 (+4.75%), strong close position=0.97 (threshold > 0.7), volume 2.80x avg (threshold >= 1.5x), spread 2.15x ATR) | P&F Target: ₹280.32 (+36.3% upside)",https://www.tradingview.com/chart/?symbol=NSE%3AMEESHO&interval=D,https://www.tradingview.com/chart/?symbol=NSE%3AMEESHO&interval=W,https://www.tradingview.com/chart/?symbol=NSE%3AMEESHO&interval=75,pending,data/research_datasets/20260824,2026-08-24 10:05:13 UTC
JBMA,JBMA.NS,JBM Auto Limited,2026-08-21,901,HIGH_PRIORITY_CANDIDATE,True,True,70.0,False,None,True,True,True,True,False,True,673.95,59.2,672.02,652.96,,,0.87,0.123,,15.09,2.37,0.73,False,False,False,False,LPS,2026-08-20,True,False,False,False,146,"Bar vol_ratio=0.73x, spread_ratio=0.75x, close_pos=0.30. Candidate LPS: higher low=620.00 vs prior Spring low=618.40 (+0.3%), holding above range support=614.10, low volume 0.73x avg (threshold < 0.75x), spread 0.75x ATR, close pos=0.30",1096.8,62.7,76,True,"[HIGH_PRIORITY_CANDIDATE] Score: 70.0/100.0 | Mech Qual: PASS (Weekly WMA Up, Daily DMA(50/100) Up (672.0>653.0), RSI(14) Bullish (59.2), ATR Contraction (0.87<1.0)) | VSA: Vol Ratio: 15.09x, Close Pos: 0.73 | Candidate Event: LPS (Bar vol_ratio=0.73x, spread_ratio=0.75x, close_pos=0.30. Candidate LPS: higher low=620.00 vs prior Spring low=618.40 (+0.3%), holding above range support=614.10, low volume 0.73x avg (threshold < 0.75x), spread 0.75x ATR, close pos=0.30) | P&F Target: ₹1096.80 (+62.7% upside)",https://www.tradingview.com/chart/?symbol=NSE%3AJBMA&interval=D,https://www.tradingview.com/chart/?symbol=NSE%3AJBMA&interval=W,https://www.tradingview.com/chart/?symbol=NSE%3AJBMA&interval=75,pending,data/research_datasets/20260824,2026-08-24 10:05:13 UTC
VIYASH,VIYASH.NS,Viyash Scientific Limited,2026-08-21,901,HIGH_PRIORITY_CANDIDATE,True,True,68.5,False,None,True,True,True,False,True,True,275.95,57.0,267.29,246.57,,,1.1,0.128,,2.38,1.17,0.78,False,False,False,False,LPS,2026-08-20,True,False,False,False,119,"Bar vol_ratio=0.63x, spread_ratio=0.67x, close_pos=0.10. Candidate LPS: higher low=265.10 vs prior ST low=253.50 (+4.6%), holding above range support=242.85, low volume 0.63x avg (threshold < 0.75x), spread 0.67x ATR, close pos=0.10",313.85,13.7,16,False,"[HIGH_PRIORITY_CANDIDATE] Score: 68.5/100.0 | Mech Qual: PASS (Weekly WMA Up, Daily DMA(50/100) Up (267.3>246.6), RSI(14) Bullish (57.0), BBW Contraction) | VSA: Vol Ratio: 2.38x, Close Pos: 0.78 | Candidate Event: LPS (Bar vol_ratio=0.63x, spread_ratio=0.67x, close_pos=0.10. Candidate LPS: higher low=265.10 vs prior ST low=253.50 (+4.6%), holding above range support=242.85, low volume 0.63x avg (threshold < 0.75x), spread 0.67x ATR, close pos=0.10) | P&F Target: ₹313.85 (+13.7% upside)",https://www.tradingview.com/chart/?symbol=NSE%3AVIYASH&interval=D,https://www.tradingview.com/chart/?symbol=NSE%3AVIYASH&interval=W,https://www.tradingview.com/chart/?symbol=NSE%3AVIYASH&interval=75,pending,data/research_datasets/20260824,2026-08-24 10:05:13 UTC
VIJAYA,VIJAYA.NS,Vijaya Diagnostic Centre Limited,2026-08-21,900,HIGH_PRIORITY_CANDIDATE,True,True,68.5,False,None,True,True,True,False,False,True,1504.4,65.6,1374.94,1274.31,,,1.13,0.18,,0.43,0.78,0.86,False,False,False,False,SOS,2026-08-12,False,True,False,False,124,"Bar vol_ratio=5.04x, spread_ratio=1.92x, close_pos=0.86. Candidate SOS: close=1510.60 broke above range resistance=1441.80 (+4.77%), strong close position=0.86 (threshold > 0.7), volume 5.04x avg (threshold >= 1.5x), spread 1.92x ATR",1704.1,13.3,23,False,"[HIGH_PRIORITY_CANDIDATE] Score: 68.5/100.0 | Mech Qual: PASS (Weekly WMA Up, Daily DMA(50/100) Up (1374.9>1274.3), RSI(14) Bullish (65.6)) | VSA: Vol Ratio: 0.43x, Close Pos: 0.86 | Candidate Event: SOS (Bar vol_ratio=5.04x, spread_ratio=1.92x, close_pos=0.86. Candidate SOS: close=1510.60 broke above range resistance=1441.80 (+4.77%), strong close position=0.86 (threshold > 0.7), volume 5.04x avg (threshold >= 1.5x), spread 1.92x ATR) | P&F Target: ₹1704.10 (+13.3% upside)",https://www.tradingview.com/chart/?symbol=NSE%3AVIJAYA&interval=D,https://www.tradingview.com/chart/?symbol=NSE%3AVIJAYA&interval=W,https://www.tradingview.com/chart/?symbol=NSE%3AVIJAYA&interval=75,pending,data/research_datasets/20260824,2026-08-24 10:05:13 UTC
SKMEGGPROD,SKMEGGPROD.NS,SKM Egg Products Export (India) Limited,2026-08-21,901,HIGH_PRIORITY_CANDIDATE,True,True,68.5,False,None,True,False,False,True,True,True,259.05,46.0,280.71,234.73,,,0.67,0.283,,0.34,0.66,0.53,False,False,False,False,LPS,2026-08-14,True,False,False,False,138,"Bar vol_ratio=0.35x, spread_ratio=0.50x, close_pos=0.27. Candidate LPS: higher low=257.15 vs prior ST low=254.77 (+0.9%), holding above range support=225.15, low volume 0.35x avg (threshold < 0.75x), spread 0.50x ATR, close pos=0.27",301.5,16.4,14,False,"[HIGH_PRIORITY_CANDIDATE] Score: 68.5/100.0 | Mech Qual: PASS (Weekly WMA Up, ATR Contraction (0.67<1.0), BBW Contraction) | VSA: Vol Ratio: 0.34x, Close Pos: 0.53 | Candidate Event: LPS (Bar vol_ratio=0.35x, spread_ratio=0.50x, close_pos=0.27. Candidate LPS: higher low=257.15 vs prior ST low=254.77 (+0.9%), holding above range support=225.15, low volume 0.35x avg (threshold < 0.75x), spread 0.50x ATR, close pos=0.27) | P&F Target: ₹301.50 (+16.4% upside)",https://www.tradingview.com/chart/?symbol=NSE%3ASKMEGGPROD&interval=D,https://www.tradingview.com/chart/?symbol=NSE%3ASKMEGGPROD&interval=W,https://www.tradingview.com/chart/?symbol=NSE%3ASKMEGGPROD&interval=75,pending,data/research_datasets/20260824,2026-08-24 10:05:13 UTC
PREMEXPLN,PREMEXPLN.NS,Premier Explosives Limited,2026-08-21,901,HIGH_PRIORITY_CANDIDATE,True,True,68.5,False,None,True,False,False,True,True,True,665.15,49.0,696.05,632.61,,,0.45,0.046,,0.38,0.74,0.23,False,False,False,False,LPS,2026-08-13,True,False,False,False,92,"Bar vol_ratio=0.38x, spread_ratio=0.76x, close_pos=0.80. Candidate LPS: higher low=649.55 vs prior ST low=649.00 (+0.1%), holding above range support=636.40, low volume 0.38x avg (threshold < 0.75x), spread 0.76x ATR, close pos=0.80",735.05,10.5,26,False,"[HIGH_PRIORITY_CANDIDATE] Score: 68.5/100.0 | Mech Qual: PASS (Weekly WMA Up, ATR Contraction (0.45<1.0), BBW Contraction) | VSA: Vol Ratio: 0.38x, Close Pos: 0.23 | Candidate Event: LPS (Bar vol_ratio=0.38x, spread_ratio=0.76x, close_pos=0.80. Candidate LPS: higher low=649.55 vs prior ST low=649.00 (+0.1%), holding above range support=636.40, low volume 0.38x avg (threshold < 0.75x), spread 0.76x ATR, close pos=0.80) | P&F Target: ₹735.05 (+10.5% upside)",https://www.tradingview.com/chart/?symbol=NSE%3APREMEXPLN&interval=D,https://www.tradingview.com/chart/?symbol=NSE%3APREMEXPLN&interval=W,https://www.tradingview.com/chart/?symbol=NSE%3APREMEXPLN&interval=75,pending,data/research_datasets/20260824,2026-08-24 10:05:13 UTC
IOLCP,IOLCP.NS,IOL Chemicals and Pharmaceuticals Limited,2026-08-21,901,HIGH_PRIORITY_CANDIDATE,True,True,68.5,False,None,True,True,True,False,True,True,169.52,61.3,151.75,128.87,,,1.07,0.194,,2.43,1.65,0.54,False,False,False,False,LPS,2026-08-17,True,False,False,False,100,"Bar vol_ratio=0.67x, spread_ratio=1.20x, close_pos=0.29. Candidate LPS: higher low=158.52 vs prior ST low=157.27 (+0.8%), holding above range support=123.20, low volume 0.67x avg (threshold < 0.75x), spread 1.20x ATR, close pos=0.29",191.28,12.8,10,False,"[HIGH_PRIORITY_CANDIDATE] Score: 68.5/100.0 | Mech Qual: PASS (Weekly WMA Up, Daily DMA(50/100) Up (151.8>128.9), RSI(14) Bullish (61.3), BBW Contraction) | VSA: Vol Ratio: 2.43x, Close Pos: 0.54 | Candidate Event: LPS (Bar vol_ratio=0.67x, spread_ratio=1.20x, close_pos=0.29. Candidate LPS: higher low=158.52 vs prior ST low=157.27 (+0.8%), holding above range support=123.20, low volume 0.67x avg (threshold < 0.75x), spread 1.20x ATR, close pos=0.29) | P&F Target: ₹191.28 (+12.8% upside)",https://www.tradingview.com/chart/?symbol=NSE%3AIOLCP&interval=D,https://www.tradingview.com/chart/?symbol=NSE%3AIOLCP&interval=W,https://www.tradingview.com/chart/?symbol=NSE%3AIOLCP&interval=75,pending,data/research_datasets/20260824,2026-08-24 10:05:13 UTC
GOLDIAM,GOLDIAM.NS,Goldiam International Limited,2026-08-21,901,HIGH_PRIORITY_CANDIDATE,True,True,68.5,False,None,True,True,False,True,True,True,360.35,49.5,355.86,325.01,,,0.96,0.084,,0.31,0.45,0.17,False,False,True,False,LPS,2026-08-12,True,False,False,False,123,"Bar vol_ratio=0.69x, spread_ratio=1.06x, close_pos=0.20. Candidate LPS: higher low=369.05 vs prior ST low=369.00 (+0.0%), holding above range support=305.25, low volume 0.69x avg (threshold < 0.75x), spread 1.06x ATR, close pos=0.20",426.85,18.5,18,False,"[HIGH_PRIORITY_CANDIDATE] Score: 68.5/100.0 | Mech Qual: PASS (Weekly WMA Up, Daily DMA(50/100) Up (355.9>325.0), ATR Contraction (0.96<1.0), BBW Contraction) | VSA: Vol Ratio: 0.31x, Close Pos: 0.17, No Supply (Dry-up) | Candidate Event: LPS (Bar vol_ratio=0.69x, spread_ratio=1.06x, close_pos=0.20. Candidate LPS: higher low=369.05 vs prior ST low=369.00 (+0.0%), holding above range support=305.25, low volume 0.69x avg (threshold < 0.75x), spread 1.06x ATR, close pos=0.20) | P&F Target: ₹426.85 (+18.5% upside)",https://www.tradingview.com/chart/?symbol=NSE%3AGOLDIAM&interval=D,https://www.tradingview.com/chart/?symbol=NSE%3AGOLDIAM&interval=W,https://www.tradingview.com/chart/?symbol=NSE%3AGOLDIAM&interval=75,pending,data/research_datasets/20260824,2026-08-24 10:05:13 UTC
GLENMARK,GLENMARK.NS,Glenmark Pharmaceuticals Limited,2026-08-21,901,HIGH_PRIORITY_CANDIDATE,True,True,68.5,False,None,True,False,True,True,False,True,2317.9,56.7,2235.38,2255.71,,,0.92,0.08,,0.48,0.84,0.33,False,False,False,False,LPS,2026-08-10,True,False,False,False,93,"Bar vol_ratio=0.48x, spread_ratio=0.88x, close_pos=0.00. Candidate LPS: higher low=2251.30 vs prior ST low=2202.20 (+2.2%), holding above range support=2101.00, low volume 0.48x avg (threshold < 0.75x), spread 0.88x ATR, close pos=0.00",2671.3,15.2,28,False,"[HIGH_PRIORITY_CANDIDATE] Score: 68.5/100.0 | Mech Qual: PASS (Weekly WMA Up, RSI(14) Bullish (56.7), ATR Contraction (0.92<1.0)) | VSA: Vol Ratio: 0.48x, Close Pos: 0.33 | Candidate Event: LPS (Bar vol_ratio=0.48x, spread_ratio=0.88x, close_pos=0.00. Candidate LPS: higher low=2251.30 vs prior ST low=2202.20 (+2.2%), holding above range support=2101.00, low volume 0.48x avg (threshold < 0.75x), spread 0.88x ATR, close pos=0.00) | P&F Target: ₹2671.30 (+15.2% upside)",https://www.tradingview.com/chart/?symbol=NSE%3AGLENMARK&interval=D,https://www.tradingview.com/chart/?symbol=NSE%3AGLENMARK&interval=W,https://www.tradingview.com/chart/?symbol=NSE%3AGLENMARK&interval=75,pending,data/research_datasets/20260824,2026-08-24 10:05:13 UTC
DIVGIITTS,DIVGIITTS.NS,Divgi Torqtransfer Systems Limited,2026-08-21,850,HIGH_PRIORITY_CANDIDATE,True,True,68.5,False,None,True,True,True,False,False,True,1217.9,66.7,992.06,861.73,,,1.28,0.489,,0.33,1.17,0.12,False,False,False,False,SOS,2026-08-14,False,True,False,False,107,"Bar vol_ratio=2.56x, spread_ratio=1.89x, close_pos=0.82. Candidate SOS: close=1301.05 broke above range resistance=1288.00 (+1.01%), strong close position=0.82 (threshold > 0.7), volume 2.56x avg (threshold >= 1.5x), spread 1.89x ATR",1445.45,18.7,30,False,"[HIGH_PRIORITY_CANDIDATE] Score: 68.5/100.0 | Mech Qual: PASS (Weekly WMA Up, Daily DMA(50/100) Up (992.1>861.7), RSI(14) Bullish (66.7)) | VSA: Vol Ratio: 0.33x, Close Pos: 0.12 | Candidate Event: SOS (Bar vol_ratio=2.56x, spread_ratio=1.89x, close_pos=0.82. Candidate SOS: close=1301.05 broke above range resistance=1288.00 (+1.01%), strong close position=0.82 (threshold > 0.7), volume 2.56x avg (threshold >= 1.5x), spread 1.89x ATR) | P&F Target: ₹1445.45 (+18.7% upside)",https://www.tradingview.com/chart/?symbol=NSE%3ADIVGIITTS&interval=D,https://www.tradingview.com/chart/?symbol=NSE%3ADIVGIITTS&interval=W,https://www.tradingview.com/chart/?symbol=NSE%3ADIVGIITTS&interval=75,pending,data/research_datasets/20260824,2026-08-24 10:05:13 UTC
CAPLIPOINT,CAPLIPOINT.NS,Caplin Point Laboratories Limited,2026-08-21,900,HIGH_PRIORITY_CANDIDATE,True,True,68.5,False,None,True,True,False,True,True,True,2560.8,52.0,2545.67,2214.03,,,0.89,0.071,,0.47,0.52,0.8,False,True,False,False,LPS,2026-08-18,True,False,False,False,132,"Bar vol_ratio=0.62x, spread_ratio=0.56x, close_pos=0.45. Candidate LPS: higher low=2506.10 vs prior ST low=2460.60 (+1.8%), holding above range support=2121.30, low volume 0.62x avg (threshold < 0.75x), spread 0.56x ATR, close pos=0.45",2859.7,11.7,22,False,"[HIGH_PRIORITY_CANDIDATE] Score: 68.5/100.0 | Mech Qual: PASS (Weekly WMA Up, Daily DMA(50/100) Up (2545.7>2214.0), ATR Contraction (0.89<1.0), BBW Contraction) | VSA: Vol Ratio: 0.47x, Close Pos: 0.80, No Demand | Candidate Event: LPS (Bar vol_ratio=0.62x, spread_ratio=0.56x, close_pos=0.45. Candidate LPS: higher low=2506.10 vs prior ST low=2460.60 (+1.8%), holding above range support=2121.30, low volume 0.62x avg (threshold < 0.75x), spread 0.56x ATR, close pos=0.45) | P&F Target: ₹2859.70 (+11.7% upside)",https://www.tradingview.com/chart/?symbol=NSE%3ACAPLIPOINT&interval=D,https://www.tradingview.com/chart/?symbol=NSE%3ACAPLIPOINT&interval=W,https://www.tradingview.com/chart/?symbol=NSE%3ACAPLIPOINT&interval=75,pending,data/research_datasets/20260824,2026-08-24 10:05:13 UTC
AUROPHARMA,AUROPHARMA.NS,Aurobindo Pharma Limited,2026-08-21,900,HIGH_PRIORITY_CANDIDATE,True,True,68.5,False,None,True,True,False,True,False,True,1621.3,54.0,1565.54,1498.62,,,0.99,0.093,,0.75,0.64,0.89,False,False,False,False,SOS,2026-08-07,False,True,False,False,109,"Bar vol_ratio=2.00x, spread_ratio=2.05x, close_pos=0.95. Candidate SOS: close=1658.00 broke above range resistance=1636.80 (+1.30%), strong close position=0.95 (threshold > 0.7), volume 2.00x avg (threshold >= 1.5x), spread 2.05x ATR",1818.7,12.2,25,False,"[HIGH_PRIORITY_CANDIDATE] Score: 68.5/100.0 | Mech Qual: PASS (Weekly WMA Up, Daily DMA(50/100) Up (1565.5>1498.6), ATR Contraction (0.99<1.0)) | VSA: Vol Ratio: 0.75x, Close Pos: 0.89 | Candidate Event: SOS (Bar vol_ratio=2.00x, spread_ratio=2.05x, close_pos=0.95. Candidate SOS: close=1658.00 broke above range resistance=1636.80 (+1.30%), strong close position=0.95 (threshold > 0.7), volume 2.00x avg (threshold >= 1.5x), spread 2.05x ATR) | P&F Target: ₹1818.70 (+12.2% upside)",https://www.tradingview.com/chart/?symbol=NSE%3AAUROPHARMA&interval=D,https://www.tradingview.com/chart/?symbol=NSE%3AAUROPHARMA&interval=W,https://www.tradingview.com/chart/?symbol=NSE%3AAUROPHARMA&interval=75,pending,data/research_datasets/20260824,2026-08-24 10:05:13 UTC
ATLANTAELE,ATLANTAELE.NS,Atlanta Electricals Limited,2026-08-21,224,HIGH_PRIORITY_CANDIDATE,True,True,68.5,False,None,True,True,True,False,False,True,1846.9,63.9,1711.25,1682.78,,,1.01,0.21,,2.69,1.89,0.93,False,False,False,False,LPS,2026-08-20,True,False,False,False,22,"Bar vol_ratio=0.72x, spread_ratio=1.05x, close_pos=0.08. Candidate LPS: higher low=1682.00 vs prior ST low=1619.00 (+3.9%), holding above range support=1493.00, low volume 0.72x avg (threshold < 0.75x), spread 1.05x ATR, close pos=0.08",2168.6,17.4,16,False,"[HIGH_PRIORITY_CANDIDATE] Score: 68.5/100.0 | Mech Qual: PASS (Weekly WMA Up, Daily DMA(50/100) Up (1711.2>1682.8), RSI(14) Bullish (63.9)) | VSA: Vol Ratio: 2.69x, Close Pos: 0.93 | Candidate Event: LPS (Bar vol_ratio=0.72x, spread_ratio=1.05x, close_pos=0.08. Candidate LPS: higher low=1682.00 vs prior ST low=1619.00 (+3.9%), holding above range support=1493.00, low volume 0.72x avg (threshold < 0.75x), spread 1.05x ATR, close pos=0.08) | P&F Target: ₹2168.60 (+17.4% upside)",https://www.tradingview.com/chart/?symbol=NSE%3AATLANTAELE&interval=D,https://www.tradingview.com/chart/?symbol=NSE%3AATLANTAELE&interval=W,https://www.tradingview.com/chart/?symbol=NSE%3AATLANTAELE&interval=75,pending,data/research_datasets/20260824,2026-08-24 10:05:13 UTC
SHANKARA,SHANKARA.NS,Shankara Building Products Limited,2026-08-21,899,HIGH_PRIORITY_CANDIDATE,True,True,68.0,False,None,True,True,True,True,True,True,143.29,64.7,134.2,126.65,,,0.66,0.031,,0.26,1.12,0.59,False,False,False,False,LPS,2026-07-27,True,False,False,False,105,"Bar vol_ratio=0.26x, spread_ratio=0.38x, close_pos=0.42. Candidate LPS: higher low=140.07 vs prior ST low=138.15 (+1.4%), holding above range support=110.35, low volume 0.26x avg (threshold < 0.75x), spread 0.38x ATR, close pos=0.42",185.87,29.7,3,False,"[HIGH_PRIORITY_CANDIDATE] Score: 68.0/100.0 | Mech Qual: PASS (Weekly WMA Up, Daily DMA(50/100) Up (134.2>126.7), RSI(14) Bullish (64.7), ATR Contraction (0.66<1.0), BBW Contraction) | VSA: Vol Ratio: 0.26x, Close Pos: 0.59 | Candidate Event: LPS (Bar vol_ratio=0.26x, spread_ratio=0.38x, close_pos=0.42. Candidate LPS: higher low=140.07 vs prior ST low=138.15 (+1.4%), holding above range support=110.35, low volume 0.26x avg (threshold < 0.75x), spread 0.38x ATR, close pos=0.42) | P&F Target: ₹185.87 (+29.7% upside)",https://www.tradingview.com/chart/?symbol=NSE%3ASHANKARA&interval=D,https://www.tradingview.com/chart/?symbol=NSE%3ASHANKARA&interval=W,https://www.tradingview.com/chart/?symbol=NSE%3ASHANKARA&interval=75,pending,data/research_datasets/20260824,2026-08-24 10:05:13 UTC
QUADFUTURE,QUADFUTURE.NS,Quadrant Future Tek Limited,2026-08-21,401,HIGH_PRIORITY_CANDIDATE,True,True,68.0,False,None,True,True,True,True,True,True,405.35,61.4,396.14,352.99,,,0.92,0.168,,11.73,3.47,1.0,False,False,False,False,LPS,2026-08-04,True,False,False,False,39,"Bar vol_ratio=0.32x, spread_ratio=0.58x, close_pos=0.17. Candidate LPS: higher low=351.10 vs prior ST low=344.50 (+1.9%), holding above range support=281.20, low volume 0.32x avg (threshold < 0.75x), spread 0.58x ATR, close pos=0.17",623.1,53.7,18,False,"[HIGH_PRIORITY_CANDIDATE] Score: 68.0/100.0 | Mech Qual: PASS (Weekly WMA Up, Daily DMA(50/100) Up (396.1>353.0), RSI(14) Bullish (61.4), ATR Contraction (0.92<1.0), BBW Contraction) | VSA: Vol Ratio: 11.73x, Close Pos: 1.00 | Candidate Event: LPS (Bar vol_ratio=0.32x, spread_ratio=0.58x, close_pos=0.17. Candidate LPS: higher low=351.10 vs prior ST low=344.50 (+1.9%), holding above range support=281.20, low volume 0.32x avg (threshold < 0.75x), spread 0.58x ATR, close pos=0.17) | P&F Target: ₹623.10 (+53.7% upside)",https://www.tradingview.com/chart/?symbol=NSE%3AQUADFUTURE&interval=D,https://www.tradingview.com/chart/?symbol=NSE%3AQUADFUTURE&interval=W,https://www.tradingview.com/chart/?symbol=NSE%3AQUADFUTURE&interval=75,pending,data/research_datasets/20260824,2026-08-24 10:05:13 UTC
MOLDTKPAC,MOLDTKPAC.NS,Mold-Tek Packaging Limited,2026-08-21,900,HIGH_PRIORITY_CANDIDATE,True,True,68.0,False,None,True,True,True,True,True,True,708.95,59.3,689.64,655.89,,,0.77,0.07,,2.63,1.75,0.75,False,False,False,False,LPS,2026-08-04,True,False,False,False,145,"Bar vol_ratio=0.74x, spread_ratio=0.78x, close_pos=0.21. Candidate LPS: higher low=680.00 vs prior ST low=670.00 (+1.5%), holding above range support=641.35, low volume 0.74x avg (threshold < 0.75x), spread 0.78x ATR, close pos=0.21",1302.2,83.7,21,False,"[HIGH_PRIORITY_CANDIDATE] Score: 68.0/100.0 | Mech Qual: PASS (Weekly WMA Up, Daily DMA(50/100) Up (689.6>655.9), RSI(14) Bullish (59.3), ATR Contraction (0.77<1.0), BBW Contraction) | VSA: Vol Ratio: 2.63x, Close Pos: 0.75 | Candidate Event: LPS (Bar vol_ratio=0.74x, spread_ratio=0.78x, close_pos=0.21. Candidate LPS: higher low=680.00 vs prior ST low=670.00 (+1.5%), holding above range support=641.35, low volume 0.74x avg (threshold < 0.75x), spread 0.78x ATR, close pos=0.21) | P&F Target: ₹1302.20 (+83.7% upside)",https://www.tradingview.com/chart/?symbol=NSE%3AMOLDTKPAC&interval=D,https://www.tradingview.com/chart/?symbol=NSE%3AMOLDTKPAC&interval=W,https://www.tradingview.com/chart/?symbol=NSE%3AMOLDTKPAC&interval=75,pending,data/research_datasets/20260824,2026-08-24 10:05:13 UTC
JKPAPER,JKPAPER.NS,JK Paper Limited,2026-08-21,900,HIGH_PRIORITY_CANDIDATE,True,True,68.0,False,None,True,True,True,True,True,True,391.8,58.5,367.73,365.58,,,0.92,0.079,,1.07,1.33,0.21,False,False,False,False,LPS,2026-08-06,True,False,False,False,105,"Bar vol_ratio=0.20x, spread_ratio=0.47x, close_pos=0.59. Candidate LPS: higher low=381.10 vs prior ST low=381.00 (+0.0%), holding above range support=335.88, low volume 0.20x avg (threshold < 0.75x), spread 0.47x ATR, close pos=0.59",1270.16,224.2,59,False,"[HIGH_PRIORITY_CANDIDATE] Score: 68.0/100.0 | Mech Qual: PASS (Weekly WMA Up, Daily DMA(50/100) Up (367.7>365.6), RSI(14) Bullish (58.5), ATR Contraction (0.92<1.0), BBW Contraction) | VSA: Vol Ratio: 1.07x, Close Pos: 0.21 | Candidate Event: LPS (Bar vol_ratio=0.20x, spread_ratio=0.47x, close_pos=0.59. Candidate LPS: higher low=381.10 vs prior ST low=381.00 (+0.0%), holding above range support=335.88, low volume 0.20x avg (threshold < 0.75x), spread 0.47x ATR, close pos=0.59) | P&F Target: ₹1270.16 (+224.2% upside)",https://www.tradingview.com/chart/?symbol=NSE%3AJKPAPER&interval=D,https://www.tradingview.com/chart/?symbol=NSE%3AJKPAPER&interval=W,https://www.tradingview.com/chart/?symbol=NSE%3AJKPAPER&interval=75,pending,data/research_datasets/20260824,2026-08-24 10:05:13 UTC
GNA,GNA.NS,GNA Axles Limited,2026-08-21,901,HIGH_PRIORITY_CANDIDATE,True,True,68.0,False,None,True,True,True,True,True,True,562.85,60.7,496.98,446.67,,,0.95,0.145,,1.0,0.95,0.47,False,False,False,False,LPS,2026-08-03,True,False,False,False,121,"Bar vol_ratio=0.22x, spread_ratio=0.50x, close_pos=0.56. Candidate LPS: higher low=528.15 vs prior ST low=527.30 (+0.2%), holding above range support=344.73, low volume 0.22x avg (threshold < 0.75x), spread 0.50x ATR, close pos=0.56",706.85,25.6,13,False,"[HIGH_PRIORITY_CANDIDATE] Score: 68.0/100.0 | Mech Qual: PASS (Weekly WMA Up, Daily DMA(50/100) Up (497.0>446.7), RSI(14) Bullish (60.7), ATR Contraction (0.95<1.0), BBW Contraction) | VSA: Vol Ratio: 1.00x, Close Pos: 0.47 | Candidate Event: LPS (Bar vol_ratio=0.22x, spread_ratio=0.50x, close_pos=0.56. Candidate LPS: higher low=528.15 vs prior ST low=527.30 (+0.2%), holding above range support=344.73, low volume 0.22x avg (threshold < 0.75x), spread 0.50x ATR, close pos=0.56) | P&F Target: ₹706.85 (+25.6% upside)",https://www.tradingview.com/chart/?symbol=NSE%3AGNA&interval=D,https://www.tradingview.com/chart/?symbol=NSE%3AGNA&interval=W,https://www.tradingview.com/chart/?symbol=NSE%3AGNA&interval=75,pending,data/research_datasets/20260824,2026-08-24 10:05:13 UTC
GHCLTEXTIL,GHCLTEXTIL.NS,GHCL Textiles Limited,2026-08-21,792,HIGH_PRIORITY_CANDIDATE,True,True,68.0,False,None,True,True,True,True,False,True,122.49,57.8,109.93,99.6,,,0.99,0.139,,0.15,0.45,0.15,False,False,True,False,LPS,2026-08-04,True,False,False,False,95,"Bar vol_ratio=0.74x, spread_ratio=0.60x, close_pos=0.10. Candidate LPS: higher low=113.90 vs prior ST low=113.01 (+0.8%), holding above range support=89.15, low volume 0.74x avg (threshold < 0.75x), spread 0.60x ATR, close pos=0.10",177.24,44.7,21,False,"[HIGH_PRIORITY_CANDIDATE] Score: 68.0/100.0 | Mech Qual: PASS (Weekly WMA Up, Daily DMA(50/100) Up (109.9>99.6), RSI(14) Bullish (57.8), ATR Contraction (0.99<1.0)) | VSA: Vol Ratio: 0.15x, Close Pos: 0.15, No Supply (Dry-up) | Candidate Event: LPS (Bar vol_ratio=0.74x, spread_ratio=0.60x, close_pos=0.10. Candidate LPS: higher low=113.90 vs prior ST low=113.01 (+0.8%), holding above range support=89.15, low volume 0.74x avg (threshold < 0.75x), spread 0.60x ATR, close pos=0.10) | P&F Target: ₹177.24 (+44.7% upside)",https://www.tradingview.com/chart/?symbol=NSE%3AGHCLTEXTIL&interval=D,https://www.tradingview.com/chart/?symbol=NSE%3AGHCLTEXTIL&interval=W,https://www.tradingview.com/chart/?symbol=NSE%3AGHCLTEXTIL&interval=75,pending,data/research_datasets/20260824,2026-08-24 10:05:13 UTC
GANDHAR,GANDHAR.NS,Gandhar Oil Refinery (India) Limited,2026-08-21,677,HIGH_PRIORITY_CANDIDATE,True,True,68.0,False,None,True,True,True,True,True,True,250.43,59.5,212.66,179.89,,,0.79,0.166,,0.18,0.59,0.12,False,False,True,False,LPS,2026-08-04,True,False,False,False,118,"Bar vol_ratio=0.41x, spread_ratio=0.56x, close_pos=0.64. Candidate LPS: higher low=230.00 vs prior ST low=227.88 (+0.9%), holding above range support=150.60, low volume 0.41x avg (threshold < 0.75x), spread 0.56x ATR, close pos=0.64",356.1,42.2,20,False,"[HIGH_PRIORITY_CANDIDATE] Score: 68.0/100.0 | Mech Qual: PASS (Weekly WMA Up, Daily DMA(50/100) Up (212.7>179.9), RSI(14) Bullish (59.5), ATR Contraction (0.79<1.0), BBW Contraction) | VSA: Vol Ratio: 0.18x, Close Pos: 0.12, No Supply (Dry-up) | Candidate Event: LPS (Bar vol_ratio=0.41x, spread_ratio=0.56x, close_pos=0.64. Candidate LPS: higher low=230.00 vs prior ST low=227.88 (+0.9%), holding above range support=150.60, low volume 0.41x avg (threshold < 0.75x), spread 0.56x ATR, close pos=0.64) | P&F Target: ₹356.10 (+42.2% upside)",https://www.tradingview.com/chart/?symbol=NSE%3AGANDHAR&interval=D,https://www.tradingview.com/chart/?symbol=NSE%3AGANDHAR&interval=W,https://www.tradingview.com/chart/?symbol=NSE%3AGANDHAR&interval=75,pending,data/research_datasets/20260824,2026-08-24 10:05:13 UTC
DHANBANK,DHANBANK.NS,Dhanlaxmi Bank Limited,2026-08-21,901,HIGH_PRIORITY_CANDIDATE,True,True,68.0,False,None,True,True,True,True,True,True,33.73,56.9,33.3,31.87,,,0.63,0.098,,1.79,1.59,0.72,False,False,False,False,LPS,2026-08-03,True,False,False,False,132,"Bar vol_ratio=0.44x, spread_ratio=0.82x, close_pos=0.33. Candidate LPS: higher low=32.27 vs prior ST low=32.00 (+0.8%), holding above range support=31.02, low volume 0.44x avg (threshold < 0.75x), spread 0.82x ATR, close pos=0.33",66.48,97.1,45,False,"[HIGH_PRIORITY_CANDIDATE] Score: 68.0/100.0 | Mech Qual: PASS (Weekly WMA Up, Daily DMA(50/100) Up (33.3>31.9), RSI(14) Bullish (56.9), ATR Contraction (0.63<1.0), BBW Contraction) | VSA: Vol Ratio: 1.79x, Close Pos: 0.72 | Candidate Event: LPS (Bar vol_ratio=0.44x, spread_ratio=0.82x, close_pos=0.33. Candidate LPS: higher low=32.27 vs prior ST low=32.00 (+0.8%), holding above range support=31.02, low volume 0.44x avg (threshold < 0.75x), spread 0.82x ATR, close pos=0.33) | P&F Target: ₹66.48 (+97.1% upside)",https://www.tradingview.com/chart/?symbol=NSE%3ADHANBANK&interval=D,https://www.tradingview.com/chart/?symbol=NSE%3ADHANBANK&interval=W,https://www.tradingview.com/chart/?symbol=NSE%3ADHANBANK&interval=75,pending,data/research_datasets/20260824,2026-08-24 10:05:13 UTC
BEPL,BEPL.NS,Bhansali Engineering Polymers Limited,2026-08-21,901,HIGH_PRIORITY_CANDIDATE,True,True,68.0,False,None,True,True,True,True,True,True,125.82,61.3,110.84,102.35,,,0.82,0.136,,1.61,1.24,0.48,False,False,False,False,LPS,2026-08-04,True,False,False,False,98,"Bar vol_ratio=0.21x, spread_ratio=0.56x, close_pos=0.85. Candidate LPS: higher low=119.71 vs prior ST low=116.93 (+2.4%), holding above range support=90.80, low volume 0.21x avg (threshold < 0.75x), spread 0.56x ATR, close pos=0.85",191.94,52.6,23,False,"[HIGH_PRIORITY_CANDIDATE] Score: 68.0/100.0 | Mech Qual: PASS (Weekly WMA Up, Daily DMA(50/100) Up (110.8>102.3), RSI(14) Bullish (61.3), ATR Contraction (0.82<1.0), BBW Contraction) | VSA: Vol Ratio: 1.61x, Close Pos: 0.48 | Candidate Event: LPS (Bar vol_ratio=0.21x, spread_ratio=0.56x, close_pos=0.85. Candidate LPS: higher low=119.71 vs prior ST low=116.93 (+2.4%), holding above range support=90.80, low volume 0.21x avg (threshold < 0.75x), spread 0.56x ATR, close pos=0.85) | P&F Target: ₹191.94 (+52.6% upside)",https://www.tradingview.com/chart/?symbol=NSE%3ABEPL&interval=D,https://www.tradingview.com/chart/?symbol=NSE%3ABEPL&interval=W,https://www.tradingview.com/chart/?symbol=NSE%3ABEPL&interval=75,pending,data/research_datasets/20260824,2026-08-24 10:05:13 UTC
APCOTEXIND,APCOTEXIND.NS,Apcotex Industries Limited,2026-08-21,900,HIGH_PRIORITY_CANDIDATE,True,True,68.0,False,None,True,True,True,True,True,True,625.05,58.5,562.63,504.57,,,0.79,0.13,,0.17,0.46,0.82,False,True,False,False,LPS,2026-08-04,True,False,False,False,139,"Bar vol_ratio=0.59x, spread_ratio=0.77x, close_pos=0.45. Candidate LPS: higher low=615.00 vs prior ST low=605.10 (+1.6%), holding above range support=471.97, low volume 0.59x avg (threshold < 0.75x), spread 0.77x ATR, close pos=0.45",791.2,26.6,11,False,"[HIGH_PRIORITY_CANDIDATE] Score: 68.0/100.0 | Mech Qual: PASS (Weekly WMA Up, Daily DMA(50/100) Up (562.6>504.6), RSI(14) Bullish (58.5), ATR Contraction (0.79<1.0), BBW Contraction) | VSA: Vol Ratio: 0.17x, Close Pos: 0.82, No Demand | Candidate Event: LPS (Bar vol_ratio=0.59x, spread_ratio=0.77x, close_pos=0.45. Candidate LPS: higher low=615.00 vs prior ST low=605.10 (+1.6%), holding above range support=471.97, low volume 0.59x avg (threshold < 0.75x), spread 0.77x ATR, close pos=0.45) | P&F Target: ₹791.20 (+26.6% upside)",https://www.tradingview.com/chart/?symbol=NSE%3AAPCOTEXIND&interval=D,https://www.tradingview.com/chart/?symbol=NSE%3AAPCOTEXIND&interval=W,https://www.tradingview.com/chart/?symbol=NSE%3AAPCOTEXIND&interval=75,pending,data/research_datasets/20260824,2026-08-24 10:05:13 UTC
NIVABUPA,NIVABUPA.NS,Niva Bupa Health Insurance Company Limited,2026-08-21,440,HIGH_PRIORITY_CANDIDATE,True,True,67.5,False,None,True,False,False,True,False,True,82.62,37.6,85.63,82.79,,,0.84,0.079,,1.25,1.43,0.84,False,False,False,False,Spring,2026-08-21,False,False,True,False,45,"Bar vol_ratio=1.25x, spread_ratio=1.43x, close_pos=0.84. Candidate Spring: low=80.08 undercut prior support=82.10 by 2.46%, closed back above support at 82.62 (close pos=0.84, volume 1.25x avg, spread 1.43x ATR)",186.18,125.3,33,False,"[HIGH_PRIORITY_CANDIDATE] Score: 67.5/100.0 | Mech Qual: PASS (Weekly WMA Up, ATR Contraction (0.84<1.0)) | VSA: Vol Ratio: 1.25x, Close Pos: 0.84 | Candidate Event: Spring (Bar vol_ratio=1.25x, spread_ratio=1.43x, close_pos=0.84. Candidate Spring: low=80.08 undercut prior support=82.10 by 2.46%, closed back above support at 82.62 (close pos=0.84, volume 1.25x avg, spread 1.43x ATR)) | P&F Target: ₹186.18 (+125.3% upside)",https://www.tradingview.com/chart/?symbol=NSE%3ANIVABUPA&interval=D,https://www.tradingview.com/chart/?symbol=NSE%3ANIVABUPA&interval=W,https://www.tradingview.com/chart/?symbol=NSE%3ANIVABUPA&interval=75,pending,data/research_datasets/20260824,2026-08-24 10:05:13 UTC
DEEPAKFERT,DEEPAKFERT.NS,Deepak Fertilizers and Petrochemicals Corporation Limited,2026-08-21,901,HIGH_PRIORITY_CANDIDATE,True,True,67.5,False,None,True,False,False,True,False,True,1449.2,37.4,1556.48,1426.68,,,0.91,0.162,,0.51,0.49,0.44,False,False,True,False,Spring,2026-08-21,False,False,True,False,112,"Bar vol_ratio=0.51x, spread_ratio=0.49x, close_pos=0.44. Candidate Spring: low=1437.00 undercut prior support=1444.60 by 0.53%, closed back above support at 1449.20 (close pos=0.44, volume 0.51x avg, spread 0.49x ATR)",2089.4,44.2,33,False,"[HIGH_PRIORITY_CANDIDATE] Score: 67.5/100.0 | Mech Qual: PASS (Weekly WMA Up, ATR Contraction (0.91<1.0)) | VSA: Vol Ratio: 0.51x, Close Pos: 0.44, No Supply (Dry-up) | Candidate Event: Spring (Bar vol_ratio=0.51x, spread_ratio=0.49x, close_pos=0.44. Candidate Spring: low=1437.00 undercut prior support=1444.60 by 0.53%, closed back above support at 1449.20 (close pos=0.44, volume 0.51x avg, spread 0.49x ATR)) | P&F Target: ₹2089.40 (+44.2% upside)",https://www.tradingview.com/chart/?symbol=NSE%3ADEEPAKFERT&interval=D,https://www.tradingview.com/chart/?symbol=NSE%3ADEEPAKFERT&interval=W,https://www.tradingview.com/chart/?symbol=NSE%3ADEEPAKFERT&interval=75,pending,data/research_datasets/20260824,2026-08-24 10:05:13 UTC
WINDMACHIN,WINDMACHIN.NS,Windsor Machines Limited,2026-08-21,900,HIGH_PRIORITY_CANDIDATE,True,True,65.5,False,None,True,True,True,False,False,True,314.6,58.8,304.16,295.85,,,1.19,0.2,,0.36,0.95,0.22,False,False,False,False,LPS,2026-08-11,True,False,False,False,113,"Bar vol_ratio=0.75x, spread_ratio=1.00x, close_pos=0.74. Candidate LPS: higher low=291.25 vs prior Spring low=265.60 (+9.7%), holding above range support=265.60, low volume 0.75x avg (threshold < 0.75x), spread 1.00x ATR, close pos=0.74",340.1,8.1,50,False,"[HIGH_PRIORITY_CANDIDATE] Score: 65.5/100.0 | Mech Qual: PASS (Weekly WMA Up, Daily DMA(50/100) Up (304.2>295.9), RSI(14) Bullish (58.8)) | VSA: Vol Ratio: 0.36x, Close Pos: 0.22 | Candidate Event: LPS (Bar vol_ratio=0.75x, spread_ratio=1.00x, close_pos=0.74. Candidate LPS: higher low=291.25 vs prior Spring low=265.60 (+9.7%), holding above range support=265.60, low volume 0.75x avg (threshold < 0.75x), spread 1.00x ATR, close pos=0.74) | P&F Target: ₹340.10 (+8.1% upside)",https://www.tradingview.com/chart/?symbol=NSE%3AWINDMACHIN&interval=D,https://www.tradingview.com/chart/?symbol=NSE%3AWINDMACHIN&interval=W,https://www.tradingview.com/chart/?symbol=NSE%3AWINDMACHIN&interval=75,pending,data/research_datasets/20260824,2026-08-24 10:05:13 UTC
SJS,SJS.NS,S.J.S. Enterprises Limited,2026-08-21,900,HIGH_PRIORITY_CANDIDATE,True,True,65.5,False,None,True,True,True,False,True,True,2497.4,61.1,2295.61,2082.6,,,1.3,0.098,,0.83,0.42,0.29,False,False,True,False,LPS,2026-08-13,True,False,False,False,94,"Bar vol_ratio=0.66x, spread_ratio=0.54x, close_pos=0.31. Candidate LPS: higher low=2388.80 vs prior ST low=2347.70 (+1.8%), holding above range support=1961.21, low volume 0.66x avg (threshold < 0.75x), spread 0.54x ATR, close pos=0.31",2540.0,1.7,9,False,"[HIGH_PRIORITY_CANDIDATE] Score: 65.5/100.0 | Mech Qual: PASS (Weekly WMA Up, Daily DMA(50/100) Up (2295.6>2082.6), RSI(14) Bullish (61.1), BBW Contraction) | VSA: Vol Ratio: 0.83x, Close Pos: 0.29, No Supply (Dry-up) | Candidate Event: LPS (Bar vol_ratio=0.66x, spread_ratio=0.54x, close_pos=0.31. Candidate LPS: higher low=2388.80 vs prior ST low=2347.70 (+1.8%), holding above range support=1961.21, low volume 0.66x avg (threshold < 0.75x), spread 0.54x ATR, close pos=0.31) | P&F Target: ₹2540.00 (+1.7% upside)",https://www.tradingview.com/chart/?symbol=NSE%3ASJS&interval=D,https://www.tradingview.com/chart/?symbol=NSE%3ASJS&interval=W,https://www.tradingview.com/chart/?symbol=NSE%3ASJS&interval=75,pending,data/research_datasets/20260824,2026-08-24 10:05:13 UTC
SBCL,SBCL.NS,Shivalik Bimetal Controls Limited,2026-08-21,900,HIGH_PRIORITY_CANDIDATE,True,True,65.5,False,None,True,True,True,False,False,True,993.25,63.8,806.55,709.88,,,1.53,0.61,,0.27,1.07,0.13,False,False,False,False,SOS,2026-08-10,False,True,False,False,137,"Bar vol_ratio=10.18x, spread_ratio=4.40x, close_pos=1.00. Candidate SOS: close=1105.05 broke above range resistance=920.90 (+20.00%), strong close position=1.00 (threshold > 0.7), volume 10.18x avg (threshold >= 1.5x), spread 4.40x ATR",1077.75,8.5,23,False,"[HIGH_PRIORITY_CANDIDATE] Score: 65.5/100.0 | Mech Qual: PASS (Weekly WMA Up, Daily DMA(50/100) Up (806.5>709.9), RSI(14) Bullish (63.8)) | VSA: Vol Ratio: 0.27x, Close Pos: 0.13 | Candidate Event: SOS (Bar vol_ratio=10.18x, spread_ratio=4.40x, close_pos=1.00. Candidate SOS: close=1105.05 broke above range resistance=920.90 (+20.00%), strong close position=1.00 (threshold > 0.7), volume 10.18x avg (threshold >= 1.5x), spread 4.40x ATR) | P&F Target: ₹1077.75 (+8.5% upside)",https://www.tradingview.com/chart/?symbol=NSE%3ASBCL&interval=D,https://www.tradingview.com/chart/?symbol=NSE%3ASBCL&interval=W,https://www.tradingview.com/chart/?symbol=NSE%3ASBCL&interval=75,pending,data/research_datasets/20260824,2026-08-24 10:05:13 UTC
RATEGAIN,RATEGAIN.NS,Rategain Travel Technologies Limited,2026-08-21,900,HIGH_PRIORITY_CANDIDATE,True,True,65.5,False,None,True,True,True,False,True,True,990.05,60.9,917.65,781.77,,,1.21,0.115,,1.46,1.62,0.82,False,False,False,False,LPS,2026-08-17,True,False,False,False,123,"Bar vol_ratio=0.43x, spread_ratio=0.57x, close_pos=0.76. Candidate LPS: higher low=930.30 vs prior ST low=928.00 (+0.2%), holding above range support=737.00, low volume 0.43x avg (threshold < 0.75x), spread 0.57x ATR, close pos=0.76",1051.5,6.2,17,False,"[HIGH_PRIORITY_CANDIDATE] Score: 65.5/100.0 | Mech Qual: PASS (Weekly WMA Up, Daily DMA(50/100) Up (917.6>781.8), RSI(14) Bullish (60.9), BBW Contraction) | VSA: Vol Ratio: 1.46x, Close Pos: 0.82 | Candidate Event: LPS (Bar vol_ratio=0.43x, spread_ratio=0.57x, close_pos=0.76. Candidate LPS: higher low=930.30 vs prior ST low=928.00 (+0.2%), holding above range support=737.00, low volume 0.43x avg (threshold < 0.75x), spread 0.57x ATR, close pos=0.76) | P&F Target: ₹1051.50 (+6.2% upside)",https://www.tradingview.com/chart/?symbol=NSE%3ARATEGAIN&interval=D,https://www.tradingview.com/chart/?symbol=NSE%3ARATEGAIN&interval=W,https://www.tradingview.com/chart/?symbol=NSE%3ARATEGAIN&interval=75,pending,data/research_datasets/20260824,2026-08-24 10:05:13 UTC
RAMRAT,RAMRAT.NS,Ram Ratna Wires Limited,2026-08-21,900,HIGH_PRIORITY_CANDIDATE,True,True,65.5,False,None,True,True,True,False,False,True,477.35,61.2,428.6,413.84,,,1.08,0.161,,0.48,0.85,0.13,False,False,False,False,SOS,2026-08-12,False,True,False,False,135,"Bar vol_ratio=2.50x, spread_ratio=1.26x, close_pos=0.89. Candidate SOS: close=473.95 broke above range resistance=471.00 (+0.63%), strong close position=0.89 (threshold > 0.7), volume 2.50x avg (threshold >= 1.5x), spread 1.26x ATR",491.6,3.0,10,False,"[HIGH_PRIORITY_CANDIDATE] Score: 65.5/100.0 | Mech Qual: PASS (Weekly WMA Up, Daily DMA(50/100) Up (428.6>413.8), RSI(14) Bullish (61.2)) | VSA: Vol Ratio: 0.48x, Close Pos: 0.13 | Candidate Event: SOS (Bar vol_ratio=2.50x, spread_ratio=1.26x, close_pos=0.89. Candidate SOS: close=473.95 broke above range resistance=471.00 (+0.63%), strong close position=0.89 (threshold > 0.7), volume 2.50x avg (threshold >= 1.5x), spread 1.26x ATR) | P&F Target: ₹491.60 (+3.0% upside)",https://www.tradingview.com/chart/?symbol=NSE%3ARAMRAT&interval=D,https://www.tradingview.com/chart/?symbol=NSE%3ARAMRAT&interval=W,https://www.tradingview.com/chart/?symbol=NSE%3ARAMRAT&interval=75,pending,data/research_datasets/20260824,2026-08-24 10:05:13 UTC
NITINSPIN,NITINSPIN.NS,Nitin Spinners Limited,2026-08-21,900,HIGH_PRIORITY_CANDIDATE,True,True,65.5,False,None,True,True,True,False,False,True,588.45,58.6,555.5,513.27,,,1.14,0.158,,0.18,0.65,0.48,False,False,False,False,LPS,2026-08-20,True,False,False,False,106,"Bar vol_ratio=0.31x, spread_ratio=0.65x, close_pos=0.36. Candidate LPS: higher low=580.55 vs prior ST low=545.00 (+6.5%), holding above range support=518.45, low volume 0.31x avg (threshold < 0.75x), spread 0.65x ATR, close pos=0.36",616.05,4.7,5,False,"[HIGH_PRIORITY_CANDIDATE] Score: 65.5/100.0 | Mech Qual: PASS (Weekly WMA Up, Daily DMA(50/100) Up (555.5>513.3), RSI(14) Bullish (58.6)) | VSA: Vol Ratio: 0.18x, Close Pos: 0.48 | Candidate Event: LPS (Bar vol_ratio=0.31x, spread_ratio=0.65x, close_pos=0.36. Candidate LPS: higher low=580.55 vs prior ST low=545.00 (+6.5%), holding above range support=518.45, low volume 0.31x avg (threshold < 0.75x), spread 0.65x ATR, close pos=0.36) | P&F Target: ₹616.05 (+4.7% upside)",https://www.tradingview.com/chart/?symbol=NSE%3ANITINSPIN&interval=D,https://www.tradingview.com/chart/?symbol=NSE%3ANITINSPIN&interval=W,https://www.tradingview.com/chart/?symbol=NSE%3ANITINSPIN&interval=75,pending,data/research_datasets/20260824,2026-08-24 10:05:13 UTC
MINDACORP,MINDACORP.NS,Minda Corporation Limited,2026-08-21,900,HIGH_PRIORITY_CANDIDATE,True,True,65.5,False,None,True,True,True,False,True,True,727.85,55.5,694.06,624.07,,,1.19,0.095,,0.28,0.86,0.11,False,False,False,False,LPS,2026-08-19,True,False,False,False,99,"Bar vol_ratio=0.46x, spread_ratio=0.78x, close_pos=0.14. Candidate LPS: higher low=735.95 vs prior ST low=720.00 (+2.2%), holding above range support=626.40, low volume 0.46x avg (threshold < 0.75x), spread 0.78x ATR, close pos=0.14",786.9,8.1,8,False,"[HIGH_PRIORITY_CANDIDATE] Score: 65.5/100.0 | Mech Qual: PASS (Weekly WMA Up, Daily DMA(50/100) Up (694.1>624.1), RSI(14) Bullish (55.5), BBW Contraction) | VSA: Vol Ratio: 0.28x, Close Pos: 0.11 | Candidate Event: LPS (Bar vol_ratio=0.46x, spread_ratio=0.78x, close_pos=0.14. Candidate LPS: higher low=735.95 vs prior ST low=720.00 (+2.2%), holding above range support=626.40, low volume 0.46x avg (threshold < 0.75x), spread 0.78x ATR, close pos=0.14) | P&F Target: ₹786.90 (+8.1% upside)",https://www.tradingview.com/chart/?symbol=NSE%3AMINDACORP&interval=D,https://www.tradingview.com/chart/?symbol=NSE%3AMINDACORP&interval=W,https://www.tradingview.com/chart/?symbol=NSE%3AMINDACORP&interval=75,pending,data/research_datasets/20260824,2026-08-24 10:05:13 UTC
MANORAMA,MANORAMA.NS,Manorama Industries Limited,2026-08-21,901,HIGH_PRIORITY_CANDIDATE,True,True,65.5,False,None,True,True,True,False,False,True,1927.3,69.6,1627.89,1528.7,,,1.5,0.308,,0.22,0.86,0.1,False,False,False,False,LPS,2026-08-20,True,False,False,False,104,"Bar vol_ratio=0.45x, spread_ratio=0.82x, close_pos=0.75. Candidate LPS: higher low=1911.10 vs prior ST low=1590.40 (+20.2%), holding above range support=1490.60, low volume 0.45x avg (threshold < 0.75x), spread 0.82x ATR, close pos=0.75",1976.7,2.6,3,False,"[HIGH_PRIORITY_CANDIDATE] Score: 65.5/100.0 | Mech Qual: PASS (Weekly WMA Up, Daily DMA(50/100) Up (1627.9>1528.7), RSI(14) Bullish (69.6)) | VSA: Vol Ratio: 0.22x, Close Pos: 0.10 | Candidate Event: LPS (Bar vol_ratio=0.45x, spread_ratio=0.82x, close_pos=0.75. Candidate LPS: higher low=1911.10 vs prior ST low=1590.40 (+20.2%), holding above range support=1490.60, low volume 0.45x avg (threshold < 0.75x), spread 0.82x ATR, close pos=0.75) | P&F Target: ₹1976.70 (+2.6% upside)",https://www.tradingview.com/chart/?symbol=NSE%3AMANORAMA&interval=D,https://www.tradingview.com/chart/?symbol=NSE%3AMANORAMA&interval=W,https://www.tradingview.com/chart/?symbol=NSE%3AMANORAMA&interval=75,pending,data/research_datasets/20260824,2026-08-24 10:05:13 UTC
MANAPPURAM,MANAPPURAM.NS,Manappuram Finance Limited,2026-08-21,901,HIGH_PRIORITY_CANDIDATE,True,True,65.5,False,None,True,True,True,False,True,True,357.5,55.9,340.13,318.5,,,1.06,0.097,,1.32,0.64,0.86,False,False,False,False,LPS,2026-08-17,True,False,False,False,90,"Bar vol_ratio=0.37x, spread_ratio=0.55x, close_pos=0.72. Candidate LPS: higher low=344.20 vs prior ST low=343.56 (+0.2%), holding above range support=281.74, low volume 0.37x avg (threshold < 0.75x), spread 0.55x ATR, close pos=0.72",369.6,3.4,7,False,"[HIGH_PRIORITY_CANDIDATE] Score: 65.5/100.0 | Mech Qual: PASS (Weekly WMA Up, Daily DMA(50/100) Up (340.1>318.5), RSI(14) Bullish (55.9), BBW Contraction) | VSA: Vol Ratio: 1.32x, Close Pos: 0.86 | Candidate Event: LPS (Bar vol_ratio=0.37x, spread_ratio=0.55x, close_pos=0.72. Candidate LPS: higher low=344.20 vs prior ST low=343.56 (+0.2%), holding above range support=281.74, low volume 0.37x avg (threshold < 0.75x), spread 0.55x ATR, close pos=0.72) | P&F Target: ₹369.60 (+3.4% upside)",https://www.tradingview.com/chart/?symbol=NSE%3AMANAPPURAM&interval=D,https://www.tradingview.com/chart/?symbol=NSE%3AMANAPPURAM&interval=W,https://www.tradingview.com/chart/?symbol=NSE%3AMANAPPURAM&interval=75,pending,data/research_datasets/20260824,2026-08-24 10:05:13 UTC
KINGFA,KINGFA.NS,Kingfa Science & Technology (India) Limited,2026-08-21,899,HIGH_PRIORITY_CANDIDATE,True,True,65.5,False,None,True,True,True,False,False,True,5813.5,60.4,5263.26,5114.27,,,1.37,0.264,,0.38,0.58,0.37,False,False,True,False,LPS,2026-08-21,True,False,False,False,115,"Bar vol_ratio=0.38x, spread_ratio=0.58x, close_pos=0.37. Candidate LPS: higher low=5764.00 vs prior ST low=5670.00 (+1.7%), holding above range support=4891.00, low volume 0.38x avg (threshold < 0.75x), spread 0.58x ATR, close pos=0.37",5993.5,3.1,6,False,"[HIGH_PRIORITY_CANDIDATE] Score: 65.5/100.0 | Mech Qual: PASS (Weekly WMA Up, Daily DMA(50/100) Up (5263.3>5114.3), RSI(14) Bullish (60.4)) | VSA: Vol Ratio: 0.38x, Close Pos: 0.37, No Supply (Dry-up) | Candidate Event: LPS (Bar vol_ratio=0.38x, spread_ratio=0.58x, close_pos=0.37. Candidate LPS: higher low=5764.00 vs prior ST low=5670.00 (+1.7%), holding above range support=4891.00, low volume 0.38x avg (threshold < 0.75x), spread 0.58x ATR, close pos=0.37) | P&F Target: ₹5993.50 (+3.1% upside)",https://www.tradingview.com/chart/?symbol=NSE%3AKINGFA&interval=D,https://www.tradingview.com/chart/?symbol=NSE%3AKINGFA&interval=W,https://www.tradingview.com/chart/?symbol=NSE%3AKINGFA&interval=75,pending,data/research_datasets/20260824,2026-08-24 10:05:13 UTC
JAYNECOIND,JAYNECOIND.NS,Jayaswal Neco Industries Limited,2026-08-21,901,HIGH_PRIORITY_CANDIDATE,True,True,65.5,False,None,True,False,True,True,False,True,99.89,68.2,89.27,94.21,,,0.9,0.134,,4.05,2.44,0.8,False,False,False,False,SOS,2026-08-21,False,True,False,False,93,"Bar vol_ratio=4.05x, spread_ratio=2.44x, close_pos=0.80. Candidate SOS: close=99.89 broke above range resistance=95.99 (+4.06%), strong close position=0.80 (threshold > 0.7), volume 4.05x avg (threshold >= 1.5x), spread 2.44x ATR",104.83,4.9,23,False,"[HIGH_PRIORITY_CANDIDATE] Score: 65.5/100.0 | Mech Qual: PASS (Weekly WMA Up, RSI(14) Bullish (68.2), ATR Contraction (0.90<1.0)) | VSA: Vol Ratio: 4.05x, Close Pos: 0.80 | Candidate Event: SOS (Bar vol_ratio=4.05x, spread_ratio=2.44x, close_pos=0.80. Candidate SOS: close=99.89 broke above range resistance=95.99 (+4.06%), strong close position=0.80 (threshold > 0.7), volume 4.05x avg (threshold >= 1.5x), spread 2.44x ATR) | P&F Target: ₹104.83 (+4.9% upside)",https://www.tradingview.com/chart/?symbol=NSE%3AJAYNECOIND&interval=D,https://www.tradingview.com/chart/?symbol=NSE%3AJAYNECOIND&interval=W,https://www.tradingview.com/chart/?symbol=NSE%3AJAYNECOIND&interval=75,pending,data/research_datasets/20260824,2026-08-24 10:05:13 UTC
BBOX,BBOX.NS,Black Box Limited,2026-08-21,901,HIGH_PRIORITY_CANDIDATE,True,True,65.5,False,None,True,False,False,True,True,True,775.65,46.2,862.2,817.07,,,0.91,0.124,,2.3,1.33,0.39,False,False,False,False,LPS,2026-08-17,True,False,False,False,120,"Bar vol_ratio=0.74x, spread_ratio=0.97x, close_pos=0.25. Candidate LPS: higher low=765.00 vs prior Spring low=721.50 (+6.0%), holding above range support=721.50, low volume 0.74x avg (threshold < 0.75x), spread 0.97x ATR, close pos=0.25",814.7,5.0,13,False,"[HIGH_PRIORITY_CANDIDATE] Score: 65.5/100.0 | Mech Qual: PASS (Weekly WMA Up, ATR Contraction (0.91<1.0), BBW Contraction) | VSA: Vol Ratio: 2.30x, Close Pos: 0.39 | Candidate Event: LPS (Bar vol_ratio=0.74x, spread_ratio=0.97x, close_pos=0.25. Candidate LPS: higher low=765.00 vs prior Spring low=721.50 (+6.0%), holding above range support=721.50, low volume 0.74x avg (threshold < 0.75x), spread 0.97x ATR, close pos=0.25) | P&F Target: ₹814.70 (+5.0% upside)",https://www.tradingview.com/chart/?symbol=NSE%3ABBOX&interval=D,https://www.tradingview.com/chart/?symbol=NSE%3ABBOX&interval=W,https://www.tradingview.com/chart/?symbol=NSE%3ABBOX&interval=75,pending,data/research_datasets/20260824,2026-08-24 10:05:13 UTC
ATHERENERG,ATHERENERG.NS,Ather Energy Limited,2026-08-21,327,HIGH_PRIORITY_CANDIDATE,True,True,65.5,False,None,True,True,True,False,False,True,1462.0,61.3,1243.38,1082.2,,,1.26,0.33,,0.36,0.62,0.76,False,False,False,False,LPS,2026-08-10,True,False,False,False,49,"Bar vol_ratio=0.69x, spread_ratio=0.96x, close_pos=0.15. Candidate LPS: higher low=1457.00 vs prior ST low=1272.60 (+14.5%), holding above range support=927.60, low volume 0.69x avg (threshold < 0.75x), spread 0.96x ATR, close pos=0.15",1571.2,7.5,7,False,"[HIGH_PRIORITY_CANDIDATE] Score: 65.5/100.0 | Mech Qual: PASS (Weekly WMA Up, Daily DMA(50/100) Up (1243.4>1082.2), RSI(14) Bullish (61.3)) | VSA: Vol Ratio: 0.36x, Close Pos: 0.76 | Candidate Event: LPS (Bar vol_ratio=0.69x, spread_ratio=0.96x, close_pos=0.15. Candidate LPS: higher low=1457.00 vs prior ST low=1272.60 (+14.5%), holding above range support=927.60, low volume 0.69x avg (threshold < 0.75x), spread 0.96x ATR, close pos=0.15) | P&F Target: ₹1571.20 (+7.5% upside)",https://www.tradingview.com/chart/?symbol=NSE%3AATHERENERG&interval=D,https://www.tradingview.com/chart/?symbol=NSE%3AATHERENERG&interval=W,https://www.tradingview.com/chart/?symbol=NSE%3AATHERENERG&interval=75,pending,data/research_datasets/20260824,2026-08-24 10:05:13 UTC
ASTRAMICRO,ASTRAMICRO.NS,Astra Microwave Products Limited,2026-08-21,901,HIGH_PRIORITY_CANDIDATE,True,True,65.5,False,None,True,False,False,True,False,True,1662.2,43.3,1737.09,1457.25,,,0.97,0.143,,0.58,0.43,0.11,False,False,True,False,LPS,2026-08-13,True,False,False,False,91,"Bar vol_ratio=0.62x, spread_ratio=0.60x, close_pos=0.75. Candidate LPS: higher low=1665.50 vs prior ST low=1651.20 (+0.9%), holding above range support=1316.00, low volume 0.62x avg (threshold < 0.75x), spread 0.60x ATR, close pos=0.75",1784.9,7.4,14,False,"[HIGH_PRIORITY_CANDIDATE] Score: 65.5/100.0 | Mech Qual: PASS (Weekly WMA Up, ATR Contraction (0.97<1.0)) | VSA: Vol Ratio: 0.58x, Close Pos: 0.11, No Supply (Dry-up) | Candidate Event: LPS (Bar vol_ratio=0.62x, spread_ratio=0.60x, close_pos=0.75. Candidate LPS: higher low=1665.50 vs prior ST low=1651.20 (+0.9%), holding above range support=1316.00, low volume 0.62x avg (threshold < 0.75x), spread 0.60x ATR, close pos=0.75) | P&F Target: ₹1784.90 (+7.4% upside)",https://www.tradingview.com/chart/?symbol=NSE%3AASTRAMICRO&interval=D,https://www.tradingview.com/chart/?symbol=NSE%3AASTRAMICRO&interval=W,https://www.tradingview.com/chart/?symbol=NSE%3AASTRAMICRO&interval=75,pending,data/research_datasets/20260824,2026-08-24 10:05:13 UTC
ZEEMEDIA,ZEEMEDIA.NS,Zee Media Corporation Limited,2026-08-21,900,HIGH_PRIORITY_CANDIDATE,True,True,65.0,False,None,False,True,True,False,False,True,9.38,67.1,8.19,8.16,,,1.36,0.509,,0.45,0.88,0.38,False,False,False,False,LPS,2026-08-19,True,False,False,False,129,"Bar vol_ratio=0.59x, spread_ratio=1.09x, close_pos=0.52. Candidate LPS: higher low=9.00 vs prior ST low=6.92 (+30.1%), holding above range support=6.89, low volume 0.59x avg (threshold < 0.75x), spread 1.09x ATR, close pos=0.52",22.76,142.6,18,False,"[HIGH_PRIORITY_CANDIDATE] Score: 65.0/100.0 | Mech Qual: PASS (Daily DMA(50/100) Up (8.2>8.2), RSI(14) Bullish (67.1)) | VSA: Vol Ratio: 0.45x, Close Pos: 0.38 | Candidate Event: LPS (Bar vol_ratio=0.59x, spread_ratio=1.09x, close_pos=0.52. Candidate LPS: higher low=9.00 vs prior ST low=6.92 (+30.1%), holding above range support=6.89, low volume 0.59x avg (threshold < 0.75x), spread 1.09x ATR, close pos=0.52) | P&F Target: ₹22.76 (+142.6% upside)",https://www.tradingview.com/chart/?symbol=NSE%3AZEEMEDIA&interval=D,https://www.tradingview.com/chart/?symbol=NSE%3AZEEMEDIA&interval=W,https://www.tradingview.com/chart/?symbol=NSE%3AZEEMEDIA&interval=75,pending,data/research_datasets/20260824,2026-08-24 10:05:13 UTC
VSSL,VSSL.NS,Vardhman Special Steels Limited,2026-08-21,900,HIGH_PRIORITY_CANDIDATE,True,True,65.0,False,None,False,True,True,False,False,True,348.7,65.2,303.14,284.66,,,1.37,0.272,,0.42,0.87,0.19,False,False,False,False,SOS,2026-08-14,False,True,False,False,127,"Bar vol_ratio=2.43x, spread_ratio=1.85x, close_pos=0.91. Candidate SOS: close=353.35 broke above range resistance=351.70 (+0.47%), strong close position=0.91 (threshold > 0.7), volume 2.43x avg (threshold >= 1.5x), spread 1.85x ATR",459.1,31.7,53,False,"[HIGH_PRIORITY_CANDIDATE] Score: 65.0/100.0 | Mech Qual: PASS (Daily DMA(50/100) Up (303.1>284.7), RSI(14) Bullish (65.2)) | VSA: Vol Ratio: 0.42x, Close Pos: 0.19 | Candidate Event: SOS (Bar vol_ratio=2.43x, spread_ratio=1.85x, close_pos=0.91. Candidate SOS: close=353.35 broke above range resistance=351.70 (+0.47%), strong close position=0.91 (threshold > 0.7), volume 2.43x avg (threshold >= 1.5x), spread 1.85x ATR) | P&F Target: ₹459.10 (+31.7% upside)",https://www.tradingview.com/chart/?symbol=NSE%3AVSSL&interval=D,https://www.tradingview.com/chart/?symbol=NSE%3AVSSL&interval=W,https://www.tradingview.com/chart/?symbol=NSE%3AVSSL&interval=75,pending,data/research_datasets/20260824,2026-08-24 10:05:13 UTC
VARROC,VARROC.NS,Varroc Engineering Limited,2026-08-21,900,HIGH_PRIORITY_CANDIDATE,True,True,65.0,False,None,False,True,True,False,False,True,814.95,69.0,688.14,616.66,,,1.45,0.405,,0.15,0.46,0.32,False,False,True,False,SOS,2026-08-07,False,True,False,False,123,"Bar vol_ratio=15.53x, spread_ratio=4.47x, close_pos=0.80. Candidate SOS: close=811.20 broke above range resistance=755.91 (+7.31%), strong close position=0.80 (threshold > 0.7), volume 15.53x avg (threshold >= 1.5x), spread 4.47x ATR",1067.94,31.0,83,False,"[HIGH_PRIORITY_CANDIDATE] Score: 65.0/100.0 | Mech Qual: PASS (Daily DMA(50/100) Up (688.1>616.7), RSI(14) Bullish (69.0)) | VSA: Vol Ratio: 0.15x, Close Pos: 0.32, No Supply (Dry-up) | Candidate Event: SOS (Bar vol_ratio=15.53x, spread_ratio=4.47x, close_pos=0.80. Candidate SOS: close=811.20 broke above range resistance=755.91 (+7.31%), strong close position=0.80 (threshold > 0.7), volume 15.53x avg (threshold >= 1.5x), spread 4.47x ATR) | P&F Target: ₹1067.94 (+31.0% upside)",https://www.tradingview.com/chart/?symbol=NSE%3AVARROC&interval=D,https://www.tradingview.com/chart/?symbol=NSE%3AVARROC&interval=W,https://www.tradingview.com/chart/?symbol=NSE%3AVARROC&interval=75,pending,data/research_datasets/20260824,2026-08-24 10:05:13 UTC
THOMASCOOK,THOMASCOOK.NS,Thomas Cook  (India)  Limited,2026-08-21,901,HIGH_PRIORITY_CANDIDATE,True,True,65.0,False,None,False,True,True,False,False,True,113.17,63.0,105.6,101.97,,,1.23,0.146,,9.52,2.74,0.82,False,False,False,False,LPS,2026-08-14,True,False,False,False,121,"Bar vol_ratio=0.33x, spread_ratio=0.79x, close_pos=0.11. Candidate LPS: higher low=105.50 vs prior ST low=103.90 (+1.5%), holding above range support=92.00, low volume 0.33x avg (threshold < 0.75x), spread 0.79x ATR, close pos=0.11",174.88,54.5,23,False,"[HIGH_PRIORITY_CANDIDATE] Score: 65.0/100.0 | Mech Qual: PASS (Daily DMA(50/100) Up (105.6>102.0), RSI(14) Bullish (63.0)) | VSA: Vol Ratio: 9.52x, Close Pos: 0.82 | Candidate Event: LPS (Bar vol_ratio=0.33x, spread_ratio=0.79x, close_pos=0.11. Candidate LPS: higher low=105.50 vs prior ST low=103.90 (+1.5%), holding above range support=92.00, low volume 0.33x avg (threshold < 0.75x), spread 0.79x ATR, close pos=0.11) | P&F Target: ₹174.88 (+54.5% upside)",https://www.tradingview.com/chart/?symbol=NSE%3ATHOMASCOOK&interval=D,https://www.tradingview.com/chart/?symbol=NSE%3ATHOMASCOOK&interval=W,https://www.tradingview.com/chart/?symbol=NSE%3ATHOMASCOOK&interval=75,pending,data/research_datasets/20260824,2026-08-24 10:05:13 UTC
TENNIND,TENNIND.NS,Tenneco Clean Air India Limited,2026-08-21,191,HIGH_PRIORITY_CANDIDATE,True,True,65.0,False,None,True,False,True,False,True,True,576.15,58.9,566.26,578.34,,,1.07,0.105,,0.31,0.91,0.82,False,False,False,False,LPS,2026-08-13,True,False,False,False,20,"Bar vol_ratio=0.64x, spread_ratio=0.89x, close_pos=0.23. Candidate LPS: higher low=529.80 vs prior Spring low=525.00 (+0.9%), holding above range support=525.00, low volume 0.64x avg (threshold < 0.75x), spread 0.89x ATR, close pos=0.23",960.25,66.7,26,False,"[HIGH_PRIORITY_CANDIDATE] Score: 65.0/100.0 | Mech Qual: PASS (Weekly WMA Up, RSI(14) Bullish (58.9), BBW Contraction) | VSA: Vol Ratio: 0.31x, Close Pos: 0.82 | Candidate Event: LPS (Bar vol_ratio=0.64x, spread_ratio=0.89x, close_pos=0.23. Candidate LPS: higher low=529.80 vs prior Spring low=525.00 (+0.9%), holding above range support=525.00, low volume 0.64x avg (threshold < 0.75x), spread 0.89x ATR, close pos=0.23) | P&F Target: ₹960.25 (+66.7% upside)",https://www.tradingview.com/chart/?symbol=NSE%3ATENNIND&interval=D,https://www.tradingview.com/chart/?symbol=NSE%3ATENNIND&interval=W,https://www.tradingview.com/chart/?symbol=NSE%3ATENNIND&interval=75,pending,data/research_datasets/20260824,2026-08-24 10:05:13 UTC
SOLARA,SOLARA.NS,Solara Active Pharma Sciences Limited,2026-08-21,901,HIGH_PRIORITY_CANDIDATE,True,True,65.0,False,None,False,True,True,False,False,True,616.9,68.7,551.02,536.1,,,1.07,0.276,,1.35,1.3,0.27,False,False,False,False,SOS,2026-08-20,False,True,False,False,102,"Bar vol_ratio=12.92x, spread_ratio=4.40x, close_pos=0.86. Candidate SOS: close=640.00 broke above range resistance=620.35 (+3.17%), strong close position=0.86 (threshold > 0.7), volume 12.92x avg (threshold >= 1.5x), spread 4.40x ATR",1310.85,112.5,53,False,"[HIGH_PRIORITY_CANDIDATE] Score: 65.0/100.0 | Mech Qual: PASS (Daily DMA(50/100) Up (551.0>536.1), RSI(14) Bullish (68.7)) | VSA: Vol Ratio: 1.35x, Close Pos: 0.27 | Candidate Event: SOS (Bar vol_ratio=12.92x, spread_ratio=4.40x, close_pos=0.86. Candidate SOS: close=640.00 broke above range resistance=620.35 (+3.17%), strong close position=0.86 (threshold > 0.7), volume 12.92x avg (threshold >= 1.5x), spread 4.40x ATR) | P&F Target: ₹1310.85 (+112.5% upside)",https://www.tradingview.com/chart/?symbol=NSE%3ASOLARA&interval=D,https://www.tradingview.com/chart/?symbol=NSE%3ASOLARA&interval=W,https://www.tradingview.com/chart/?symbol=NSE%3ASOLARA&interval=75,pending,data/research_datasets/20260824,2026-08-24 10:05:13 UTC
SHRINGARMS,SHRINGARMS.NS,Shringar House of Mangalsutra Limited,2026-08-21,232,HIGH_PRIORITY_CANDIDATE,True,True,65.0,False,None,False,True,True,False,False,True,230.52,57.6,223.51,213.91,,,1.09,0.086,,1.9,1.44,0.68,False,False,False,False,LPS,2026-08-18,True,False,False,False,19,"Bar vol_ratio=0.56x, spread_ratio=0.89x, close_pos=0.16. Candidate LPS: higher low=224.00 vs prior ST low=223.30 (+0.3%), holding above range support=199.00, low volume 0.56x avg (threshold < 0.75x), spread 0.89x ATR, close pos=0.16",440.93,91.3,36,False,"[HIGH_PRIORITY_CANDIDATE] Score: 65.0/100.0 | Mech Qual: PASS (Daily DMA(50/100) Up (223.5>213.9), RSI(14) Bullish (57.6)) | VSA: Vol Ratio: 1.90x, Close Pos: 0.68 | Candidate Event: LPS (Bar vol_ratio=0.56x, spread_ratio=0.89x, close_pos=0.16. Candidate LPS: higher low=224.00 vs prior ST low=223.30 (+0.3%), holding above range support=199.00, low volume 0.56x avg (threshold < 0.75x), spread 0.89x ATR, close pos=0.16) | P&F Target: ₹440.93 (+91.3% upside)",https://www.tradingview.com/chart/?symbol=NSE%3ASHRINGARMS&interval=D,https://www.tradingview.com/chart/?symbol=NSE%3ASHRINGARMS&interval=W,https://www.tradingview.com/chart/?symbol=NSE%3ASHRINGARMS&interval=75,pending,data/research_datasets/20260824,2026-08-24 10:05:13 UTC
SEAMECLTD,SEAMECLTD.NS,Seamec Limited,2026-08-21,899,HIGH_PRIORITY_CANDIDATE,True,True,65.0,False,None,True,False,False,True,False,True,1674.3,74.1,1463.44,1509.82,,,0.94,0.202,,0.67,1.07,0.29,False,False,False,False,SOS,2026-08-20,False,True,False,False,123,"Bar vol_ratio=4.87x, spread_ratio=1.56x, close_pos=0.76. Candidate SOS: close=1697.00 broke above range resistance=1644.66 (+3.18%), strong close position=0.76 (threshold > 0.7), volume 4.87x avg (threshold >= 1.5x), spread 1.56x ATR",2596.25,55.1,37,False,"[HIGH_PRIORITY_CANDIDATE] Score: 65.0/100.0 | Mech Qual: PASS (Weekly WMA Up, ATR Contraction (0.94<1.0)) | VSA: Vol Ratio: 0.67x, Close Pos: 0.29 | Candidate Event: SOS (Bar vol_ratio=4.87x, spread_ratio=1.56x, close_pos=0.76. Candidate SOS: close=1697.00 broke above range resistance=1644.66 (+3.18%), strong close position=0.76 (threshold > 0.7), volume 4.87x avg (threshold >= 1.5x), spread 1.56x ATR) | P&F Target: ₹2596.25 (+55.1% upside)",https://www.tradingview.com/chart/?symbol=NSE%3ASEAMECLTD&interval=D,https://www.tradingview.com/chart/?symbol=NSE%3ASEAMECLTD&interval=W,https://www.tradingview.com/chart/?symbol=NSE%3ASEAMECLTD&interval=75,pending,data/research_datasets/20260824,2026-08-24 10:05:13 UTC
PRAJIND,PRAJIND.NS,Praj Industries Limited,2026-08-21,901,HIGH_PRIORITY_CANDIDATE,True,True,65.0,False,None,True,False,True,False,True,True,344.35,57.6,335.19,351.36,,,1.28,0.181,,1.25,1.42,0.19,False,False,False,False,LPS,2026-08-11,True,False,False,False,117,"Bar vol_ratio=0.65x, spread_ratio=0.92x, close_pos=0.71. Candidate LPS: higher low=323.70 vs prior Spring low=311.53 (+3.9%), holding above range support=297.39, low volume 0.65x avg (threshold < 0.75x), spread 0.92x ATR, close pos=0.71",735.94,113.7,26,False,"[HIGH_PRIORITY_CANDIDATE] Score: 65.0/100.0 | Mech Qual: PASS (Weekly WMA Up, RSI(14) Bullish (57.6), BBW Contraction) | VSA: Vol Ratio: 1.25x, Close Pos: 0.19 | Candidate Event: LPS (Bar vol_ratio=0.65x, spread_ratio=0.92x, close_pos=0.71. Candidate LPS: higher low=323.70 vs prior Spring low=311.53 (+3.9%), holding above range support=297.39, low volume 0.65x avg (threshold < 0.75x), spread 0.92x ATR, close pos=0.71) | P&F Target: ₹735.94 (+113.7% upside)",https://www.tradingview.com/chart/?symbol=NSE%3APRAJIND&interval=D,https://www.tradingview.com/chart/?symbol=NSE%3APRAJIND&interval=W,https://www.tradingview.com/chart/?symbol=NSE%3APRAJIND&interval=75,pending,data/research_datasets/20260824,2026-08-24 10:05:13 UTC
NRAIL,NRAIL.NS,N R Agarwal Industries Limited,2026-08-21,900,HIGH_PRIORITY_CANDIDATE,True,True,65.0,False,None,False,True,False,True,True,True,503.85,54.5,465.47,464.68,,,1.0,0.182,,0.17,0.25,0.81,False,True,False,False,LPS,2026-08-12,True,False,False,False,148,"Bar vol_ratio=0.18x, spread_ratio=0.24x, close_pos=0.23. Candidate LPS: higher low=521.05 vs prior ST low=520.70 (+0.1%), holding above range support=401.20, low volume 0.18x avg (threshold < 0.75x), spread 0.24x ATR, close pos=0.23",648.6,28.7,21,False,"[HIGH_PRIORITY_CANDIDATE] Score: 65.0/100.0 | Mech Qual: PASS (Daily DMA(50/100) Up (465.5>464.7), ATR Contraction (1.00<1.0), BBW Contraction) | VSA: Vol Ratio: 0.17x, Close Pos: 0.81, No Demand | Candidate Event: LPS (Bar vol_ratio=0.18x, spread_ratio=0.24x, close_pos=0.23. Candidate LPS: higher low=521.05 vs prior ST low=520.70 (+0.1%), holding above range support=401.20, low volume 0.18x avg (threshold < 0.75x), spread 0.24x ATR, close pos=0.23) | P&F Target: ₹648.60 (+28.7% upside)",https://www.tradingview.com/chart/?symbol=NSE%3ANRAIL&interval=D,https://www.tradingview.com/chart/?symbol=NSE%3ANRAIL&interval=W,https://www.tradingview.com/chart/?symbol=NSE%3ANRAIL&interval=75,pending,data/research_datasets/20260824,2026-08-24 10:05:13 UTC
NEPHROPLUS,NEPHROPLUS.NS,Nephrocare Health Services Limited,2026-08-21,170,HIGH_PRIORITY_CANDIDATE,True,True,65.0,False,None,False,True,False,False,True,True,694.1,53.1,680.16,636.56,,,1.04,0.065,,0.98,0.85,0.92,False,False,False,False,LPS,2026-08-17,True,False,False,False,9,"Bar vol_ratio=0.65x, spread_ratio=0.51x, close_pos=0.26. Candidate LPS: higher low=691.00 vs prior ST low=675.60 (+2.3%), holding above range support=618.00, low volume 0.65x avg (threshold < 0.75x), spread 0.51x ATR, close pos=0.26",889.65,28.2,13,False,"[HIGH_PRIORITY_CANDIDATE] Score: 65.0/100.0 | Mech Qual: PASS (Daily DMA(50/100) Up (680.2>636.6), BBW Contraction) | VSA: Vol Ratio: 0.98x, Close Pos: 0.92 | Candidate Event: LPS (Bar vol_ratio=0.65x, spread_ratio=0.51x, close_pos=0.26. Candidate LPS: higher low=691.00 vs prior ST low=675.60 (+2.3%), holding above range support=618.00, low volume 0.65x avg (threshold < 0.75x), spread 0.51x ATR, close pos=0.26) | P&F Target: ₹889.65 (+28.2% upside)",https://www.tradingview.com/chart/?symbol=NSE%3ANEPHROPLUS&interval=D,https://www.tradingview.com/chart/?symbol=NSE%3ANEPHROPLUS&interval=W,https://www.tradingview.com/chart/?symbol=NSE%3ANEPHROPLUS&interval=75,pending,data/research_datasets/20260824,2026-08-24 10:05:13 UTC
NAUKRI,NAUKRI.NS,Info Edge (India) Limited,2026-08-21,901,HIGH_PRIORITY_CANDIDATE,True,True,65.0,False,None,False,True,True,False,False,True,1350.1,65.6,1167.86,1076.25,,,1.08,0.183,,0.28,0.57,0.22,False,False,True,False,SOS,2026-08-10,False,True,False,False,109,"Bar vol_ratio=3.05x, spread_ratio=1.75x, close_pos=0.73. Candidate SOS: close=1282.00 broke above range resistance=1277.90 (+0.32%), strong close position=0.73 (threshold > 0.7), volume 3.05x avg (threshold >= 1.5x), spread 1.75x ATR",2055.75,52.3,35,False,"[HIGH_PRIORITY_CANDIDATE] Score: 65.0/100.0 | Mech Qual: PASS (Daily DMA(50/100) Up (1167.9>1076.2), RSI(14) Bullish (65.6)) | VSA: Vol Ratio: 0.28x, Close Pos: 0.22, No Supply (Dry-up) | Candidate Event: SOS (Bar vol_ratio=3.05x, spread_ratio=1.75x, close_pos=0.73. Candidate SOS: close=1282.00 broke above range resistance=1277.90 (+0.32%), strong close position=0.73 (threshold > 0.7), volume 3.05x avg (threshold >= 1.5x), spread 1.75x ATR) | P&F Target: ₹2055.75 (+52.3% upside)",https://www.tradingview.com/chart/?symbol=NSE%3ANAUKRI&interval=D,https://www.tradingview.com/chart/?symbol=NSE%3ANAUKRI&interval=W,https://www.tradingview.com/chart/?symbol=NSE%3ANAUKRI&interval=75,pending,data/research_datasets/20260824,2026-08-24 10:05:13 UTC
NAHARSPING,NAHARSPING.NS,Nahar Spinning Mills Limited,2026-08-21,900,HIGH_PRIORITY_CANDIDATE,True,True,65.0,False,None,True,True,False,False,True,True,299.8,53.9,278.76,266.91,,,1.33,0.192,,0.43,0.58,0.81,False,True,False,False,LPS,2026-08-11,True,False,False,False,113,"Bar vol_ratio=0.51x, spread_ratio=0.75x, close_pos=0.30. Candidate LPS: higher low=305.20 vs prior ST low=305.00 (+0.1%), holding above range support=243.05, low volume 0.51x avg (threshold < 0.75x), spread 0.75x ATR, close pos=0.30",608.15,102.9,50,False,"[HIGH_PRIORITY_CANDIDATE] Score: 65.0/100.0 | Mech Qual: PASS (Weekly WMA Up, Daily DMA(50/100) Up (278.8>266.9), BBW Contraction) | VSA: Vol Ratio: 0.43x, Close Pos: 0.81, No Demand | Candidate Event: LPS (Bar vol_ratio=0.51x, spread_ratio=0.75x, close_pos=0.30. Candidate LPS: higher low=305.20 vs prior ST low=305.00 (+0.1%), holding above range support=243.05, low volume 0.51x avg (threshold < 0.75x), spread 0.75x ATR, close pos=0.30) | P&F Target: ₹608.15 (+102.9% upside)",https://www.tradingview.com/chart/?symbol=NSE%3ANAHARSPING&interval=D,https://www.tradingview.com/chart/?symbol=NSE%3ANAHARSPING&interval=W,https://www.tradingview.com/chart/?symbol=NSE%3ANAHARSPING&interval=75,pending,data/research_datasets/20260824,2026-08-24 10:05:13 UTC
MUKANDLTD,MUKANDLTD.NS,Mukand Limited,2026-08-21,901,HIGH_PRIORITY_CANDIDATE,True,True,65.0,False,None,True,True,False,False,True,True,137.21,51.0,135.13,134.85,,,1.07,0.07,,0.62,1.06,0.39,False,False,False,False,LPS,2026-08-18,True,False,False,False,98,"Bar vol_ratio=0.36x, spread_ratio=0.70x, close_pos=0.56. Candidate LPS: higher low=134.17 vs prior ST low=133.03 (+0.9%), holding above range support=126.31, low volume 0.36x avg (threshold < 0.75x), spread 0.70x ATR, close pos=0.56",390.69,184.7,85,False,"[HIGH_PRIORITY_CANDIDATE] Score: 65.0/100.0 | Mech Qual: PASS (Weekly WMA Up, Daily DMA(50/100) Up (135.1>134.8), BBW Contraction) | VSA: Vol Ratio: 0.62x, Close Pos: 0.39 | Candidate Event: LPS (Bar vol_ratio=0.36x, spread_ratio=0.70x, close_pos=0.56. Candidate LPS: higher low=134.17 vs prior ST low=133.03 (+0.9%), holding above range support=126.31, low volume 0.36x avg (threshold < 0.75x), spread 0.70x ATR, close pos=0.56) | P&F Target: ₹390.69 (+184.7% upside)",https://www.tradingview.com/chart/?symbol=NSE%3AMUKANDLTD&interval=D,https://www.tradingview.com/chart/?symbol=NSE%3AMUKANDLTD&interval=W,https://www.tradingview.com/chart/?symbol=NSE%3AMUKANDLTD&interval=75,pending,data/research_datasets/20260824,2026-08-24 10:05:13 UTC
MRF,MRF.NS,MRF Limited,2026-08-21,900,HIGH_PRIORITY_CANDIDATE,True,True,65.0,False,None,False,True,False,True,True,True,132665.0,50.0,131937.17,130487.52,,,0.74,0.034,,0.67,0.97,0.14,False,False,False,False,LPS,2026-08-17,True,False,False,False,108,"Bar vol_ratio=0.48x, spread_ratio=0.45x, close_pos=0.65. Candidate LPS: higher low=132450.00 vs prior ST low=130500.00 (+1.5%), holding above range support=121837.35, low volume 0.48x avg (threshold < 0.75x), spread 0.45x ATR, close pos=0.65",224365.0,69.1,35,False,"[HIGH_PRIORITY_CANDIDATE] Score: 65.0/100.0 | Mech Qual: PASS (Daily DMA(50/100) Up (131937.2>130487.5), ATR Contraction (0.74<1.0), BBW Contraction) | VSA: Vol Ratio: 0.67x, Close Pos: 0.14 | Candidate Event: LPS (Bar vol_ratio=0.48x, spread_ratio=0.45x, close_pos=0.65. Candidate LPS: higher low=132450.00 vs prior ST low=130500.00 (+1.5%), holding above range support=121837.35, low volume 0.48x avg (threshold < 0.75x), spread 0.45x ATR, close pos=0.65) | P&F Target: ₹224365.00 (+69.1% upside)",https://www.tradingview.com/chart/?symbol=NSE%3AMRF&interval=D,https://www.tradingview.com/chart/?symbol=NSE%3AMRF&interval=W,https://www.tradingview.com/chart/?symbol=NSE%3AMRF&interval=75,pending,data/research_datasets/20260824,2026-08-24 10:05:13 UTC
MOL,MOL.NS,Meghmani Organics Limited,2026-08-21,901,HIGH_PRIORITY_CANDIDATE,True,True,65.0,False,None,False,True,True,False,True,True,60.26,62.1,52.59,51.73,,,1.2,0.242,,0.36,0.73,0.28,False,False,False,False,SOS,2026-08-14,False,True,False,False,137,"Bar vol_ratio=3.41x, spread_ratio=1.91x, close_pos=0.93. Candidate SOS: close=63.23 broke above range resistance=60.30 (+4.86%), strong close position=0.93 (threshold > 0.7), volume 3.41x avg (threshold >= 1.5x), spread 1.91x ATR",102.98,70.9,15,False,"[HIGH_PRIORITY_CANDIDATE] Score: 65.0/100.0 | Mech Qual: PASS (Daily DMA(50/100) Up (52.6>51.7), RSI(14) Bullish (62.1), BBW Contraction) | VSA: Vol Ratio: 0.36x, Close Pos: 0.28 | Candidate Event: SOS (Bar vol_ratio=3.41x, spread_ratio=1.91x, close_pos=0.93. Candidate SOS: close=63.23 broke above range resistance=60.30 (+4.86%), strong close position=0.93 (threshold > 0.7), volume 3.41x avg (threshold >= 1.5x), spread 1.91x ATR) | P&F Target: ₹102.98 (+70.9% upside)",https://www.tradingview.com/chart/?symbol=NSE%3AMOL&interval=D,https://www.tradingview.com/chart/?symbol=NSE%3AMOL&interval=W,https://www.tradingview.com/chart/?symbol=NSE%3AMOL&interval=75,pending,data/research_datasets/20260824,2026-08-24 10:05:13 UTC
MANCREDIT,MANCREDIT.NS,Mangal Credit and Fincorp Limited,2026-08-21,502,HIGH_PRIORITY_CANDIDATE,True,True,65.0,False,None,True,False,False,False,True,True,218.06,41.1,231.84,205.9,,,1.04,0.2,,0.83,0.93,0.21,False,False,False,False,LPS,2026-08-12,True,False,False,False,54,"Bar vol_ratio=0.09x, spread_ratio=0.32x, close_pos=0.09. Candidate LPS: higher low=243.00 vs prior ST low=238.01 (+2.1%), holding above range support=198.00, low volume 0.09x avg (threshold < 0.75x), spread 0.32x ATR, close pos=0.09",288.44,32.3,15,False,"[HIGH_PRIORITY_CANDIDATE] Score: 65.0/100.0 | Mech Qual: PASS (Weekly WMA Up, BBW Contraction) | VSA: Vol Ratio: 0.83x, Close Pos: 0.21 | Candidate Event: LPS (Bar vol_ratio=0.09x, spread_ratio=0.32x, close_pos=0.09. Candidate LPS: higher low=243.00 vs prior ST low=238.01 (+2.1%), holding above range support=198.00, low volume 0.09x avg (threshold < 0.75x), spread 0.32x ATR, close pos=0.09) | P&F Target: ₹288.44 (+32.3% upside)",https://www.tradingview.com/chart/?symbol=NSE%3AMANCREDIT&interval=D,https://www.tradingview.com/chart/?symbol=NSE%3AMANCREDIT&interval=W,https://www.tradingview.com/chart/?symbol=NSE%3AMANCREDIT&interval=75,pending,data/research_datasets/20260824,2026-08-24 10:05:13 UTC
LUXIND,LUXIND.NS,Lux Industries Limited,2026-08-21,901,HIGH_PRIORITY_CANDIDATE,True,True,65.0,False,None,True,False,False,True,False,True,1203.4,41.1,1246.86,1322.07,,,0.97,0.086,,0.49,0.5,0.61,False,True,False,False,LPS,2026-08-19,True,False,False,False,130,"Bar vol_ratio=0.64x, spread_ratio=0.57x, close_pos=0.47. Candidate LPS: higher low=1208.00 vs prior Spring low=1200.00 (+0.7%), holding above range support=1154.10, low volume 0.64x avg (threshold < 0.75x), spread 0.57x ATR, close pos=0.47",2811.9,133.7,26,False,"[HIGH_PRIORITY_CANDIDATE] Score: 65.0/100.0 | Mech Qual: PASS (Weekly WMA Up, ATR Contraction (0.97<1.0)) | VSA: Vol Ratio: 0.49x, Close Pos: 0.61, No Demand | Candidate Event: LPS (Bar vol_ratio=0.64x, spread_ratio=0.57x, close_pos=0.47. Candidate LPS: higher low=1208.00 vs prior Spring low=1200.00 (+0.7%), holding above range support=1154.10, low volume 0.64x avg (threshold < 0.75x), spread 0.57x ATR, close pos=0.47) | P&F Target: ₹2811.90 (+133.7% upside)",https://www.tradingview.com/chart/?symbol=NSE%3ALUXIND&interval=D,https://www.tradingview.com/chart/?symbol=NSE%3ALUXIND&interval=W,https://www.tradingview.com/chart/?symbol=NSE%3ALUXIND&interval=75,pending,data/research_datasets/20260824,2026-08-24 10:05:13 UTC
KOLTEPATIL,KOLTEPATIL.NS,Kolte - Patil Developers Limited,2026-08-21,899,HIGH_PRIORITY_CANDIDATE,True,True,65.0,False,None,False,True,True,False,False,True,468.55,62.0,399.93,382.77,,,1.76,0.394,,0.19,0.68,0.2,False,False,False,False,SOS,2026-08-10,False,True,False,False,133,"Bar vol_ratio=2.65x, spread_ratio=2.09x, close_pos=0.79. Candidate SOS: close=462.20 broke above range resistance=450.00 (+2.71%), strong close position=0.79 (threshold > 0.7), volume 2.65x avg (threshold >= 1.5x), spread 2.09x ATR",764.6,63.2,63,False,"[HIGH_PRIORITY_CANDIDATE] Score: 65.0/100.0 | Mech Qual: PASS (Daily DMA(50/100) Up (399.9>382.8), RSI(14) Bullish (62.0)) | VSA: Vol Ratio: 0.19x, Close Pos: 0.20 | Candidate Event: SOS (Bar vol_ratio=2.65x, spread_ratio=2.09x, close_pos=0.79. Candidate SOS: close=462.20 broke above range resistance=450.00 (+2.71%), strong close position=0.79 (threshold > 0.7), volume 2.65x avg (threshold >= 1.5x), spread 2.09x ATR) | P&F Target: ₹764.60 (+63.2% upside)",https://www.tradingview.com/chart/?symbol=NSE%3AKOLTEPATIL&interval=D,https://www.tradingview.com/chart/?symbol=NSE%3AKOLTEPATIL&interval=W,https://www.tradingview.com/chart/?symbol=NSE%3AKOLTEPATIL&interval=75,pending,data/research_datasets/20260824,2026-08-24 10:05:13 UTC
JUBLCPL,JUBLCPL.NS,Jubilant Agri and Consumer Products Limited,2026-08-21,376,HIGH_PRIORITY_CANDIDATE,True,True,65.0,False,None,False,True,True,False,False,True,2227.8,59.4,1995.74,1886.85,,,1.59,0.441,,0.12,0.56,0.11,False,False,True,False,SOS,2026-08-13,False,True,False,False,40,"Bar vol_ratio=12.48x, spread_ratio=4.22x, close_pos=1.00. Candidate SOS: close=2322.60 broke above range resistance=2200.00 (+5.57%), strong close position=1.00 (threshold > 0.7), volume 12.48x avg (threshold >= 1.5x), spread 4.22x ATR",3620.6,62.5,29,False,"[HIGH_PRIORITY_CANDIDATE] Score: 65.0/100.0 | Mech Qual: PASS (Daily DMA(50/100) Up (1995.7>1886.8), RSI(14) Bullish (59.4)) | VSA: Vol Ratio: 0.12x, Close Pos: 0.11, No Supply (Dry-up) | Candidate Event: SOS (Bar vol_ratio=12.48x, spread_ratio=4.22x, close_pos=1.00. Candidate SOS: close=2322.60 broke above range resistance=2200.00 (+5.57%), strong close position=1.00 (threshold > 0.7), volume 12.48x avg (threshold >= 1.5x), spread 4.22x ATR) | P&F Target: ₹3620.60 (+62.5% upside)",https://www.tradingview.com/chart/?symbol=NSE%3AJUBLCPL&interval=D,https://www.tradingview.com/chart/?symbol=NSE%3AJUBLCPL&interval=W,https://www.tradingview.com/chart/?symbol=NSE%3AJUBLCPL&interval=75,pending,data/research_datasets/20260824,2026-08-24 10:05:13 UTC
INDGN,INDGN.NS,Indegene Limited,2026-08-21,569,HIGH_PRIORITY_CANDIDATE,True,True,65.0,False,None,False,True,True,False,False,True,567.8,64.5,524.66,514.99,,,1.06,0.163,,0.46,0.66,0.79,False,False,False,False,LPS,2026-08-12,True,False,False,False,69,"Bar vol_ratio=0.64x, spread_ratio=0.78x, close_pos=0.17. Candidate LPS: higher low=562.80 vs prior ST low=546.10 (+3.1%), holding above range support=479.84, low volume 0.64x avg (threshold < 0.75x), spread 0.78x ATR, close pos=0.17",1420.4,150.2,57,False,"[HIGH_PRIORITY_CANDIDATE] Score: 65.0/100.0 | Mech Qual: PASS (Daily DMA(50/100) Up (524.7>515.0), RSI(14) Bullish (64.5)) | VSA: Vol Ratio: 0.46x, Close Pos: 0.79 | Candidate Event: LPS (Bar vol_ratio=0.64x, spread_ratio=0.78x, close_pos=0.17. Candidate LPS: higher low=562.80 vs prior ST low=546.10 (+3.1%), holding above range support=479.84, low volume 0.64x avg (threshold < 0.75x), spread 0.78x ATR, close pos=0.17) | P&F Target: ₹1420.40 (+150.2% upside)",https://www.tradingview.com/chart/?symbol=NSE%3AINDGN&interval=D,https://www.tradingview.com/chart/?symbol=NSE%3AINDGN&interval=W,https://www.tradingview.com/chart/?symbol=NSE%3AINDGN&interval=75,pending,data/research_datasets/20260824,2026-08-24 10:05:13 UTC
GLAXO,GLAXO.NS,GlaxoSmithKline Pharmaceuticals Limited,2026-08-21,901,HIGH_PRIORITY_CANDIDATE,True,True,65.0,False,None,False,True,True,False,False,True,2902.2,69.0,2516.95,2405.75,,,1.26,0.206,,0.52,1.28,0.2,False,False,False,False,SOS,2026-08-19,False,True,False,False,119,"Bar vol_ratio=8.94x, spread_ratio=2.43x, close_pos=0.89. Candidate SOS: close=3032.40 broke above range resistance=2919.00 (+3.88%), strong close position=0.89 (threshold > 0.7), volume 8.94x avg (threshold >= 1.5x), spread 2.43x ATR",3746.6,29.1,46,False,"[HIGH_PRIORITY_CANDIDATE] Score: 65.0/100.0 | Mech Qual: PASS (Daily DMA(50/100) Up (2516.9>2405.8), RSI(14) Bullish (69.0)) | VSA: Vol Ratio: 0.52x, Close Pos: 0.20 | Candidate Event: SOS (Bar vol_ratio=8.94x, spread_ratio=2.43x, close_pos=0.89. Candidate SOS: close=3032.40 broke above range resistance=2919.00 (+3.88%), strong close position=0.89 (threshold > 0.7), volume 8.94x avg (threshold >= 1.5x), spread 2.43x ATR) | P&F Target: ₹3746.60 (+29.1% upside)",https://www.tradingview.com/chart/?symbol=NSE%3AGLAXO&interval=D,https://www.tradingview.com/chart/?symbol=NSE%3AGLAXO&interval=W,https://www.tradingview.com/chart/?symbol=NSE%3AGLAXO&interval=75,pending,data/research_datasets/20260824,2026-08-24 10:05:13 UTC
EXPLEOSOL,EXPLEOSOL.NS,Expleo Solutions Limited,2026-08-21,899,HIGH_PRIORITY_CANDIDATE,True,True,65.0,False,None,False,True,True,False,False,True,898.75,69.0,759.58,746.41,,,1.06,0.255,,0.1,0.77,0.83,False,False,False,False,SOS,2026-08-17,False,True,False,False,121,"Bar vol_ratio=14.14x, spread_ratio=3.37x, close_pos=0.80. Candidate SOS: close=923.05 broke above range resistance=853.32 (+8.17%), strong close position=0.80 (threshold > 0.7), volume 14.14x avg (threshold >= 1.5x), spread 3.37x ATR",1365.7,52.0,22,False,"[HIGH_PRIORITY_CANDIDATE] Score: 65.0/100.0 | Mech Qual: PASS (Daily DMA(50/100) Up (759.6>746.4), RSI(14) Bullish (69.0)) | VSA: Vol Ratio: 0.10x, Close Pos: 0.83 | Candidate Event: SOS (Bar vol_ratio=14.14x, spread_ratio=3.37x, close_pos=0.80. Candidate SOS: close=923.05 broke above range resistance=853.32 (+8.17%), strong close position=0.80 (threshold > 0.7), volume 14.14x avg (threshold >= 1.5x), spread 3.37x ATR) | P&F Target: ₹1365.70 (+52.0% upside)",https://www.tradingview.com/chart/?symbol=NSE%3AEXPLEOSOL&interval=D,https://www.tradingview.com/chart/?symbol=NSE%3AEXPLEOSOL&interval=W,https://www.tradingview.com/chart/?symbol=NSE%3AEXPLEOSOL&interval=75,pending,data/research_datasets/20260824,2026-08-24 10:05:13 UTC
ELLEN,ELLEN.NS,Ellenbarrie Industrial Gases Limited,2026-08-21,286,HIGH_PRIORITY_CANDIDATE,True,True,65.0,False,None,False,True,True,False,False,True,328.5,65.9,286.02,273.75,,,1.25,0.347,,0.33,0.76,0.71,False,False,False,False,SOS,2026-08-13,False,True,False,False,43,"Bar vol_ratio=2.64x, spread_ratio=1.02x, close_pos=0.85. Candidate SOS: close=337.00 broke above range resistance=323.80 (+4.08%), strong close position=0.85 (threshold > 0.7), volume 2.64x avg (threshold >= 1.5x), spread 1.02x ATR",492.45,49.9,14,False,"[HIGH_PRIORITY_CANDIDATE] Score: 65.0/100.0 | Mech Qual: PASS (Daily DMA(50/100) Up (286.0>273.8), RSI(14) Bullish (65.9)) | VSA: Vol Ratio: 0.33x, Close Pos: 0.71 | Candidate Event: SOS (Bar vol_ratio=2.64x, spread_ratio=1.02x, close_pos=0.85. Candidate SOS: close=337.00 broke above range resistance=323.80 (+4.08%), strong close position=0.85 (threshold > 0.7), volume 2.64x avg (threshold >= 1.5x), spread 1.02x ATR) | P&F Target: ₹492.45 (+49.9% upside)",https://www.tradingview.com/chart/?symbol=NSE%3AELLEN&interval=D,https://www.tradingview.com/chart/?symbol=NSE%3AELLEN&interval=W,https://www.tradingview.com/chart/?symbol=NSE%3AELLEN&interval=75,pending,data/research_datasets/20260824,2026-08-24 10:05:13 UTC
DJML,DJML.NS,DJ Mediaprint & Logistics Limited,2026-08-21,900,HIGH_PRIORITY_CANDIDATE,True,True,65.0,False,None,True,False,False,False,True,True,108.64,50.1,111.38,103.49,,,1.16,0.163,,1.51,1.16,0.86,False,False,False,False,LPS,2026-08-17,True,False,False,False,155,"Bar vol_ratio=0.61x, spread_ratio=1.51x, close_pos=0.33. Candidate LPS: higher low=104.25 vs prior ST low=101.10 (+3.1%), holding above range support=96.27, low volume 0.61x avg (threshold < 0.75x), spread 1.51x ATR, close pos=0.33",147.94,36.2,54,False,"[HIGH_PRIORITY_CANDIDATE] Score: 65.0/100.0 | Mech Qual: PASS (Weekly WMA Up, BBW Contraction) | VSA: Vol Ratio: 1.51x, Close Pos: 0.86 | Candidate Event: LPS (Bar vol_ratio=0.61x, spread_ratio=1.51x, close_pos=0.33. Candidate LPS: higher low=104.25 vs prior ST low=101.10 (+3.1%), holding above range support=96.27, low volume 0.61x avg (threshold < 0.75x), spread 1.51x ATR, close pos=0.33) | P&F Target: ₹147.94 (+36.2% upside)",https://www.tradingview.com/chart/?symbol=NSE%3ADJML&interval=D,https://www.tradingview.com/chart/?symbol=NSE%3ADJML&interval=W,https://www.tradingview.com/chart/?symbol=NSE%3ADJML&interval=75,pending,data/research_datasets/20260824,2026-08-24 10:05:13 UTC
DEVYANI,DEVYANI.NS,Devyani International Limited,2026-08-21,901,HIGH_PRIORITY_CANDIDATE,True,True,65.0,False,None,False,True,True,False,False,True,144.4,68.8,120.22,116.63,,,1.36,0.367,,0.35,0.91,0.16,False,False,False,False,LPS,2026-08-13,True,False,False,False,140,"Bar vol_ratio=0.48x, spread_ratio=1.17x, close_pos=0.17. Candidate LPS: higher low=137.35 vs prior ST low=112.55 (+22.0%), holding above range support=105.42, low volume 0.48x avg (threshold < 0.75x), spread 1.17x ATR, close pos=0.17",216.51,49.9,13,False,"[HIGH_PRIORITY_CANDIDATE] Score: 65.0/100.0 | Mech Qual: PASS (Daily DMA(50/100) Up (120.2>116.6), RSI(14) Bullish (68.8)) | VSA: Vol Ratio: 0.35x, Close Pos: 0.16 | Candidate Event: LPS (Bar vol_ratio=0.48x, spread_ratio=1.17x, close_pos=0.17. Candidate LPS: higher low=137.35 vs prior ST low=112.55 (+22.0%), holding above range support=105.42, low volume 0.48x avg (threshold < 0.75x), spread 1.17x ATR, close pos=0.17) | P&F Target: ₹216.51 (+49.9% upside)",https://www.tradingview.com/chart/?symbol=NSE%3ADEVYANI&interval=D,https://www.tradingview.com/chart/?symbol=NSE%3ADEVYANI&interval=W,https://www.tradingview.com/chart/?symbol=NSE%3ADEVYANI&interval=75,pending,data/research_datasets/20260824,2026-08-24 10:05:13 UTC
CARYSIL,CARYSIL.NS,CARYSIL LIMITED,2026-08-21,901,HIGH_PRIORITY_CANDIDATE,True,True,65.0,False,None,True,False,False,False,True,True,1155.4,46.4,1177.27,1072.0,,,1.04,0.078,,1.43,1.19,0.64,False,False,False,False,LPS,2026-08-19,True,False,False,False,105,"Bar vol_ratio=0.44x, spread_ratio=0.49x, close_pos=0.78. Candidate LPS: higher low=1164.20 vs prior ST low=1146.00 (+1.6%), holding above range support=1083.10, low volume 0.44x avg (threshold < 0.75x), spread 0.49x ATR, close pos=0.78",1661.9,43.8,32,False,"[HIGH_PRIORITY_CANDIDATE] Score: 65.0/100.0 | Mech Qual: PASS (Weekly WMA Up, BBW Contraction) | VSA: Vol Ratio: 1.43x, Close Pos: 0.64 | Candidate Event: LPS (Bar vol_ratio=0.44x, spread_ratio=0.49x, close_pos=0.78. Candidate LPS: higher low=1164.20 vs prior ST low=1146.00 (+1.6%), holding above range support=1083.10, low volume 0.44x avg (threshold < 0.75x), spread 0.49x ATR, close pos=0.78) | P&F Target: ₹1661.90 (+43.8% upside)",https://www.tradingview.com/chart/?symbol=NSE%3ACARYSIL&interval=D,https://www.tradingview.com/chart/?symbol=NSE%3ACARYSIL&interval=W,https://www.tradingview.com/chart/?symbol=NSE%3ACARYSIL&interval=75,pending,data/research_datasets/20260824,2026-08-24 10:05:13 UTC
BLUEJET,BLUEJET.NS,Blue Jet Healthcare Limited,2026-08-21,696,HIGH_PRIORITY_CANDIDATE,True,True,65.0,False,None,False,True,False,True,True,True,596.15,54.3,570.54,505.94,,,0.83,0.08,,0.34,0.49,0.49,False,True,False,False,LPS,2026-08-07,True,False,False,False,88,"Bar vol_ratio=0.44x, spread_ratio=0.68x, close_pos=0.66. Candidate LPS: higher low=583.10 vs prior ST low=570.25 (+2.3%), holding above range support=434.80, low volume 0.44x avg (threshold < 0.75x), spread 0.68x ATR, close pos=0.66",938.9,57.5,23,False,"[HIGH_PRIORITY_CANDIDATE] Score: 65.0/100.0 | Mech Qual: PASS (Daily DMA(50/100) Up (570.5>505.9), ATR Contraction (0.83<1.0), BBW Contraction) | VSA: Vol Ratio: 0.34x, Close Pos: 0.49, No Demand | Candidate Event: LPS (Bar vol_ratio=0.44x, spread_ratio=0.68x, close_pos=0.66. Candidate LPS: higher low=583.10 vs prior ST low=570.25 (+2.3%), holding above range support=434.80, low volume 0.44x avg (threshold < 0.75x), spread 0.68x ATR, close pos=0.66) | P&F Target: ₹938.90 (+57.5% upside)",https://www.tradingview.com/chart/?symbol=NSE%3ABLUEJET&interval=D,https://www.tradingview.com/chart/?symbol=NSE%3ABLUEJET&interval=W,https://www.tradingview.com/chart/?symbol=NSE%3ABLUEJET&interval=75,pending,data/research_datasets/20260824,2026-08-24 10:05:13 UTC
BEML,BEML.NS,BEML Limited,2026-08-21,901,HIGH_PRIORITY_CANDIDATE,True,True,65.0,False,None,False,True,True,False,False,True,1935.4,61.6,1808.58,1789.11,,,1.26,0.207,,0.5,0.64,0.13,False,False,False,False,SOS,2026-08-18,False,True,False,False,93,"Bar vol_ratio=1.62x, spread_ratio=1.29x, close_pos=0.88. Candidate SOS: close=1965.50 broke above range resistance=1954.80 (+0.55%), strong close position=0.88 (threshold > 0.7), volume 1.62x avg (threshold >= 1.5x), spread 1.29x ATR",2612.8,35.0,58,False,"[HIGH_PRIORITY_CANDIDATE] Score: 65.0/100.0 | Mech Qual: PASS (Daily DMA(50/100) Up (1808.6>1789.1), RSI(14) Bullish (61.6)) | VSA: Vol Ratio: 0.50x, Close Pos: 0.13 | Candidate Event: SOS (Bar vol_ratio=1.62x, spread_ratio=1.29x, close_pos=0.88. Candidate SOS: close=1965.50 broke above range resistance=1954.80 (+0.55%), strong close position=0.88 (threshold > 0.7), volume 1.62x avg (threshold >= 1.5x), spread 1.29x ATR) | P&F Target: ₹2612.80 (+35.0% upside)",https://www.tradingview.com/chart/?symbol=NSE%3ABEML&interval=D,https://www.tradingview.com/chart/?symbol=NSE%3ABEML&interval=W,https://www.tradingview.com/chart/?symbol=NSE%3ABEML&interval=75,pending,data/research_datasets/20260824,2026-08-24 10:05:13 UTC
ASAHIINDIA,ASAHIINDIA.NS,Asahi India Glass Limited,2026-08-21,901,HIGH_PRIORITY_CANDIDATE,True,True,65.0,False,None,False,True,True,False,False,True,965.75,65.5,893.48,874.12,,,1.06,0.134,,0.92,1.25,0.93,False,False,False,False,SOS,2026-08-18,False,True,False,False,121,"Bar vol_ratio=3.23x, spread_ratio=1.45x, close_pos=0.78. Candidate SOS: close=962.80 broke above range resistance=955.00 (+0.82%), strong close position=0.78 (threshold > 0.7), volume 3.23x avg (threshold >= 1.5x), spread 1.45x ATR",1501.65,55.5,40,False,"[HIGH_PRIORITY_CANDIDATE] Score: 65.0/100.0 | Mech Qual: PASS (Daily DMA(50/100) Up (893.5>874.1), RSI(14) Bullish (65.5)) | VSA: Vol Ratio: 0.92x, Close Pos: 0.93 | Candidate Event: SOS (Bar vol_ratio=3.23x, spread_ratio=1.45x, close_pos=0.78. Candidate SOS: close=962.80 broke above range resistance=955.00 (+0.82%), strong close position=0.78 (threshold > 0.7), volume 3.23x avg (threshold >= 1.5x), spread 1.45x ATR) | P&F Target: ₹1501.65 (+55.5% upside)",https://www.tradingview.com/chart/?symbol=NSE%3AASAHIINDIA&interval=D,https://www.tradingview.com/chart/?symbol=NSE%3AASAHIINDIA&interval=W,https://www.tradingview.com/chart/?symbol=NSE%3AASAHIINDIA&interval=75,pending,data/research_datasets/20260824,2026-08-24 10:05:13 UTC
TMB,TMB.NS,Tamilnad Mercantile Bank Limited,2026-08-21,900,HIGH_PRIORITY_CANDIDATE,True,True,64.0,False,None,True,True,True,True,True,True,878.55,61.1,809.9,748.24,,,0.81,0.071,,0.4,0.9,0.38,False,False,False,False,LPS,2026-08-03,True,False,False,False,139,"Bar vol_ratio=0.31x, spread_ratio=0.73x, close_pos=0.25. Candidate LPS: higher low=855.45 vs prior ST low=844.90 (+1.2%), holding above range support=665.09, low volume 0.31x avg (threshold < 0.75x), spread 0.73x ATR, close pos=0.25",996.55,13.4,9,False,"[HIGH_PRIORITY_CANDIDATE] Score: 64.0/100.0 | Mech Qual: PASS (Weekly WMA Up, Daily DMA(50/100) Up (809.9>748.2), RSI(14) Bullish (61.1), ATR Contraction (0.81<1.0), BBW Contraction) | VSA: Vol Ratio: 0.40x, Close Pos: 0.38 | Candidate Event: LPS (Bar vol_ratio=0.31x, spread_ratio=0.73x, close_pos=0.25. Candidate LPS: higher low=855.45 vs prior ST low=844.90 (+1.2%), holding above range support=665.09, low volume 0.31x avg (threshold < 0.75x), spread 0.73x ATR, close pos=0.25) | P&F Target: ₹996.55 (+13.4% upside)",https://www.tradingview.com/chart/?symbol=NSE%3ATMB&interval=D,https://www.tradingview.com/chart/?symbol=NSE%3ATMB&interval=W,https://www.tradingview.com/chart/?symbol=NSE%3ATMB&interval=75,pending,data/research_datasets/20260824,2026-08-24 10:05:13 UTC
PIRAMALFIN,PIRAMALFIN.NS,Piramal Finance Limited,2026-08-21,199,HIGH_PRIORITY_CANDIDATE,True,True,64.0,False,None,True,True,True,True,True,True,2180.8,63.1,2107.74,1992.29,,,0.89,0.079,,2.1,1.26,0.5,False,False,False,False,LPS,2026-07-22,True,False,False,False,6,"Bar vol_ratio=0.51x, spread_ratio=1.07x, close_pos=0.22. Candidate LPS: higher low=2132.40 vs prior ST low=2131.30 (+0.1%), holding above range support=1851.60, low volume 0.51x avg (threshold < 0.75x), spread 1.07x ATR, close pos=0.22",2536.7,16.3,13,False,"[HIGH_PRIORITY_CANDIDATE] Score: 64.0/100.0 | Mech Qual: PASS (Weekly WMA Up, Daily DMA(50/100) Up (2107.7>1992.3), RSI(14) Bullish (63.1), ATR Contraction (0.89<1.0), BBW Contraction) | VSA: Vol Ratio: 2.10x, Close Pos: 0.50 | Candidate Event: LPS (Bar vol_ratio=0.51x, spread_ratio=1.07x, close_pos=0.22. Candidate LPS: higher low=2132.40 vs prior ST low=2131.30 (+0.1%), holding above range support=1851.60, low volume 0.51x avg (threshold < 0.75x), spread 1.07x ATR, close pos=0.22) | P&F Target: ₹2536.70 (+16.3% upside)",https://www.tradingview.com/chart/?symbol=NSE%3APIRAMALFIN&interval=D,https://www.tradingview.com/chart/?symbol=NSE%3APIRAMALFIN&interval=W,https://www.tradingview.com/chart/?symbol=NSE%3APIRAMALFIN&interval=75,pending,data/research_datasets/20260824,2026-08-24 10:05:13 UTC
EICHERMOT,EICHERMOT.NS,Eicher Motors Limited,2026-08-21,901,HIGH_PRIORITY_CANDIDATE,True,True,64.0,False,None,True,True,True,True,True,True,8010.0,60.7,7624.19,7338.98,,,0.81,0.061,,0.65,0.96,0.23,False,False,False,False,SOS,2026-08-03,False,True,False,False,77,"Bar vol_ratio=1.65x, spread_ratio=1.33x, close_pos=0.97. Candidate SOS: close=8050.00 broke above range resistance=7899.00 (+1.91%), strong close position=0.97 (threshold > 0.7), volume 1.65x avg (threshold >= 1.5x), spread 1.33x ATR",8883.44,10.9,27,False,"[HIGH_PRIORITY_CANDIDATE] Score: 64.0/100.0 | Mech Qual: PASS (Weekly WMA Up, Daily DMA(50/100) Up (7624.2>7339.0), RSI(14) Bullish (60.7), ATR Contraction (0.81<1.0), BBW Contraction) | VSA: Vol Ratio: 0.65x, Close Pos: 0.23 | Candidate Event: SOS (Bar vol_ratio=1.65x, spread_ratio=1.33x, close_pos=0.97. Candidate SOS: close=8050.00 broke above range resistance=7899.00 (+1.91%), strong close position=0.97 (threshold > 0.7), volume 1.65x avg (threshold >= 1.5x), spread 1.33x ATR) | P&F Target: ₹8883.44 (+10.9% upside)",https://www.tradingview.com/chart/?symbol=NSE%3AEICHERMOT&interval=D,https://www.tradingview.com/chart/?symbol=NSE%3AEICHERMOT&interval=W,https://www.tradingview.com/chart/?symbol=NSE%3AEICHERMOT&interval=75,pending,data/research_datasets/20260824,2026-08-24 10:05:13 UTC
YASHO,YASHO.NS,Yasho Industries Limited,2026-08-21,741,HIGH_PRIORITY_CANDIDATE,True,True,62.5,False,None,True,True,True,False,False,True,4400.0,61.9,3386.88,2595.8,,,1.37,0.485,,0.72,0.8,0.67,False,False,False,False,SOS,2026-08-18,False,True,False,False,128,"Bar vol_ratio=2.46x, spread_ratio=2.21x, close_pos=0.87. Candidate SOS: close=4915.80 broke above range resistance=4490.00 (+9.48%), strong close position=0.87 (threshold > 0.7), volume 2.46x avg (threshold >= 1.5x), spread 2.21x ATR",4664.58,6.0,44,True,"[HIGH_PRIORITY_CANDIDATE] Score: 62.5/100.0 | Mech Qual: PASS (Weekly WMA Up, Daily DMA(50/100) Up (3386.9>2595.8), RSI(14) Bullish (61.9)) | VSA: Vol Ratio: 0.72x, Close Pos: 0.67 | Candidate Event: SOS (Bar vol_ratio=2.46x, spread_ratio=2.21x, close_pos=0.87. Candidate SOS: close=4915.80 broke above range resistance=4490.00 (+9.48%), strong close position=0.87 (threshold > 0.7), volume 2.46x avg (threshold >= 1.5x), spread 2.21x ATR) | P&F Target: ₹4664.58 (+6.0% upside)",https://www.tradingview.com/chart/?symbol=NSE%3AYASHO&interval=D,https://www.tradingview.com/chart/?symbol=NSE%3AYASHO&interval=W,https://www.tradingview.com/chart/?symbol=NSE%3AYASHO&interval=75,pending,data/research_datasets/20260824,2026-08-24 10:05:13 UTC
VISAKAIND,VISAKAIND.NS,Visaka Industries Limited,2026-08-21,900,HIGH_PRIORITY_CANDIDATE,True,True,62.5,False,None,True,True,True,False,False,True,94.43,58.7,83.23,75.49,,,1.34,0.295,,0.16,0.8,0.11,False,False,False,False,SOS,2026-08-10,False,True,False,False,131,"Bar vol_ratio=4.24x, spread_ratio=1.42x, close_pos=0.86. Candidate SOS: close=102.47 broke above range resistance=99.95 (+2.53%), strong close position=0.86 (threshold > 0.7), volume 4.24x avg (threshold >= 1.5x), spread 1.42x ATR",127.46,35.0,19,True,"[HIGH_PRIORITY_CANDIDATE] Score: 62.5/100.0 | Mech Qual: PASS (Weekly WMA Up, Daily DMA(50/100) Up (83.2>75.5), RSI(14) Bullish (58.7)) | VSA: Vol Ratio: 0.16x, Close Pos: 0.11 | Candidate Event: SOS (Bar vol_ratio=4.24x, spread_ratio=1.42x, close_pos=0.86. Candidate SOS: close=102.47 broke above range resistance=99.95 (+2.53%), strong close position=0.86 (threshold > 0.7), volume 4.24x avg (threshold >= 1.5x), spread 1.42x ATR) | P&F Target: ₹127.46 (+35.0% upside)",https://www.tradingview.com/chart/?symbol=NSE%3AVISAKAIND&interval=D,https://www.tradingview.com/chart/?symbol=NSE%3AVISAKAIND&interval=W,https://www.tradingview.com/chart/?symbol=NSE%3AVISAKAIND&interval=75,pending,data/research_datasets/20260824,2026-08-24 10:05:13 UTC
VINDHYATEL,VINDHYATEL.NS,Vindhya Telelinks Limited,2026-08-21,901,HIGH_PRIORITY_CANDIDATE,True,True,62.5,False,None,True,True,True,False,False,True,2453.9,61.6,2131.13,1870.45,,,1.18,0.396,,0.37,0.77,0.65,False,False,False,False,SOS,2026-08-12,False,True,False,False,136,"Bar vol_ratio=1.83x, spread_ratio=1.42x, close_pos=0.91. Candidate SOS: close=2582.70 broke above range resistance=2544.00 (+1.52%), strong close position=0.91 (threshold > 0.7), volume 1.83x avg (threshold >= 1.5x), spread 1.42x ATR",3350.06,36.5,29,True,"[HIGH_PRIORITY_CANDIDATE] Score: 62.5/100.0 | Mech Qual: PASS (Weekly WMA Up, Daily DMA(50/100) Up (2131.1>1870.5), RSI(14) Bullish (61.6)) | VSA: Vol Ratio: 0.37x, Close Pos: 0.65 | Candidate Event: SOS (Bar vol_ratio=1.83x, spread_ratio=1.42x, close_pos=0.91. Candidate SOS: close=2582.70 broke above range resistance=2544.00 (+1.52%), strong close position=0.91 (threshold > 0.7), volume 1.83x avg (threshold >= 1.5x), spread 1.42x ATR) | P&F Target: ₹3350.06 (+36.5% upside)",https://www.tradingview.com/chart/?symbol=NSE%3AVINDHYATEL&interval=D,https://www.tradingview.com/chart/?symbol=NSE%3AVINDHYATEL&interval=W,https://www.tradingview.com/chart/?symbol=NSE%3AVINDHYATEL&interval=75,pending,data/research_datasets/20260824,2026-08-24 10:05:13 UTC
UDS,UDS.NS,Updater Services Limited,2026-08-21,714,HIGH_PRIORITY_CANDIDATE,True,True,62.5,False,None,False,True,True,True,True,True,215.67,63.0,196.29,181.19,,,0.99,0.099,,0.73,1.0,0.64,False,False,False,False,SOS,2026-08-19,False,True,False,False,93,"Bar vol_ratio=2.88x, spread_ratio=1.20x, close_pos=0.83. Candidate SOS: close=216.63 broke above range resistance=214.30 (+1.09%), strong close position=0.83 (threshold > 0.7), volume 2.88x avg (threshold >= 1.5x), spread 1.20x ATR",257.26,19.3,16,True,"[HIGH_PRIORITY_CANDIDATE] Score: 62.5/100.0 | Mech Qual: PASS (Daily DMA(50/100) Up (196.3>181.2), RSI(14) Bullish (63.0), ATR Contraction (0.99<1.0), BBW Contraction) | VSA: Vol Ratio: 0.73x, Close Pos: 0.64 | Candidate Event: SOS (Bar vol_ratio=2.88x, spread_ratio=1.20x, close_pos=0.83. Candidate SOS: close=216.63 broke above range resistance=214.30 (+1.09%), strong close position=0.83 (threshold > 0.7), volume 2.88x avg (threshold >= 1.5x), spread 1.20x ATR) | P&F Target: ₹257.26 (+19.3% upside)",https://www.tradingview.com/chart/?symbol=NSE%3AUDS&interval=D,https://www.tradingview.com/chart/?symbol=NSE%3AUDS&interval=W,https://www.tradingview.com/chart/?symbol=NSE%3AUDS&interval=75,pending,data/research_datasets/20260824,2026-08-24 10:05:13 UTC
TITAN,TITAN.NS,Titan Company Limited,2026-08-21,901,HIGH_PRIORITY_CANDIDATE,True,True,62.5,False,None,True,True,True,False,True,True,5086.1,69.1,4682.73,4467.39,,,1.11,0.086,,0.37,0.87,0.95,False,False,False,False,SOS,2026-08-10,False,True,False,False,121,"Bar vol_ratio=3.95x, spread_ratio=2.79x, close_pos=0.86. Candidate SOS: close=5090.00 broke above range resistance=5005.00 (+1.70%), strong close position=0.86 (threshold > 0.7), volume 3.95x avg (threshold >= 1.5x), spread 2.79x ATR",5415.46,6.5,21,True,"[HIGH_PRIORITY_CANDIDATE] Score: 62.5/100.0 | Mech Qual: PASS (Weekly WMA Up, Daily DMA(50/100) Up (4682.7>4467.4), RSI(14) Bullish (69.1), BBW Contraction) | VSA: Vol Ratio: 0.37x, Close Pos: 0.95 | Candidate Event: SOS (Bar vol_ratio=3.95x, spread_ratio=2.79x, close_pos=0.86. Candidate SOS: close=5090.00 broke above range resistance=5005.00 (+1.70%), strong close position=0.86 (threshold > 0.7), volume 3.95x avg (threshold >= 1.5x), spread 2.79x ATR) | P&F Target: ₹5415.46 (+6.5% upside)",https://www.tradingview.com/chart/?symbol=NSE%3ATITAN&interval=D,https://www.tradingview.com/chart/?symbol=NSE%3ATITAN&interval=W,https://www.tradingview.com/chart/?symbol=NSE%3ATITAN&interval=75,pending,data/research_datasets/20260824,2026-08-24 10:05:13 UTC
TDPOWERSYS,TDPOWERSYS.NS,TD Power Systems Limited,2026-08-21,901,HIGH_PRIORITY_CANDIDATE,True,True,62.5,False,None,True,True,True,False,False,True,767.4,69.4,615.95,595.12,,,1.19,0.577,,0.68,0.66,0.88,False,False,False,False,SOS,2026-08-12,False,True,False,False,103,"Bar vol_ratio=6.70x, spread_ratio=2.54x, close_pos=0.71. Candidate SOS: close=740.05 broke above range resistance=686.33 (+7.83%), strong close position=0.71 (threshold > 0.7), volume 6.70x avg (threshold >= 1.5x), spread 2.54x ATR",635.54,-17.2,20,False,"[HIGH_PRIORITY_CANDIDATE] Score: 62.5/100.0 | Mech Qual: PASS (Weekly WMA Up, Daily DMA(50/100) Up (616.0>595.1), RSI(14) Bullish (69.4)) | VSA: Vol Ratio: 0.68x, Close Pos: 0.88 | Candidate Event: SOS (Bar vol_ratio=6.70x, spread_ratio=2.54x, close_pos=0.71. Candidate SOS: close=740.05 broke above range resistance=686.33 (+7.83%), strong close position=0.71 (threshold > 0.7), volume 6.70x avg (threshold >= 1.5x), spread 2.54x ATR) | P&F Target: ₹635.54 (+-17.2% upside)",https://www.tradingview.com/chart/?symbol=NSE%3ATDPOWERSYS&interval=D,https://www.tradingview.com/chart/?symbol=NSE%3ATDPOWERSYS&interval=W,https://www.tradingview.com/chart/?symbol=NSE%3ATDPOWERSYS&interval=75,pending,data/research_datasets/20260824,2026-08-24 10:05:13 UTC
TARSONS,TARSONS.NS,Tarsons Products Limited,2026-08-21,901,HIGH_PRIORITY_CANDIDATE,True,True,62.5,False,None,True,True,True,False,False,True,344.95,60.0,297.95,254.23,,,1.15,0.204,,0.19,0.73,0.81,False,False,False,False,SOS,2026-08-14,False,True,False,False,141,"Bar vol_ratio=9.26x, spread_ratio=3.11x, close_pos=0.77. Candidate SOS: close=360.30 broke above range resistance=334.90 (+7.58%), strong close position=0.77 (threshold > 0.7), volume 9.26x avg (threshold >= 1.5x), spread 3.11x ATR",424.98,23.2,14,True,"[HIGH_PRIORITY_CANDIDATE] Score: 62.5/100.0 | Mech Qual: PASS (Weekly WMA Up, Daily DMA(50/100) Up (297.9>254.2), RSI(14) Bullish (60.0)) | VSA: Vol Ratio: 0.19x, Close Pos: 0.81 | Candidate Event: SOS (Bar vol_ratio=9.26x, spread_ratio=3.11x, close_pos=0.77. Candidate SOS: close=360.30 broke above range resistance=334.90 (+7.58%), strong close position=0.77 (threshold > 0.7), volume 9.26x avg (threshold >= 1.5x), spread 3.11x ATR) | P&F Target: ₹424.98 (+23.2% upside)",https://www.tradingview.com/chart/?symbol=NSE%3ATARSONS&interval=D,https://www.tradingview.com/chart/?symbol=NSE%3ATARSONS&interval=W,https://www.tradingview.com/chart/?symbol=NSE%3ATARSONS&interval=75,pending,data/research_datasets/20260824,2026-08-24 10:05:13 UTC
SUDEEPPHRM,SUDEEPPHRM.NS,Sudeep Pharma Limited,2026-08-21,184,HIGH_PRIORITY_CANDIDATE,True,True,62.5,False,None,False,True,True,False,False,True,1111.8,69.6,902.68,790.09,,,1.42,0.441,,0.41,1.0,0.15,False,False,False,False,SOS,2026-08-10,False,True,False,False,33,"Bar vol_ratio=2.64x, spread_ratio=1.58x, close_pos=1.00. Candidate SOS: close=1053.30 broke above range resistance=999.95 (+5.34%), strong close position=1.00 (threshold > 0.7), volume 2.64x avg (threshold >= 1.5x), spread 1.58x ATR",1137.54,2.3,17,True,"[HIGH_PRIORITY_CANDIDATE] Score: 62.5/100.0 | Mech Qual: PASS (Daily DMA(50/100) Up (902.7>790.1), RSI(14) Bullish (69.6)) | VSA: Vol Ratio: 0.41x, Close Pos: 0.15 | Candidate Event: SOS (Bar vol_ratio=2.64x, spread_ratio=1.58x, close_pos=1.00. Candidate SOS: close=1053.30 broke above range resistance=999.95 (+5.34%), strong close position=1.00 (threshold > 0.7), volume 2.64x avg (threshold >= 1.5x), spread 1.58x ATR) | P&F Target: ₹1137.54 (+2.3% upside)",https://www.tradingview.com/chart/?symbol=NSE%3ASUDEEPPHRM&interval=D,https://www.tradingview.com/chart/?symbol=NSE%3ASUDEEPPHRM&interval=W,https://www.tradingview.com/chart/?symbol=NSE%3ASUDEEPPHRM&interval=75,pending,data/research_datasets/20260824,2026-08-24 10:05:13 UTC
SKYGOLD,SKYGOLD.NS,SKY GOLD AND DIAMONDS LIMITED,2026-08-21,897,HIGH_PRIORITY_CANDIDATE,True,True,62.5,False,None,True,True,True,False,False,True,803.5,68.3,636.15,547.38,,,1.18,0.334,,0.57,0.92,0.79,False,False,False,False,SOS,2026-08-07,False,True,False,False,127,"Bar vol_ratio=2.16x, spread_ratio=1.34x, close_pos=0.77. Candidate SOS: close=719.40 broke above range resistance=700.00 (+2.77%), strong close position=0.77 (threshold > 0.7), volume 2.16x avg (threshold >= 1.5x), spread 1.34x ATR",450.7,-43.9,11,True,"[HIGH_PRIORITY_CANDIDATE] Score: 62.5/100.0 | Mech Qual: PASS (Weekly WMA Up, Daily DMA(50/100) Up (636.1>547.4), RSI(14) Bullish (68.3)) | VSA: Vol Ratio: 0.57x, Close Pos: 0.79 | Candidate Event: SOS (Bar vol_ratio=2.16x, spread_ratio=1.34x, close_pos=0.77. Candidate SOS: close=719.40 broke above range resistance=700.00 (+2.77%), strong close position=0.77 (threshold > 0.7), volume 2.16x avg (threshold >= 1.5x), spread 1.34x ATR) | P&F Target: ₹450.70 (+-43.9% upside)",https://www.tradingview.com/chart/?symbol=NSE%3ASKYGOLD&interval=D,https://www.tradingview.com/chart/?symbol=NSE%3ASKYGOLD&interval=W,https://www.tradingview.com/chart/?symbol=NSE%3ASKYGOLD&interval=75,pending,data/research_datasets/20260824,2026-08-24 10:05:13 UTC
ROLEXRINGS,ROLEXRINGS.NS,Rolex Rings Limited,2026-08-21,901,HIGH_PRIORITY_CANDIDATE,True,True,62.5,False,None,True,True,True,False,False,True,183.37,69.8,151.06,146.33,,,1.51,0.462,,0.35,0.99,0.19,False,False,False,False,SOS,2026-08-11,False,True,False,False,121,"Bar vol_ratio=8.44x, spread_ratio=3.03x, close_pos=0.89. Candidate SOS: close=177.29 broke above range resistance=161.90 (+9.51%), strong close position=0.89 (threshold > 0.7), volume 8.44x avg (threshold >= 1.5x), spread 3.03x ATR",281.14,53.3,22,True,"[HIGH_PRIORITY_CANDIDATE] Score: 62.5/100.0 | Mech Qual: PASS (Weekly WMA Up, Daily DMA(50/100) Up (151.1>146.3), RSI(14) Bullish (69.8)) | VSA: Vol Ratio: 0.35x, Close Pos: 0.19 | Candidate Event: SOS (Bar vol_ratio=8.44x, spread_ratio=3.03x, close_pos=0.89. Candidate SOS: close=177.29 broke above range resistance=161.90 (+9.51%), strong close position=0.89 (threshold > 0.7), volume 8.44x avg (threshold >= 1.5x), spread 3.03x ATR) | P&F Target: ₹281.14 (+53.3% upside)",https://www.tradingview.com/chart/?symbol=NSE%3AROLEXRINGS&interval=D,https://www.tradingview.com/chart/?symbol=NSE%3AROLEXRINGS&interval=W,https://www.tradingview.com/chart/?symbol=NSE%3AROLEXRINGS&interval=75,pending,data/research_datasets/20260824,2026-08-24 10:05:13 UTC
RAYMONDREL,RAYMONDREL.NS,Raymond Realty Limited,2026-08-21,287,HIGH_PRIORITY_CANDIDATE,True,True,62.5,False,None,True,False,False,True,False,True,576.9,36.0,646.01,582.5,,,0.85,0.289,,0.25,0.37,0.41,False,False,True,False,LPS,2026-08-14,True,False,False,False,48,"Bar vol_ratio=0.55x, spread_ratio=0.53x, close_pos=0.73. Candidate LPS: higher low=567.05 vs prior Spring low=554.35 (+2.3%), holding above range support=554.35, low volume 0.55x avg (threshold < 0.75x), spread 0.53x ATR, close pos=0.73",547.99,-5.0,5,True,"[HIGH_PRIORITY_CANDIDATE] Score: 62.5/100.0 | Mech Qual: PASS (Weekly WMA Up, ATR Contraction (0.85<1.0)) | VSA: Vol Ratio: 0.25x, Close Pos: 0.41, No Supply (Dry-up) | Candidate Event: LPS (Bar vol_ratio=0.55x, spread_ratio=0.53x, close_pos=0.73. Candidate LPS: higher low=567.05 vs prior Spring low=554.35 (+2.3%), holding above range support=554.35, low volume 0.55x avg (threshold < 0.75x), spread 0.53x ATR, close pos=0.73) | P&F Target: ₹547.99 (+-5.0% upside)",https://www.tradingview.com/chart/?symbol=NSE%3ARAYMONDREL&interval=D,https://www.tradingview.com/chart/?symbol=NSE%3ARAYMONDREL&interval=W,https://www.tradingview.com/chart/?symbol=NSE%3ARAYMONDREL&interval=75,pending,data/research_datasets/20260824,2026-08-24 10:05:13 UTC
RAYMOND,RAYMOND.NS,Raymond Limited,2026-08-21,901,HIGH_PRIORITY_CANDIDATE,True,True,62.5,False,None,True,True,True,False,False,True,643.15,57.8,608.3,543.11,,,1.08,0.15,,0.48,0.66,0.21,False,False,False,False,SOS,2026-08-17,False,True,False,False,113,"Bar vol_ratio=2.18x, spread_ratio=0.98x, close_pos=0.95. Candidate SOS: close=647.85 broke above range resistance=646.00 (+0.29%), strong close position=0.95 (threshold > 0.7), volume 2.18x avg (threshold >= 1.5x), spread 0.98x ATR",546.75,-15.0,6,True,"[HIGH_PRIORITY_CANDIDATE] Score: 62.5/100.0 | Mech Qual: PASS (Weekly WMA Up, Daily DMA(50/100) Up (608.3>543.1), RSI(14) Bullish (57.8)) | VSA: Vol Ratio: 0.48x, Close Pos: 0.21 | Candidate Event: SOS (Bar vol_ratio=2.18x, spread_ratio=0.98x, close_pos=0.95. Candidate SOS: close=647.85 broke above range resistance=646.00 (+0.29%), strong close position=0.95 (threshold > 0.7), volume 2.18x avg (threshold >= 1.5x), spread 0.98x ATR) | P&F Target: ₹546.75 (+-15.0% upside)",https://www.tradingview.com/chart/?symbol=NSE%3ARAYMOND&interval=D,https://www.tradingview.com/chart/?symbol=NSE%3ARAYMOND&interval=W,https://www.tradingview.com/chart/?symbol=NSE%3ARAYMOND&interval=75,pending,data/research_datasets/20260824,2026-08-24 10:05:13 UTC
PRECWIRE,PRECWIRE.NS,Precision Wires India Limited,2026-08-21,901,HIGH_PRIORITY_CANDIDATE,True,True,62.5,False,None,True,True,True,False,False,True,438.5,58.0,401.76,396.94,,,1.33,0.344,,0.43,0.59,0.32,False,True,False,False,SOS,2026-08-13,False,True,False,False,70,"Bar vol_ratio=9.47x, spread_ratio=2.64x, close_pos=0.88. Candidate SOS: close=468.65 broke above range resistance=449.30 (+4.31%), strong close position=0.88 (threshold > 0.7), volume 9.47x avg (threshold >= 1.5x), spread 2.64x ATR",400.33,-8.7,12,False,"[HIGH_PRIORITY_CANDIDATE] Score: 62.5/100.0 | Mech Qual: PASS (Weekly WMA Up, Daily DMA(50/100) Up (401.8>396.9), RSI(14) Bullish (58.0)) | VSA: Vol Ratio: 0.43x, Close Pos: 0.32, No Demand | Candidate Event: SOS (Bar vol_ratio=9.47x, spread_ratio=2.64x, close_pos=0.88. Candidate SOS: close=468.65 broke above range resistance=449.30 (+4.31%), strong close position=0.88 (threshold > 0.7), volume 9.47x avg (threshold >= 1.5x), spread 2.64x ATR) | P&F Target: ₹400.33 (+-8.7% upside)",https://www.tradingview.com/chart/?symbol=NSE%3APRECWIRE&interval=D,https://www.tradingview.com/chart/?symbol=NSE%3APRECWIRE&interval=W,https://www.tradingview.com/chart/?symbol=NSE%3APRECWIRE&interval=75,pending,data/research_datasets/20260824,2026-08-24 10:05:13 UTC
PNGSREVA,PNGSREVA.NS,PNGS Reva Diamond Jewellery Limited,2026-08-21,119,HIGH_PRIORITY_CANDIDATE,True,True,62.5,False,None,False,True,True,False,False,True,555.8,63.1,447.59,419.31,,,1.75,0.492,,0.24,0.77,0.4,False,False,False,False,SOS,2026-08-12,False,True,False,False,25,"Bar vol_ratio=2.68x, spread_ratio=2.85x, close_pos=0.76. Candidate SOS: close=620.75 broke above range resistance=574.05 (+8.14%), strong close position=0.76 (threshold > 0.7), volume 2.68x avg (threshold >= 1.5x), spread 2.85x ATR",544.3,-2.1,3,False,"[HIGH_PRIORITY_CANDIDATE] Score: 62.5/100.0 | Mech Qual: PASS (Daily DMA(50/100) Up (447.6>419.3), RSI(14) Bullish (63.1)) | VSA: Vol Ratio: 0.24x, Close Pos: 0.40 | Candidate Event: SOS (Bar vol_ratio=2.68x, spread_ratio=2.85x, close_pos=0.76. Candidate SOS: close=620.75 broke above range resistance=574.05 (+8.14%), strong close position=0.76 (threshold > 0.7), volume 2.68x avg (threshold >= 1.5x), spread 2.85x ATR) | P&F Target: ₹544.30 (+-2.1% upside)",https://www.tradingview.com/chart/?symbol=NSE%3APNGSREVA&interval=D,https://www.tradingview.com/chart/?symbol=NSE%3APNGSREVA&interval=W,https://www.tradingview.com/chart/?symbol=NSE%3APNGSREVA&interval=75,pending,data/research_datasets/20260824,2026-08-24 10:05:13 UTC
PGIL,PGIL.NS,Pearl Global Industries Limited,2026-08-21,900,HIGH_PRIORITY_CANDIDATE,True,True,62.5,False,None,True,True,True,False,False,True,2386.1,62.7,2084.93,1832.96,,,1.15,0.316,,0.16,0.82,0.4,False,False,False,False,SOS,2026-08-07,False,True,False,False,114,"Bar vol_ratio=10.08x, spread_ratio=3.37x, close_pos=0.76. Candidate SOS: close=2464.10 broke above range resistance=2248.10 (+9.61%), strong close position=0.76 (threshold > 0.7), volume 10.08x avg (threshold >= 1.5x), spread 3.37x ATR",1723.63,-27.8,46,True,"[HIGH_PRIORITY_CANDIDATE] Score: 62.5/100.0 | Mech Qual: PASS (Weekly WMA Up, Daily DMA(50/100) Up (2084.9>1833.0), RSI(14) Bullish (62.7)) | VSA: Vol Ratio: 0.16x, Close Pos: 0.40 | Candidate Event: SOS (Bar vol_ratio=10.08x, spread_ratio=3.37x, close_pos=0.76. Candidate SOS: close=2464.10 broke above range resistance=2248.10 (+9.61%), strong close position=0.76 (threshold > 0.7), volume 10.08x avg (threshold >= 1.5x), spread 3.37x ATR) | P&F Target: ₹1723.63 (+-27.8% upside)",https://www.tradingview.com/chart/?symbol=NSE%3APGIL&interval=D,https://www.tradingview.com/chart/?symbol=NSE%3APGIL&interval=W,https://www.tradingview.com/chart/?symbol=NSE%3APGIL&interval=75,pending,data/research_datasets/20260824,2026-08-24 10:05:13 UTC
PANACEABIO,PANACEABIO.NS,Panacea Biotec Limited,2026-08-21,901,HIGH_PRIORITY_CANDIDATE,True,True,62.5,False,None,True,False,False,True,True,True,411.1,40.3,485.76,443.29,,,0.79,0.087,,0.75,0.89,0.45,False,False,False,False,LPS,2026-08-19,True,False,False,False,109,"Bar vol_ratio=0.51x, spread_ratio=0.81x, close_pos=0.09. Candidate LPS: higher low=401.30 vs prior Spring low=391.90 (+2.4%), holding above range support=391.90, low volume 0.51x avg (threshold < 0.75x), spread 0.81x ATR, close pos=0.09",614.15,49.4,66,True,"[HIGH_PRIORITY_CANDIDATE] Score: 62.5/100.0 | Mech Qual: PASS (Weekly WMA Up, ATR Contraction (0.79<1.0), BBW Contraction) | VSA: Vol Ratio: 0.75x, Close Pos: 0.45 | Candidate Event: LPS (Bar vol_ratio=0.51x, spread_ratio=0.81x, close_pos=0.09. Candidate LPS: higher low=401.30 vs prior Spring low=391.90 (+2.4%), holding above range support=391.90, low volume 0.51x avg (threshold < 0.75x), spread 0.81x ATR, close pos=0.09) | P&F Target: ₹614.15 (+49.4% upside)",https://www.tradingview.com/chart/?symbol=NSE%3APANACEABIO&interval=D,https://www.tradingview.com/chart/?symbol=NSE%3APANACEABIO&interval=W,https://www.tradingview.com/chart/?symbol=NSE%3APANACEABIO&interval=75,pending,data/research_datasets/20260824,2026-08-24 10:05:13 UTC
OMAXAUTO,OMAXAUTO.NS,Omax Autos Limited,2026-08-21,900,HIGH_PRIORITY_CANDIDATE,True,True,62.5,False,None,True,False,False,True,True,True,196.3,45.8,214.17,195.12,,,0.97,0.168,,0.32,0.48,0.41,False,False,True,False,LPS,2026-08-13,True,False,False,False,144,"Bar vol_ratio=0.55x, spread_ratio=0.62x, close_pos=0.43. Candidate LPS: higher low=197.69 vs prior Spring low=191.71 (+3.1%), holding above range support=174.78, low volume 0.55x avg (threshold < 0.75x), spread 0.62x ATR, close pos=0.43",283.11,44.2,57,True,"[HIGH_PRIORITY_CANDIDATE] Score: 62.5/100.0 | Mech Qual: PASS (Weekly WMA Up, ATR Contraction (0.97<1.0), BBW Contraction) | VSA: Vol Ratio: 0.32x, Close Pos: 0.41, No Supply (Dry-up) | Candidate Event: LPS (Bar vol_ratio=0.55x, spread_ratio=0.62x, close_pos=0.43. Candidate LPS: higher low=197.69 vs prior Spring low=191.71 (+3.1%), holding above range support=174.78, low volume 0.55x avg (threshold < 0.75x), spread 0.62x ATR, close pos=0.43) | P&F Target: ₹283.11 (+44.2% upside)",https://www.tradingview.com/chart/?symbol=NSE%3AOMAXAUTO&interval=D,https://www.tradingview.com/chart/?symbol=NSE%3AOMAXAUTO&interval=W,https://www.tradingview.com/chart/?symbol=NSE%3AOMAXAUTO&interval=75,pending,data/research_datasets/20260824,2026-08-24 10:05:13 UTC
NRBBEARING,NRBBEARING.NS,NRB Bearing Limited,2026-08-21,900,HIGH_PRIORITY_CANDIDATE,True,True,62.5,False,None,True,True,True,False,False,True,486.1,65.0,434.25,379.52,,,1.18,0.224,,0.54,0.56,0.34,False,True,False,False,SOS,2026-08-17,False,True,False,False,85,"Bar vol_ratio=1.70x, spread_ratio=1.34x, close_pos=0.89. Candidate SOS: close=484.05 broke above range resistance=483.00 (+0.22%), strong close position=0.89 (threshold > 0.7), volume 1.70x avg (threshold >= 1.5x), spread 1.34x ATR",255.33,-47.5,19,True,"[HIGH_PRIORITY_CANDIDATE] Score: 62.5/100.0 | Mech Qual: PASS (Weekly WMA Up, Daily DMA(50/100) Up (434.2>379.5), RSI(14) Bullish (65.0)) | VSA: Vol Ratio: 0.54x, Close Pos: 0.34, No Demand | Candidate Event: SOS (Bar vol_ratio=1.70x, spread_ratio=1.34x, close_pos=0.89. Candidate SOS: close=484.05 broke above range resistance=483.00 (+0.22%), strong close position=0.89 (threshold > 0.7), volume 1.70x avg (threshold >= 1.5x), spread 1.34x ATR) | P&F Target: ₹255.33 (+-47.5% upside)",https://www.tradingview.com/chart/?symbol=NSE%3ANRBBEARING&interval=D,https://www.tradingview.com/chart/?symbol=NSE%3ANRBBEARING&interval=W,https://www.tradingview.com/chart/?symbol=NSE%3ANRBBEARING&interval=75,pending,data/research_datasets/20260824,2026-08-24 10:05:13 UTC
NETWEB,NETWEB.NS,Netweb Technologies India Limited,2026-08-21,761,HIGH_PRIORITY_CANDIDATE,True,True,62.5,False,None,True,True,True,False,False,True,5601.0,68.5,4666.52,4329.6,,,1.21,0.306,,2.16,1.27,0.77,False,False,False,False,SOS,2026-08-21,False,True,False,False,80,"Bar vol_ratio=2.16x, spread_ratio=1.27x, close_pos=0.77. Candidate SOS: close=5601.00 broke above range resistance=5449.90 (+2.77%), strong close position=0.77 (threshold > 0.7), volume 2.16x avg (threshold >= 1.5x), spread 1.27x ATR",5377.92,-4.0,9,False,"[HIGH_PRIORITY_CANDIDATE] Score: 62.5/100.0 | Mech Qual: PASS (Weekly WMA Up, Daily DMA(50/100) Up (4666.5>4329.6), RSI(14) Bullish (68.5)) | VSA: Vol Ratio: 2.16x, Close Pos: 0.77 | Candidate Event: SOS (Bar vol_ratio=2.16x, spread_ratio=1.27x, close_pos=0.77. Candidate SOS: close=5601.00 broke above range resistance=5449.90 (+2.77%), strong close position=0.77 (threshold > 0.7), volume 2.16x avg (threshold >= 1.5x), spread 1.27x ATR) | P&F Target: ₹5377.92 (+-4.0% upside)",https://www.tradingview.com/chart/?symbol=NSE%3ANETWEB&interval=D,https://www.tradingview.com/chart/?symbol=NSE%3ANETWEB&interval=W,https://www.tradingview.com/chart/?symbol=NSE%3ANETWEB&interval=75,pending,data/research_datasets/20260824,2026-08-24 10:05:13 UTC
MMFL,MMFL.NS,MM Forgings Limited,2026-08-21,901,HIGH_PRIORITY_CANDIDATE,True,True,62.5,False,None,True,True,True,False,False,True,652.6,62.6,538.24,497.78,,,1.58,0.302,,0.68,0.97,0.63,False,False,False,False,SOS,2026-08-18,False,True,False,False,98,"Bar vol_ratio=4.11x, spread_ratio=1.88x, close_pos=0.86. Candidate SOS: close=680.20 broke above range resistance=664.00 (+2.44%), strong close position=0.86 (threshold > 0.7), volume 4.11x avg (threshold >= 1.5x), spread 1.88x ATR",453.95,-30.4,10,True,"[HIGH_PRIORITY_CANDIDATE] Score: 62.5/100.0 | Mech Qual: PASS (Weekly WMA Up, Daily DMA(50/100) Up (538.2>497.8), RSI(14) Bullish (62.6)) | VSA: Vol Ratio: 0.68x, Close Pos: 0.63 | Candidate Event: SOS (Bar vol_ratio=4.11x, spread_ratio=1.88x, close_pos=0.86. Candidate SOS: close=680.20 broke above range resistance=664.00 (+2.44%), strong close position=0.86 (threshold > 0.7), volume 4.11x avg (threshold >= 1.5x), spread 1.88x ATR) | P&F Target: ₹453.95 (+-30.4% upside)",https://www.tradingview.com/chart/?symbol=NSE%3AMMFL&interval=D,https://www.tradingview.com/chart/?symbol=NSE%3AMMFL&interval=W,https://www.tradingview.com/chart/?symbol=NSE%3AMMFL&interval=75,pending,data/research_datasets/20260824,2026-08-24 10:05:13 UTC
MACPOWER,MACPOWER.NS,Macpower CNC Machines Limited,2026-08-21,900,HIGH_PRIORITY_CANDIDATE,True,True,62.5,False,None,True,True,True,False,False,True,1874.8,69.0,1424.71,1250.55,,,1.33,0.499,,0.85,1.14,0.36,False,False,False,False,SOS,2026-08-18,False,True,False,False,120,"Bar vol_ratio=2.90x, spread_ratio=2.04x, close_pos=0.92. Candidate SOS: close=1983.60 broke above range resistance=1850.00 (+7.22%), strong close position=0.92 (threshold > 0.7), volume 2.90x avg (threshold >= 1.5x), spread 2.04x ATR",1816.3,-3.1,6,False,"[HIGH_PRIORITY_CANDIDATE] Score: 62.5/100.0 | Mech Qual: PASS (Weekly WMA Up, Daily DMA(50/100) Up (1424.7>1250.5), RSI(14) Bullish (69.0)) | VSA: Vol Ratio: 0.85x, Close Pos: 0.36 | Candidate Event: SOS (Bar vol_ratio=2.90x, spread_ratio=2.04x, close_pos=0.92. Candidate SOS: close=1983.60 broke above range resistance=1850.00 (+7.22%), strong close position=0.92 (threshold > 0.7), volume 2.90x avg (threshold >= 1.5x), spread 2.04x ATR) | P&F Target: ₹1816.30 (+-3.1% upside)",https://www.tradingview.com/chart/?symbol=NSE%3AMACPOWER&interval=D,https://www.tradingview.com/chart/?symbol=NSE%3AMACPOWER&interval=W,https://www.tradingview.com/chart/?symbol=NSE%3AMACPOWER&interval=75,pending,data/research_datasets/20260824,2026-08-24 10:05:13 UTC
KTKBANK,KTKBANK.NS,The Karnataka Bank Limited,2026-08-21,901,HIGH_PRIORITY_CANDIDATE,True,True,62.5,False,None,True,True,True,False,False,True,328.3,68.7,284.81,270.57,,,1.21,0.204,,0.89,1.11,0.14,False,False,False,False,SOS,2026-08-20,False,True,False,False,84,"Bar vol_ratio=1.63x, spread_ratio=1.69x, close_pos=0.84. Candidate SOS: close=335.05 broke above range resistance=324.85 (+3.14%), strong close position=0.84 (threshold > 0.7), volume 1.63x avg (threshold >= 1.5x), spread 1.69x ATR",270.48,-17.6,31,True,"[HIGH_PRIORITY_CANDIDATE] Score: 62.5/100.0 | Mech Qual: PASS (Weekly WMA Up, Daily DMA(50/100) Up (284.8>270.6), RSI(14) Bullish (68.7)) | VSA: Vol Ratio: 0.89x, Close Pos: 0.14 | Candidate Event: SOS (Bar vol_ratio=1.63x, spread_ratio=1.69x, close_pos=0.84. Candidate SOS: close=335.05 broke above range resistance=324.85 (+3.14%), strong close position=0.84 (threshold > 0.7), volume 1.63x avg (threshold >= 1.5x), spread 1.69x ATR) | P&F Target: ₹270.48 (+-17.6% upside)",https://www.tradingview.com/chart/?symbol=NSE%3AKTKBANK&interval=D,https://www.tradingview.com/chart/?symbol=NSE%3AKTKBANK&interval=W,https://www.tradingview.com/chart/?symbol=NSE%3AKTKBANK&interval=75,pending,data/research_datasets/20260824,2026-08-24 10:05:13 UTC
KIRLPNU,KIRLPNU.NS,Kirloskar Pneumatic Company Limited,2026-08-21,825,HIGH_PRIORITY_CANDIDATE,True,True,62.5,False,None,True,False,False,True,True,True,748.8,43.5,833.43,782.77,,,0.62,0.072,,0.84,0.92,0.86,False,False,False,False,LPS,2026-08-12,True,False,False,False,104,"Bar vol_ratio=0.48x, spread_ratio=0.41x, close_pos=0.73. Candidate LPS: higher low=740.15 vs prior Spring low=732.20 (+1.1%), holding above range support=710.60, low volume 0.48x avg (threshold < 0.75x), spread 0.41x ATR, close pos=0.73",1005.21,34.2,59,True,"[HIGH_PRIORITY_CANDIDATE] Score: 62.5/100.0 | Mech Qual: PASS (Weekly WMA Up, ATR Contraction (0.62<1.0), BBW Contraction) | VSA: Vol Ratio: 0.84x, Close Pos: 0.86 | Candidate Event: LPS (Bar vol_ratio=0.48x, spread_ratio=0.41x, close_pos=0.73. Candidate LPS: higher low=740.15 vs prior Spring low=732.20 (+1.1%), holding above range support=710.60, low volume 0.48x avg (threshold < 0.75x), spread 0.41x ATR, close pos=0.73) | P&F Target: ₹1005.21 (+34.2% upside)",https://www.tradingview.com/chart/?symbol=NSE%3AKIRLPNU&interval=D,https://www.tradingview.com/chart/?symbol=NSE%3AKIRLPNU&interval=W,https://www.tradingview.com/chart/?symbol=NSE%3AKIRLPNU&interval=75,pending,data/research_datasets/20260824,2026-08-24 10:05:13 UTC
JNKINDIA,JNKINDIA.NS,JNK India Limited,2026-08-21,576,HIGH_PRIORITY_CANDIDATE,True,True,62.5,False,None,True,False,False,True,True,True,454.35,51.5,468.81,414.6,,,0.9,0.214,,0.36,0.58,0.62,False,True,False,False,LPS,2026-08-18,True,False,False,False,66,"Bar vol_ratio=0.46x, spread_ratio=0.55x, close_pos=0.23. Candidate LPS: higher low=461.00 vs prior Spring low=380.35 (+21.2%), holding above range support=380.35, low volume 0.46x avg (threshold < 0.75x), spread 0.55x ATR, close pos=0.23",764.9,68.4,27,True,"[HIGH_PRIORITY_CANDIDATE] Score: 62.5/100.0 | Mech Qual: PASS (Weekly WMA Up, ATR Contraction (0.90<1.0), BBW Contraction) | VSA: Vol Ratio: 0.36x, Close Pos: 0.62, No Demand | Candidate Event: LPS (Bar vol_ratio=0.46x, spread_ratio=0.55x, close_pos=0.23. Candidate LPS: higher low=461.00 vs prior Spring low=380.35 (+21.2%), holding above range support=380.35, low volume 0.46x avg (threshold < 0.75x), spread 0.55x ATR, close pos=0.23) | P&F Target: ₹764.90 (+68.4% upside)",https://www.tradingview.com/chart/?symbol=NSE%3AJNKINDIA&interval=D,https://www.tradingview.com/chart/?symbol=NSE%3AJNKINDIA&interval=W,https://www.tradingview.com/chart/?symbol=NSE%3AJNKINDIA&interval=75,pending,data/research_datasets/20260824,2026-08-24 10:05:13 UTC
JAYBARMARU,JAYBARMARU.NS,Jay Bharat Maruti Limited,2026-08-21,900,HIGH_PRIORITY_CANDIDATE,True,True,62.5,False,None,True,False,False,True,False,True,125.54,33.8,160.14,131.12,,,0.7,0.418,,0.54,0.69,0.11,False,False,False,False,LPS,2026-08-20,True,False,False,False,118,"Bar vol_ratio=0.19x, spread_ratio=0.21x, close_pos=0.31. Candidate LPS: higher low=126.71 vs prior Spring low=124.60 (+1.7%), holding above range support=124.60, low volume 0.19x avg (threshold < 0.75x), spread 0.21x ATR, close pos=0.31",200.74,59.9,38,True,"[HIGH_PRIORITY_CANDIDATE] Score: 62.5/100.0 | Mech Qual: PASS (Weekly WMA Up, ATR Contraction (0.70<1.0)) | VSA: Vol Ratio: 0.54x, Close Pos: 0.11 | Candidate Event: LPS (Bar vol_ratio=0.19x, spread_ratio=0.21x, close_pos=0.31. Candidate LPS: higher low=126.71 vs prior Spring low=124.60 (+1.7%), holding above range support=124.60, low volume 0.19x avg (threshold < 0.75x), spread 0.21x ATR, close pos=0.31) | P&F Target: ₹200.74 (+59.9% upside)",https://www.tradingview.com/chart/?symbol=NSE%3AJAYBARMARU&interval=D,https://www.tradingview.com/chart/?symbol=NSE%3AJAYBARMARU&interval=W,https://www.tradingview.com/chart/?symbol=NSE%3AJAYBARMARU&interval=75,pending,data/research_datasets/20260824,2026-08-24 10:05:13 UTC
IDEA,IDEA.NS,Vodafone Idea Limited,2026-08-21,901,HIGH_PRIORITY_CANDIDATE,True,True,62.5,False,None,True,True,True,False,False,True,13.94,58.0,13.8,12.8,,,1.12,0.155,,0.5,0.44,0.12,False,False,True,False,LPS,2026-08-20,True,False,False,False,70,"Bar vol_ratio=0.59x, spread_ratio=0.65x, close_pos=0.38. Candidate LPS: higher low=13.93 vs prior Spring low=12.60 (+10.6%), holding above range support=12.60, low volume 0.59x avg (threshold < 0.75x), spread 0.65x ATR, close pos=0.38",35.91,157.6,30,True,"[HIGH_PRIORITY_CANDIDATE] Score: 62.5/100.0 | Mech Qual: PASS (Weekly WMA Up, Daily DMA(50/100) Up (13.8>12.8), RSI(14) Bullish (58.0)) | VSA: Vol Ratio: 0.50x, Close Pos: 0.12, No Supply (Dry-up) | Candidate Event: LPS (Bar vol_ratio=0.59x, spread_ratio=0.65x, close_pos=0.38. Candidate LPS: higher low=13.93 vs prior Spring low=12.60 (+10.6%), holding above range support=12.60, low volume 0.59x avg (threshold < 0.75x), spread 0.65x ATR, close pos=0.38) | P&F Target: ₹35.91 (+157.6% upside)",https://www.tradingview.com/chart/?symbol=NSE%3AIDEA&interval=D,https://www.tradingview.com/chart/?symbol=NSE%3AIDEA&interval=W,https://www.tradingview.com/chart/?symbol=NSE%3AIDEA&interval=75,pending,data/research_datasets/20260824,2026-08-24 10:05:13 UTC
HEG,HEG.NS,HEG Limited,2026-08-21,901,HIGH_PRIORITY_CANDIDATE,True,True,62.5,False,None,True,True,True,False,True,True,710.75,65.3,603.64,594.66,,,1.07,0.129,,0.5,0.7,0.34,False,False,False,False,SOS,2026-08-18,False,True,False,False,88,"Bar vol_ratio=1.82x, spread_ratio=1.98x, close_pos=0.82. Candidate SOS: close=739.25 broke above range resistance=711.20 (+3.94%), strong close position=0.82 (threshold > 0.7), volume 1.82x avg (threshold >= 1.5x), spread 1.98x ATR",830.15,16.8,47,True,"[HIGH_PRIORITY_CANDIDATE] Score: 62.5/100.0 | Mech Qual: PASS (Weekly WMA Up, Daily DMA(50/100) Up (603.6>594.7), RSI(14) Bullish (65.3), BBW Contraction) | VSA: Vol Ratio: 0.50x, Close Pos: 0.34 | Candidate Event: SOS (Bar vol_ratio=1.82x, spread_ratio=1.98x, close_pos=0.82. Candidate SOS: close=739.25 broke above range resistance=711.20 (+3.94%), strong close position=0.82 (threshold > 0.7), volume 1.82x avg (threshold >= 1.5x), spread 1.98x ATR) | P&F Target: ₹830.15 (+16.8% upside)",https://www.tradingview.com/chart/?symbol=NSE%3AHEG&interval=D,https://www.tradingview.com/chart/?symbol=NSE%3AHEG&interval=W,https://www.tradingview.com/chart/?symbol=NSE%3AHEG&interval=75,pending,data/research_datasets/20260824,2026-08-24 10:05:13 UTC
HCC,HCC.NS,Hindustan Construction Company Limited,2026-08-21,901,HIGH_PRIORITY_CANDIDATE,True,True,62.5,False,None,True,False,False,True,True,True,21.03,47.4,23.1,22.11,,,0.81,0.14,,1.49,1.0,0.14,False,False,False,False,LPS,2026-08-18,True,False,False,False,82,"Bar vol_ratio=0.66x, spread_ratio=0.98x, close_pos=0.21. Candidate LPS: higher low=19.90 vs prior Spring low=19.63 (+1.4%), holding above range support=19.63, low volume 0.66x avg (threshold < 0.75x), spread 0.98x ATR, close pos=0.21",57.76,174.7,4,True,"[HIGH_PRIORITY_CANDIDATE] Score: 62.5/100.0 | Mech Qual: PASS (Weekly WMA Up, ATR Contraction (0.81<1.0), BBW Contraction) | VSA: Vol Ratio: 1.49x, Close Pos: 0.14 | Candidate Event: LPS (Bar vol_ratio=0.66x, spread_ratio=0.98x, close_pos=0.21. Candidate LPS: higher low=19.90 vs prior Spring low=19.63 (+1.4%), holding above range support=19.63, low volume 0.66x avg (threshold < 0.75x), spread 0.98x ATR, close pos=0.21) | P&F Target: ₹57.76 (+174.7% upside)",https://www.tradingview.com/chart/?symbol=NSE%3AHCC&interval=D,https://www.tradingview.com/chart/?symbol=NSE%3AHCC&interval=W,https://www.tradingview.com/chart/?symbol=NSE%3AHCC&interval=75,pending,data/research_datasets/20260824,2026-08-24 10:05:13 UTC
GLAND,GLAND.NS,Gland Pharma Limited,2026-08-21,900,HIGH_PRIORITY_CANDIDATE,True,True,62.5,False,None,True,True,True,False,False,True,2819.3,62.9,2498.41,2232.31,,,1.22,0.284,,0.27,0.92,0.32,False,False,False,False,SOS,2026-08-10,False,True,False,False,104,"Bar vol_ratio=1.62x, spread_ratio=0.99x, close_pos=0.76. Candidate SOS: close=2647.30 broke above range resistance=2614.55 (+1.25%), strong close position=0.76 (threshold > 0.7), volume 1.62x avg (threshold >= 1.5x), spread 0.99x ATR",4826.31,71.2,52,True,"[HIGH_PRIORITY_CANDIDATE] Score: 62.5/100.0 | Mech Qual: PASS (Weekly WMA Up, Daily DMA(50/100) Up (2498.4>2232.3), RSI(14) Bullish (62.9)) | VSA: Vol Ratio: 0.27x, Close Pos: 0.32 | Candidate Event: SOS (Bar vol_ratio=1.62x, spread_ratio=0.99x, close_pos=0.76. Candidate SOS: close=2647.30 broke above range resistance=2614.55 (+1.25%), strong close position=0.76 (threshold > 0.7), volume 1.62x avg (threshold >= 1.5x), spread 0.99x ATR) | P&F Target: ₹4826.31 (+71.2% upside)",https://www.tradingview.com/chart/?symbol=NSE%3AGLAND&interval=D,https://www.tradingview.com/chart/?symbol=NSE%3AGLAND&interval=W,https://www.tradingview.com/chart/?symbol=NSE%3AGLAND&interval=75,pending,data/research_datasets/20260824,2026-08-24 10:05:13 UTC
DIXON,DIXON.NS,Dixon Technologies (India) Limited,2026-08-21,901,HIGH_PRIORITY_CANDIDATE,True,True,62.5,False,None,False,True,True,True,True,True,14850.0,67.9,13449.74,12292.91,,,0.81,0.08,,1.58,0.81,0.76,True,False,False,False,SOS,2026-08-20,False,True,False,False,133,"Bar vol_ratio=1.81x, spread_ratio=1.29x, close_pos=0.79. Candidate SOS: close=14850.00 broke above range resistance=14685.00 (+1.12%), strong close position=0.79 (threshold > 0.7), volume 1.81x avg (threshold >= 1.5x), spread 1.29x ATR",20180.0,35.9,29,True,"[HIGH_PRIORITY_CANDIDATE] Score: 62.5/100.0 | Mech Qual: PASS (Daily DMA(50/100) Up (13449.7>12292.9), RSI(14) Bullish (67.9), ATR Contraction (0.81<1.0), BBW Contraction) | VSA: Vol Ratio: 1.58x, Close Pos: 0.76, Stopping Volume (Absorption) | Candidate Event: SOS (Bar vol_ratio=1.81x, spread_ratio=1.29x, close_pos=0.79. Candidate SOS: close=14850.00 broke above range resistance=14685.00 (+1.12%), strong close position=0.79 (threshold > 0.7), volume 1.81x avg (threshold >= 1.5x), spread 1.29x ATR) | P&F Target: ₹20180.00 (+35.9% upside)",https://www.tradingview.com/chart/?symbol=NSE%3ADIXON&interval=D,https://www.tradingview.com/chart/?symbol=NSE%3ADIXON&interval=W,https://www.tradingview.com/chart/?symbol=NSE%3ADIXON&interval=75,pending,data/research_datasets/20260824,2026-08-24 10:05:13 UTC
AZAD,AZAD.NS,Azad Engineering Limited,2026-08-21,658,HIGH_PRIORITY_CANDIDATE,True,True,62.5,False,None,True,True,True,False,False,True,2837.8,68.3,2348.18,2186.11,,,1.19,0.314,,0.68,1.14,0.9,False,False,False,False,SOS,2026-08-13,False,True,False,False,83,"Bar vol_ratio=3.25x, spread_ratio=2.05x, close_pos=0.89. Candidate SOS: close=2665.10 broke above range resistance=2589.00 (+2.94%), strong close position=0.89 (threshold > 0.7), volume 3.25x avg (threshold >= 1.5x), spread 2.05x ATR",2625.2,-7.5,71,True,"[HIGH_PRIORITY_CANDIDATE] Score: 62.5/100.0 | Mech Qual: PASS (Weekly WMA Up, Daily DMA(50/100) Up (2348.2>2186.1), RSI(14) Bullish (68.3)) | VSA: Vol Ratio: 0.68x, Close Pos: 0.90 | Candidate Event: SOS (Bar vol_ratio=3.25x, spread_ratio=2.05x, close_pos=0.89. Candidate SOS: close=2665.10 broke above range resistance=2589.00 (+2.94%), strong close position=0.89 (threshold > 0.7), volume 3.25x avg (threshold >= 1.5x), spread 2.05x ATR) | P&F Target: ₹2625.20 (+-7.5% upside)",https://www.tradingview.com/chart/?symbol=NSE%3AAZAD&interval=D,https://www.tradingview.com/chart/?symbol=NSE%3AAZAD&interval=W,https://www.tradingview.com/chart/?symbol=NSE%3AAZAD&interval=75,pending,data/research_datasets/20260824,2026-08-24 10:05:13 UTC
ASIANENE,ASIANENE.NS,Asian Energy Services Limited,2026-08-21,901,HIGH_PRIORITY_CANDIDATE,True,True,62.5,False,None,True,True,True,False,False,True,470.3,67.4,377.59,350.9,,,1.4,0.309,,0.55,1.09,0.2,False,False,False,False,SOS,2026-08-19,False,True,False,False,129,"Bar vol_ratio=1.88x, spread_ratio=1.01x, close_pos=0.78. Candidate SOS: close=478.75 broke above range resistance=465.10 (+2.93%), strong close position=0.78 (threshold > 0.7), volume 1.88x avg (threshold >= 1.5x), spread 1.01x ATR",371.1,-21.1,38,True,"[HIGH_PRIORITY_CANDIDATE] Score: 62.5/100.0 | Mech Qual: PASS (Weekly WMA Up, Daily DMA(50/100) Up (377.6>350.9), RSI(14) Bullish (67.4)) | VSA: Vol Ratio: 0.55x, Close Pos: 0.20 | Candidate Event: SOS (Bar vol_ratio=1.88x, spread_ratio=1.01x, close_pos=0.78. Candidate SOS: close=478.75 broke above range resistance=465.10 (+2.93%), strong close position=0.78 (threshold > 0.7), volume 1.88x avg (threshold >= 1.5x), spread 1.01x ATR) | P&F Target: ₹371.10 (+-21.1% upside)",https://www.tradingview.com/chart/?symbol=NSE%3AASIANENE&interval=D,https://www.tradingview.com/chart/?symbol=NSE%3AASIANENE&interval=W,https://www.tradingview.com/chart/?symbol=NSE%3AASIANENE&interval=75,pending,data/research_datasets/20260824,2026-08-24 10:05:13 UTC
APARINDS,APARINDS.NS,Apar Industries Limited,2026-08-21,901,HIGH_PRIORITY_CANDIDATE,True,True,62.5,False,None,True,True,True,False,False,True,16856.0,59.8,15258.74,13824.81,,,1.13,0.333,,0.48,0.56,0.55,False,True,False,False,SOS,2026-08-12,False,True,False,False,115,"Bar vol_ratio=2.14x, spread_ratio=2.31x, close_pos=0.71. Candidate SOS: close=18000.00 broke above range resistance=17157.00 (+4.91%), strong close position=0.71 (threshold > 0.7), volume 2.14x avg (threshold >= 1.5x), spread 2.31x ATR",14509.0,-13.9,15,False,"[HIGH_PRIORITY_CANDIDATE] Score: 62.5/100.0 | Mech Qual: PASS (Weekly WMA Up, Daily DMA(50/100) Up (15258.7>13824.8), RSI(14) Bullish (59.8)) | VSA: Vol Ratio: 0.48x, Close Pos: 0.55, No Demand | Candidate Event: SOS (Bar vol_ratio=2.14x, spread_ratio=2.31x, close_pos=0.71. Candidate SOS: close=18000.00 broke above range resistance=17157.00 (+4.91%), strong close position=0.71 (threshold > 0.7), volume 2.14x avg (threshold >= 1.5x), spread 2.31x ATR) | P&F Target: ₹14509.00 (+-13.9% upside)",https://www.tradingview.com/chart/?symbol=NSE%3AAPARINDS&interval=D,https://www.tradingview.com/chart/?symbol=NSE%3AAPARINDS&interval=W,https://www.tradingview.com/chart/?symbol=NSE%3AAPARINDS&interval=75,pending,data/research_datasets/20260824,2026-08-24 10:05:13 UTC
ALKYLAMINE,ALKYLAMINE.NS,Alkyl Amines Chemicals Limited,2026-08-21,901,HIGH_PRIORITY_CANDIDATE,True,True,62.5,False,None,True,True,True,False,False,True,2052.7,66.5,1849.73,1725.91,,,1.09,0.138,,2.74,2.18,0.87,False,False,False,False,SOS,2026-08-21,False,True,False,False,123,"Bar vol_ratio=2.74x, spread_ratio=2.18x, close_pos=0.87. Candidate SOS: close=2052.70 broke above range resistance=2007.00 (+2.28%), strong close position=0.87 (threshold > 0.7), volume 2.74x avg (threshold >= 1.5x), spread 2.18x ATR",1796.17,-12.5,8,True,"[HIGH_PRIORITY_CANDIDATE] Score: 62.5/100.0 | Mech Qual: PASS (Weekly WMA Up, Daily DMA(50/100) Up (1849.7>1725.9), RSI(14) Bullish (66.5)) | VSA: Vol Ratio: 2.74x, Close Pos: 0.87 | Candidate Event: SOS (Bar vol_ratio=2.74x, spread_ratio=2.18x, close_pos=0.87. Candidate SOS: close=2052.70 broke above range resistance=2007.00 (+2.28%), strong close position=0.87 (threshold > 0.7), volume 2.74x avg (threshold >= 1.5x), spread 2.18x ATR) | P&F Target: ₹1796.17 (+-12.5% upside)",https://www.tradingview.com/chart/?symbol=NSE%3AALKYLAMINE&interval=D,https://www.tradingview.com/chart/?symbol=NSE%3AALKYLAMINE&interval=W,https://www.tradingview.com/chart/?symbol=NSE%3AALKYLAMINE&interval=75,pending,data/research_datasets/20260824,2026-08-24 10:05:13 UTC
AKUMS,AKUMS.NS,Akums Drugs and Pharmaceuticals Limited,2026-08-21,508,HIGH_PRIORITY_CANDIDATE,True,True,62.5,False,None,True,True,True,False,False,True,750.0,65.1,669.79,601.15,,,1.2,0.225,,0.67,0.64,0.14,False,False,False,False,SOS,2026-08-11,False,True,False,False,60,"Bar vol_ratio=3.21x, spread_ratio=1.73x, close_pos=0.79. Candidate SOS: close=760.95 broke above range resistance=756.85 (+0.54%), strong close position=0.79 (threshold > 0.7), volume 3.21x avg (threshold >= 1.5x), spread 1.73x ATR",878.55,17.1,12,True,"[HIGH_PRIORITY_CANDIDATE] Score: 62.5/100.0 | Mech Qual: PASS (Weekly WMA Up, Daily DMA(50/100) Up (669.8>601.1), RSI(14) Bullish (65.1)) | VSA: Vol Ratio: 0.67x, Close Pos: 0.14 | Candidate Event: SOS (Bar vol_ratio=3.21x, spread_ratio=1.73x, close_pos=0.79. Candidate SOS: close=760.95 broke above range resistance=756.85 (+0.54%), strong close position=0.79 (threshold > 0.7), volume 3.21x avg (threshold >= 1.5x), spread 1.73x ATR) | P&F Target: ₹878.55 (+17.1% upside)",https://www.tradingview.com/chart/?symbol=NSE%3AAKUMS&interval=D,https://www.tradingview.com/chart/?symbol=NSE%3AAKUMS&interval=W,https://www.tradingview.com/chart/?symbol=NSE%3AAKUMS&interval=75,pending,data/research_datasets/20260824,2026-08-24 10:05:13 UTC
AGI,AGI.NS,AGI Greenpac Limited,2026-08-21,900,HIGH_PRIORITY_CANDIDATE,True,True,62.5,False,None,False,True,True,True,True,True,753.6,68.2,703.54,646.0,,,0.92,0.062,,4.16,2.23,0.89,False,False,False,False,SOS,2026-08-21,False,True,False,False,113,"Bar vol_ratio=4.16x, spread_ratio=2.23x, close_pos=0.89. Candidate SOS: close=753.60 broke above range resistance=748.00 (+0.75%), strong close position=0.89 (threshold > 0.7), volume 4.16x avg (threshold >= 1.5x), spread 2.23x ATR",1065.55,41.4,28,True,"[HIGH_PRIORITY_CANDIDATE] Score: 62.5/100.0 | Mech Qual: PASS (Daily DMA(50/100) Up (703.5>646.0), RSI(14) Bullish (68.2), ATR Contraction (0.92<1.0), BBW Contraction) | VSA: Vol Ratio: 4.16x, Close Pos: 0.89 | Candidate Event: SOS (Bar vol_ratio=4.16x, spread_ratio=2.23x, close_pos=0.89. Candidate SOS: close=753.60 broke above range resistance=748.00 (+0.75%), strong close position=0.89 (threshold > 0.7), volume 4.16x avg (threshold >= 1.5x), spread 2.23x ATR) | P&F Target: ₹1065.55 (+41.4% upside)",https://www.tradingview.com/chart/?symbol=NSE%3AAGI&interval=D,https://www.tradingview.com/chart/?symbol=NSE%3AAGI&interval=W,https://www.tradingview.com/chart/?symbol=NSE%3AAGI&interval=75,pending,data/research_datasets/20260824,2026-08-24 10:05:13 UTC
ADFFOODS,ADFFOODS.NS,ADF Foods Limited,2026-08-21,901,HIGH_PRIORITY_CANDIDATE,True,True,62.5,False,None,True,False,False,True,True,True,267.6,43.2,292.01,271.66,,,0.63,0.217,,0.51,0.72,0.42,False,False,False,False,LPS,2026-08-11,True,False,False,False,111,"Bar vol_ratio=0.71x, spread_ratio=0.82x, close_pos=0.54. Candidate LPS: higher low=260.25 vs prior Spring low=255.85 (+1.7%), holding above range support=255.85, low volume 0.71x avg (threshold < 0.75x), spread 0.82x ATR, close pos=0.54",228.56,-14.6,17,True,"[HIGH_PRIORITY_CANDIDATE] Score: 62.5/100.0 | Mech Qual: PASS (Weekly WMA Up, ATR Contraction (0.63<1.0), BBW Contraction) | VSA: Vol Ratio: 0.51x, Close Pos: 0.42 | Candidate Event: LPS (Bar vol_ratio=0.71x, spread_ratio=0.82x, close_pos=0.54. Candidate LPS: higher low=260.25 vs prior Spring low=255.85 (+1.7%), holding above range support=255.85, low volume 0.71x avg (threshold < 0.75x), spread 0.82x ATR, close pos=0.54) | P&F Target: ₹228.56 (+-14.6% upside)",https://www.tradingview.com/chart/?symbol=NSE%3AADFFOODS&interval=D,https://www.tradingview.com/chart/?symbol=NSE%3AADFFOODS&interval=W,https://www.tradingview.com/chart/?symbol=NSE%3AADFFOODS&interval=75,pending,data/research_datasets/20260824,2026-08-24 10:05:13 UTC
ADANIPOWER,ADANIPOWER.NS,Adani Power Limited,2026-08-21,901,HIGH_PRIORITY_CANDIDATE,True,True,62.5,False,None,True,False,False,True,True,True,205.5,40.8,216.59,215.65,,,0.75,0.056,,0.73,0.65,1.0,False,False,False,False,LPS,2026-08-14,True,False,False,False,118,"Bar vol_ratio=0.74x, spread_ratio=0.65x, close_pos=0.08. Candidate LPS: higher low=205.00 vs prior Spring low=204.11 (+0.4%), holding above range support=204.11, low volume 0.74x avg (threshold < 0.75x), spread 0.65x ATR, close pos=0.08",246.43,19.9,32,True,"[HIGH_PRIORITY_CANDIDATE] Score: 62.5/100.0 | Mech Qual: PASS (Weekly WMA Up, ATR Contraction (0.75<1.0), BBW Contraction) | VSA: Vol Ratio: 0.73x, Close Pos: 1.00 | Candidate Event: LPS (Bar vol_ratio=0.74x, spread_ratio=0.65x, close_pos=0.08. Candidate LPS: higher low=205.00 vs prior Spring low=204.11 (+0.4%), holding above range support=204.11, low volume 0.74x avg (threshold < 0.75x), spread 0.65x ATR, close pos=0.08) | P&F Target: ₹246.43 (+19.9% upside)",https://www.tradingview.com/chart/?symbol=NSE%3AADANIPOWER&interval=D,https://www.tradingview.com/chart/?symbol=NSE%3AADANIPOWER&interval=W,https://www.tradingview.com/chart/?symbol=NSE%3AADANIPOWER&interval=75,pending,data/research_datasets/20260824,2026-08-24 10:05:13 UTC
ADANIPORTS,ADANIPORTS.NS,Adani Ports and Special Economic Zone Limited,2026-08-21,901,HIGH_PRIORITY_CANDIDATE,True,True,62.5,False,None,True,False,False,True,True,True,1700.0,44.5,1771.73,1725.64,,,0.75,0.069,,0.5,0.52,0.88,False,True,False,False,LPS,2026-08-17,True,False,False,False,109,"Bar vol_ratio=0.68x, spread_ratio=0.72x, close_pos=0.50. Candidate LPS: higher low=1678.10 vs prior Spring low=1640.40 (+2.3%), holding above range support=1640.40, low volume 0.68x avg (threshold < 0.75x), spread 0.72x ATR, close pos=0.50",2736.08,60.9,46,True,"[HIGH_PRIORITY_CANDIDATE] Score: 62.5/100.0 | Mech Qual: PASS (Weekly WMA Up, ATR Contraction (0.75<1.0), BBW Contraction) | VSA: Vol Ratio: 0.50x, Close Pos: 0.88, No Demand | Candidate Event: LPS (Bar vol_ratio=0.68x, spread_ratio=0.72x, close_pos=0.50. Candidate LPS: higher low=1678.10 vs prior Spring low=1640.40 (+2.3%), holding above range support=1640.40, low volume 0.68x avg (threshold < 0.75x), spread 0.72x ATR, close pos=0.50) | P&F Target: ₹2736.08 (+60.9% upside)",https://www.tradingview.com/chart/?symbol=NSE%3AADANIPORTS&interval=D,https://www.tradingview.com/chart/?symbol=NSE%3AADANIPORTS&interval=W,https://www.tradingview.com/chart/?symbol=NSE%3AADANIPORTS&interval=75,pending,data/research_datasets/20260824,2026-08-24 10:05:13 UTC
ADANIGREEN,ADANIGREEN.NS,Adani Green Energy Limited,2026-08-21,901,HIGH_PRIORITY_CANDIDATE,True,True,62.5,False,None,True,False,False,True,True,True,1320.0,38.0,1449.58,1373.26,,,0.72,0.094,,0.76,0.44,0.67,False,True,False,False,LPS,2026-08-14,True,False,False,False,92,"Bar vol_ratio=0.48x, spread_ratio=0.77x, close_pos=1.00. Candidate LPS: higher low=1315.10 vs prior Spring low=1314.00 (+0.1%), holding above range support=1314.00, low volume 0.48x avg (threshold < 0.75x), spread 0.77x ATR, close pos=1.00",2880.8,118.2,31,True,"[HIGH_PRIORITY_CANDIDATE] Score: 62.5/100.0 | Mech Qual: PASS (Weekly WMA Up, ATR Contraction (0.72<1.0), BBW Contraction) | VSA: Vol Ratio: 0.76x, Close Pos: 0.67, No Demand | Candidate Event: LPS (Bar vol_ratio=0.48x, spread_ratio=0.77x, close_pos=1.00. Candidate LPS: higher low=1315.10 vs prior Spring low=1314.00 (+0.1%), holding above range support=1314.00, low volume 0.48x avg (threshold < 0.75x), spread 0.77x ATR, close pos=1.00) | P&F Target: ₹2880.80 (+118.2% upside)",https://www.tradingview.com/chart/?symbol=NSE%3AADANIGREEN&interval=D,https://www.tradingview.com/chart/?symbol=NSE%3AADANIGREEN&interval=W,https://www.tradingview.com/chart/?symbol=NSE%3AADANIGREEN&interval=75,pending,data/research_datasets/20260824,2026-08-24 10:05:13 UTC
ACE,ACE.NS,Action Construction Equipment Limited,2026-08-21,901,HIGH_PRIORITY_CANDIDATE,True,True,62.5,False,None,True,True,True,False,True,True,1182.2,65.5,1037.33,964.11,,,1.13,0.149,,0.91,1.1,0.85,False,False,False,False,SOS,2026-08-18,False,True,False,False,91,"Bar vol_ratio=2.96x, spread_ratio=1.65x, close_pos=0.95. Candidate SOS: close=1184.80 broke above range resistance=1149.00 (+3.12%), strong close position=0.95 (threshold > 0.7), volume 2.96x avg (threshold >= 1.5x), spread 1.65x ATR",1353.5,14.5,20,True,"[HIGH_PRIORITY_CANDIDATE] Score: 62.5/100.0 | Mech Qual: PASS (Weekly WMA Up, Daily DMA(50/100) Up (1037.3>964.1), RSI(14) Bullish (65.5), BBW Contraction) | VSA: Vol Ratio: 0.91x, Close Pos: 0.85 | Candidate Event: SOS (Bar vol_ratio=2.96x, spread_ratio=1.65x, close_pos=0.95. Candidate SOS: close=1184.80 broke above range resistance=1149.00 (+3.12%), strong close position=0.95 (threshold > 0.7), volume 2.96x avg (threshold >= 1.5x), spread 1.65x ATR) | P&F Target: ₹1353.50 (+14.5% upside)",https://www.tradingview.com/chart/?symbol=NSE%3AACE&interval=D,https://www.tradingview.com/chart/?symbol=NSE%3AACE&interval=W,https://www.tradingview.com/chart/?symbol=NSE%3AACE&interval=75,pending,data/research_datasets/20260824,2026-08-24 10:05:13 UTC
TVSMOTOR,TVSMOTOR.NS,TVS Motor Company Limited,2026-08-21,901,HIGH_PRIORITY_CANDIDATE,True,True,61.0,False,None,True,True,True,True,True,True,4390.0,66.4,3883.23,3694.07,,,0.79,0.142,,0.78,0.63,1.0,False,False,False,False,SOS,2026-07-31,False,True,False,False,91,"Bar vol_ratio=2.22x, spread_ratio=1.20x, close_pos=0.91. Candidate SOS: close=4313.10 broke above range resistance=4219.00 (+2.23%), strong close position=0.91 (threshold > 0.7), volume 2.22x avg (threshold >= 1.5x), spread 1.20x ATR",4677.4,6.5,35,False,"[HIGH_PRIORITY_CANDIDATE] Score: 61.0/100.0 | Mech Qual: PASS (Weekly WMA Up, Daily DMA(50/100) Up (3883.2>3694.1), RSI(14) Bullish (66.4), ATR Contraction (0.79<1.0), BBW Contraction) | VSA: Vol Ratio: 0.78x, Close Pos: 1.00 | Candidate Event: SOS (Bar vol_ratio=2.22x, spread_ratio=1.20x, close_pos=0.91. Candidate SOS: close=4313.10 broke above range resistance=4219.00 (+2.23%), strong close position=0.91 (threshold > 0.7), volume 2.22x avg (threshold >= 1.5x), spread 1.20x ATR) | P&F Target: ₹4677.40 (+6.5% upside)",https://www.tradingview.com/chart/?symbol=NSE%3ATVSMOTOR&interval=D,https://www.tradingview.com/chart/?symbol=NSE%3ATVSMOTOR&interval=W,https://www.tradingview.com/chart/?symbol=NSE%3ATVSMOTOR&interval=75,pending,data/research_datasets/20260824,2026-08-24 10:05:13 UTC
STYLAMIND,STYLAMIND.NS,Stylam Industries Limited,2026-08-21,901,HIGH_PRIORITY_CANDIDATE,True,True,61.0,False,None,True,True,True,True,True,True,3601.7,56.1,3382.47,2970.33,,,0.92,0.121,,2.46,1.18,0.74,False,False,False,True,LPS,2026-08-04,True,False,False,False,115,"Bar vol_ratio=0.23x, spread_ratio=0.52x, close_pos=0.54. Candidate LPS: higher low=3470.20 vs prior ST low=3401.00 (+2.0%), holding above range support=2772.30, low volume 0.23x avg (threshold < 0.75x), spread 0.52x ATR, close pos=0.54",3883.0,7.8,12,False,"[HIGH_PRIORITY_CANDIDATE] Score: 61.0/100.0 | Mech Qual: PASS (Weekly WMA Up, Daily DMA(50/100) Up (3382.5>2970.3), RSI(14) Bullish (56.1), ATR Contraction (0.92<1.0), BBW Contraction) | VSA: Vol Ratio: 2.46x, Close Pos: 0.74 | Candidate Event: LPS (Bar vol_ratio=0.23x, spread_ratio=0.52x, close_pos=0.54. Candidate LPS: higher low=3470.20 vs prior ST low=3401.00 (+2.0%), holding above range support=2772.30, low volume 0.23x avg (threshold < 0.75x), spread 0.52x ATR, close pos=0.54) | P&F Target: ₹3883.00 (+7.8% upside)",https://www.tradingview.com/chart/?symbol=NSE%3ASTYLAMIND&interval=D,https://www.tradingview.com/chart/?symbol=NSE%3ASTYLAMIND&interval=W,https://www.tradingview.com/chart/?symbol=NSE%3ASTYLAMIND&interval=75,pending,data/research_datasets/20260824,2026-08-24 10:05:13 UTC
OMNI,OMNI.NS,Omnitech Engineering Limited,2026-08-21,118,HIGH_PRIORITY_CANDIDATE,True,True,61.0,False,None,False,True,False,False,True,True,581.0,50.5,554.9,482.4,,,1.48,0.241,,0.15,0.24,0.73,False,True,False,False,LPS,2026-08-13,True,False,False,False,18,"Bar vol_ratio=0.49x, spread_ratio=0.68x, close_pos=0.58. Candidate LPS: higher low=568.20 vs prior ST low=565.00 (+0.6%), holding above range support=445.00, low volume 0.49x avg (threshold < 0.75x), spread 0.68x ATR, close pos=0.58",658.5,13.3,12,False,"[HIGH_PRIORITY_CANDIDATE] Score: 61.0/100.0 | Mech Qual: PASS (Daily DMA(50/100) Up (554.9>482.4), BBW Contraction) | VSA: Vol Ratio: 0.15x, Close Pos: 0.73, No Demand | Candidate Event: LPS (Bar vol_ratio=0.49x, spread_ratio=0.68x, close_pos=0.58. Candidate LPS: higher low=568.20 vs prior ST low=565.00 (+0.6%), holding above range support=445.00, low volume 0.49x avg (threshold < 0.75x), spread 0.68x ATR, close pos=0.58) | P&F Target: ₹658.50 (+13.3% upside)",https://www.tradingview.com/chart/?symbol=NSE%3AOMNI&interval=D,https://www.tradingview.com/chart/?symbol=NSE%3AOMNI&interval=W,https://www.tradingview.com/chart/?symbol=NSE%3AOMNI&interval=75,pending,data/research_datasets/20260824,2026-08-24 10:05:13 UTC
HINDCOPPER,HINDCOPPER.NS,Hindustan Copper Limited,2026-08-21,901,HIGH_PRIORITY_CANDIDATE,True,True,61.0,False,None,True,False,True,False,False,True,572.7,65.5,508.32,526.69,,,1.61,0.248,,1.2,0.91,0.57,False,False,False,False,LPS,2026-08-19,True,False,False,False,124,"Bar vol_ratio=0.56x, spread_ratio=0.75x, close_pos=0.12. Candidate LPS: higher low=553.00 vs prior Spring low=469.00 (+17.9%), holding above range support=469.00, low volume 0.56x avg (threshold < 0.75x), spread 0.75x ATR, close pos=0.12",653.85,14.2,33,False,"[HIGH_PRIORITY_CANDIDATE] Score: 61.0/100.0 | Mech Qual: PASS (Weekly WMA Up, RSI(14) Bullish (65.5)) | VSA: Vol Ratio: 1.20x, Close Pos: 0.57 | Candidate Event: LPS (Bar vol_ratio=0.56x, spread_ratio=0.75x, close_pos=0.12. Candidate LPS: higher low=553.00 vs prior Spring low=469.00 (+17.9%), holding above range support=469.00, low volume 0.56x avg (threshold < 0.75x), spread 0.75x ATR, close pos=0.12) | P&F Target: ₹653.85 (+14.2% upside)",https://www.tradingview.com/chart/?symbol=NSE%3AHINDCOPPER&interval=D,https://www.tradingview.com/chart/?symbol=NSE%3AHINDCOPPER&interval=W,https://www.tradingview.com/chart/?symbol=NSE%3AHINDCOPPER&interval=75,pending,data/research_datasets/20260824,2026-08-24 10:05:13 UTC
HCG,HCG.NS,Healthcare Global Enterprises Limited,2026-08-21,901,HIGH_PRIORITY_CANDIDATE,True,True,61.0,False,None,False,True,True,False,False,True,725.95,61.7,663.98,634.17,,,1.22,0.155,,0.51,0.73,0.46,False,False,False,False,SOS,2026-08-10,False,True,False,False,152,"Bar vol_ratio=2.14x, spread_ratio=2.25x, close_pos=0.93. Candidate SOS: close=715.65 broke above range resistance=688.20 (+3.99%), strong close position=0.93 (threshold > 0.7), volume 2.14x avg (threshold >= 1.5x), spread 2.25x ATR",831.9,14.6,27,False,"[HIGH_PRIORITY_CANDIDATE] Score: 61.0/100.0 | Mech Qual: PASS (Daily DMA(50/100) Up (664.0>634.2), RSI(14) Bullish (61.7)) | VSA: Vol Ratio: 0.51x, Close Pos: 0.46 | Candidate Event: SOS (Bar vol_ratio=2.14x, spread_ratio=2.25x, close_pos=0.93. Candidate SOS: close=715.65 broke above range resistance=688.20 (+3.99%), strong close position=0.93 (threshold > 0.7), volume 2.14x avg (threshold >= 1.5x), spread 2.25x ATR) | P&F Target: ₹831.90 (+14.6% upside)",https://www.tradingview.com/chart/?symbol=NSE%3AHCG&interval=D,https://www.tradingview.com/chart/?symbol=NSE%3AHCG&interval=W,https://www.tradingview.com/chart/?symbol=NSE%3AHCG&interval=75,pending,data/research_datasets/20260824,2026-08-24 10:05:13 UTC
AARTIPHARM,AARTIPHARM.NS,Aarti Pharmalabs Limited,2026-08-21,882,HIGH_PRIORITY_CANDIDATE,True,True,61.0,False,None,False,True,True,False,False,True,816.8,58.9,720.97,706.0,,,1.58,0.46,,0.4,0.81,0.34,False,False,False,False,SOS,2026-08-10,False,True,False,False,88,"Bar vol_ratio=10.74x, spread_ratio=2.20x, close_pos=1.00. Candidate SOS: close=823.00 broke above range resistance=743.60 (+10.68%), strong close position=1.00 (threshold > 0.7), volume 10.74x avg (threshold >= 1.5x), spread 2.20x ATR",922.65,13.0,47,False,"[HIGH_PRIORITY_CANDIDATE] Score: 61.0/100.0 | Mech Qual: PASS (Daily DMA(50/100) Up (721.0>706.0), RSI(14) Bullish (58.9)) | VSA: Vol Ratio: 0.40x, Close Pos: 0.34 | Candidate Event: SOS (Bar vol_ratio=10.74x, spread_ratio=2.20x, close_pos=1.00. Candidate SOS: close=823.00 broke above range resistance=743.60 (+10.68%), strong close position=1.00 (threshold > 0.7), volume 10.74x avg (threshold >= 1.5x), spread 2.20x ATR) | P&F Target: ₹922.65 (+13.0% upside)",https://www.tradingview.com/chart/?symbol=NSE%3AAARTIPHARM&interval=D,https://www.tradingview.com/chart/?symbol=NSE%3AAARTIPHARM&interval=W,https://www.tradingview.com/chart/?symbol=NSE%3AAARTIPHARM&interval=75,pending,data/research_datasets/20260824,2026-08-24 10:05:13 UTC
VTL,VTL.NS,Vardhman Textiles Limited,2026-08-21,901,HIGH_PRIORITY_CANDIDATE,True,True,60.5,False,None,True,False,False,True,True,True,602.9,47.5,624.11,608.74,,,0.73,0.075,,0.9,1.04,0.73,False,False,False,False,LPS,2026-08-06,True,False,False,False,83,"Bar vol_ratio=0.50x, spread_ratio=0.46x, close_pos=0.23. Candidate LPS: higher low=600.00 vs prior ST low=589.00 (+1.9%), holding above range support=570.25, low volume 0.50x avg (threshold < 0.75x), spread 0.46x ATR, close pos=0.23",842.2,39.7,16,False,"[HIGH_PRIORITY_CANDIDATE] Score: 60.5/100.0 | Mech Qual: PASS (Weekly WMA Up, ATR Contraction (0.73<1.0), BBW Contraction) | VSA: Vol Ratio: 0.90x, Close Pos: 0.73 | Candidate Event: LPS (Bar vol_ratio=0.50x, spread_ratio=0.46x, close_pos=0.23. Candidate LPS: higher low=600.00 vs prior ST low=589.00 (+1.9%), holding above range support=570.25, low volume 0.50x avg (threshold < 0.75x), spread 0.46x ATR, close pos=0.23) | P&F Target: ₹842.20 (+39.7% upside)",https://www.tradingview.com/chart/?symbol=NSE%3AVTL&interval=D,https://www.tradingview.com/chart/?symbol=NSE%3AVTL&interval=W,https://www.tradingview.com/chart/?symbol=NSE%3AVTL&interval=75,pending,data/research_datasets/20260824,2026-08-24 10:05:13 UTC
VMART,VMART.NS,V-Mart Retail Limited,2026-08-21,900,HIGH_PRIORITY_CANDIDATE,True,True,60.5,False,None,False,True,True,True,False,True,838.85,65.8,776.99,709.42,,,0.96,0.163,,4.66,2.02,0.64,False,False,False,False,LPS,2026-07-31,True,False,False,False,159,"Bar vol_ratio=0.62x, spread_ratio=1.29x, close_pos=0.90. Candidate LPS: higher low=745.70 vs prior ST low=708.50 (+5.3%), holding above range support=629.01, low volume 0.62x avg (threshold < 0.75x), spread 1.29x ATR, close pos=0.90",1559.1,85.9,52,False,"[HIGH_PRIORITY_CANDIDATE] Score: 60.5/100.0 | Mech Qual: PASS (Daily DMA(50/100) Up (777.0>709.4), RSI(14) Bullish (65.8), ATR Contraction (0.96<1.0)) | VSA: Vol Ratio: 4.66x, Close Pos: 0.64 | Candidate Event: LPS (Bar vol_ratio=0.62x, spread_ratio=1.29x, close_pos=0.90. Candidate LPS: higher low=745.70 vs prior ST low=708.50 (+5.3%), holding above range support=629.01, low volume 0.62x avg (threshold < 0.75x), spread 1.29x ATR, close pos=0.90) | P&F Target: ₹1559.10 (+85.9% upside)",https://www.tradingview.com/chart/?symbol=NSE%3AVMART&interval=D,https://www.tradingview.com/chart/?symbol=NSE%3AVMART&interval=W,https://www.tradingview.com/chart/?symbol=NSE%3AVMART&interval=75,pending,data/research_datasets/20260824,2026-08-24 10:05:13 UTC
TIPSMUSIC,TIPSMUSIC.NS,Tips Music Limited,2026-08-21,901,HIGH_PRIORITY_CANDIDATE,True,True,60.5,False,None,True,False,False,True,True,True,650.95,44.4,667.52,648.71,,,0.71,0.096,,0.65,0.48,0.3,False,False,True,False,LPS,2026-07-27,True,False,False,False,123,"Bar vol_ratio=0.46x, spread_ratio=0.55x, close_pos=0.76. Candidate LPS: higher low=696.90 vs prior Spring low=611.85 (+13.9%), holding above range support=611.85, low volume 0.46x avg (threshold < 0.75x), spread 0.55x ATR, close pos=0.76",886.55,36.2,29,False,"[HIGH_PRIORITY_CANDIDATE] Score: 60.5/100.0 | Mech Qual: PASS (Weekly WMA Up, ATR Contraction (0.71<1.0), BBW Contraction) | VSA: Vol Ratio: 0.65x, Close Pos: 0.30, No Supply (Dry-up) | Candidate Event: LPS (Bar vol_ratio=0.46x, spread_ratio=0.55x, close_pos=0.76. Candidate LPS: higher low=696.90 vs prior Spring low=611.85 (+13.9%), holding above range support=611.85, low volume 0.46x avg (threshold < 0.75x), spread 0.55x ATR, close pos=0.76) | P&F Target: ₹886.55 (+36.2% upside)",https://www.tradingview.com/chart/?symbol=NSE%3ATIPSMUSIC&interval=D,https://www.tradingview.com/chart/?symbol=NSE%3ATIPSMUSIC&interval=W,https://www.tradingview.com/chart/?symbol=NSE%3ATIPSMUSIC&interval=75,pending,data/research_datasets/20260824,2026-08-24 10:05:13 UTC
TINNARUBR,TINNARUBR.NS,Tinna Rubber and Infrastructure Limited,2026-08-21,337,HIGH_PRIORITY_CANDIDATE,True,True,60.5,False,None,True,True,False,True,True,True,1034.9,46.1,1018.08,885.22,,,0.83,0.124,,0.36,0.62,0.27,False,False,False,False,LPS,2026-07-28,True,False,False,False,51,"Bar vol_ratio=0.27x, spread_ratio=0.82x, close_pos=0.24. Candidate LPS: higher low=1090.10 vs prior ST low=1072.00 (+1.7%), holding above range support=710.55, low volume 0.27x avg (threshold < 0.75x), spread 0.82x ATR, close pos=0.24",1493.6,44.3,13,False,"[HIGH_PRIORITY_CANDIDATE] Score: 60.5/100.0 | Mech Qual: PASS (Weekly WMA Up, Daily DMA(50/100) Up (1018.1>885.2), ATR Contraction (0.83<1.0), BBW Contraction) | VSA: Vol Ratio: 0.36x, Close Pos: 0.27 | Candidate Event: LPS (Bar vol_ratio=0.27x, spread_ratio=0.82x, close_pos=0.24. Candidate LPS: higher low=1090.10 vs prior ST low=1072.00 (+1.7%), holding above range support=710.55, low volume 0.27x avg (threshold < 0.75x), spread 0.82x ATR, close pos=0.24) | P&F Target: ₹1493.60 (+44.3% upside)",https://www.tradingview.com/chart/?symbol=NSE%3ATINNARUBR&interval=D,https://www.tradingview.com/chart/?symbol=NSE%3ATINNARUBR&interval=W,https://www.tradingview.com/chart/?symbol=NSE%3ATINNARUBR&interval=75,pending,data/research_datasets/20260824,2026-08-24 10:05:13 UTC
SSWL,SSWL.NS,Steel Strips Wheels Limited,2026-08-21,900,HIGH_PRIORITY_CANDIDATE,True,True,60.5,False,None,True,True,False,True,True,True,295.0,48.4,272.36,242.19,,,0.99,0.112,,1.29,1.03,0.16,False,False,False,False,LPS,2026-07-21,True,False,False,False,126,"Bar vol_ratio=0.74x, spread_ratio=1.08x, close_pos=0.60. Candidate LPS: higher low=272.51 vs prior ST low=264.65 (+3.0%), holding above range support=194.76, low volume 0.74x avg (threshold < 0.75x), spread 1.08x ATR, close pos=0.60",441.3,49.6,27,False,"[HIGH_PRIORITY_CANDIDATE] Score: 60.5/100.0 | Mech Qual: PASS (Weekly WMA Up, Daily DMA(50/100) Up (272.4>242.2), ATR Contraction (0.99<1.0), BBW Contraction) | VSA: Vol Ratio: 1.29x, Close Pos: 0.16 | Candidate Event: LPS (Bar vol_ratio=0.74x, spread_ratio=1.08x, close_pos=0.60. Candidate LPS: higher low=272.51 vs prior ST low=264.65 (+3.0%), holding above range support=194.76, low volume 0.74x avg (threshold < 0.75x), spread 1.08x ATR, close pos=0.60) | P&F Target: ₹441.30 (+49.6% upside)",https://www.tradingview.com/chart/?symbol=NSE%3ASSWL&interval=D,https://www.tradingview.com/chart/?symbol=NSE%3ASSWL&interval=W,https://www.tradingview.com/chart/?symbol=NSE%3ASSWL&interval=75,pending,data/research_datasets/20260824,2026-08-24 10:05:13 UTC
SOUTHBANK,SOUTHBANK.NS,The South Indian Bank Limited,2026-08-21,901,HIGH_PRIORITY_CANDIDATE,True,True,60.5,False,None,True,False,False,True,True,True,44.97,43.9,45.87,42.98,,,0.55,0.061,,0.59,0.57,0.12,False,False,True,False,LPS,2026-07-24,True,False,False,False,97,"Bar vol_ratio=0.50x, spread_ratio=0.87x, close_pos=0.39. Candidate LPS: higher low=45.45 vs prior ST low=43.51 (+4.5%), holding above range support=37.41, low volume 0.50x avg (threshold < 0.75x), spread 0.87x ATR, close pos=0.39",56.57,25.8,14,False,"[HIGH_PRIORITY_CANDIDATE] Score: 60.5/100.0 | Mech Qual: PASS (Weekly WMA Up, ATR Contraction (0.55<1.0), BBW Contraction) | VSA: Vol Ratio: 0.59x, Close Pos: 0.12, No Supply (Dry-up) | Candidate Event: LPS (Bar vol_ratio=0.50x, spread_ratio=0.87x, close_pos=0.39. Candidate LPS: higher low=45.45 vs prior ST low=43.51 (+4.5%), holding above range support=37.41, low volume 0.50x avg (threshold < 0.75x), spread 0.87x ATR, close pos=0.39) | P&F Target: ₹56.57 (+25.8% upside)",https://www.tradingview.com/chart/?symbol=NSE%3ASOUTHBANK&interval=D,https://www.tradingview.com/chart/?symbol=NSE%3ASOUTHBANK&interval=W,https://www.tradingview.com/chart/?symbol=NSE%3ASOUTHBANK&interval=75,pending,data/research_datasets/20260824,2026-08-24 10:05:13 UTC
SMARTWORKS,SMARTWORKS.NS,Smartworks Coworking Spaces Limited,2026-08-21,274,HIGH_PRIORITY_CANDIDATE,True,True,60.5,False,None,False,True,True,True,False,True,523.25,68.1,480.36,457.98,,,0.92,0.114,,1.03,1.07,0.63,False,False,False,False,LPS,2026-07-27,True,False,False,False,50,"Bar vol_ratio=0.41x, spread_ratio=0.57x, close_pos=0.66. Candidate LPS: higher low=477.70 vs prior ST low=471.00 (+1.4%), holding above range support=418.00, low volume 0.41x avg (threshold < 0.75x), spread 0.57x ATR, close pos=0.66",860.0,64.4,25,False,"[HIGH_PRIORITY_CANDIDATE] Score: 60.5/100.0 | Mech Qual: PASS (Daily DMA(50/100) Up (480.4>458.0), RSI(14) Bullish (68.1), ATR Contraction (0.92<1.0)) | VSA: Vol Ratio: 1.03x, Close Pos: 0.63 | Candidate Event: LPS (Bar vol_ratio=0.41x, spread_ratio=0.57x, close_pos=0.66. Candidate LPS: higher low=477.70 vs prior ST low=471.00 (+1.4%), holding above range support=418.00, low volume 0.41x avg (threshold < 0.75x), spread 0.57x ATR, close pos=0.66) | P&F Target: ₹860.00 (+64.4% upside)",https://www.tradingview.com/chart/?symbol=NSE%3ASMARTWORKS&interval=D,https://www.tradingview.com/chart/?symbol=NSE%3ASMARTWORKS&interval=W,https://www.tradingview.com/chart/?symbol=NSE%3ASMARTWORKS&interval=75,pending,data/research_datasets/20260824,2026-08-24 10:05:13 UTC
SANGAMIND,SANGAMIND.NS,Sangam (India) Limited,2026-08-21,899,HIGH_PRIORITY_CANDIDATE,True,True,60.5,False,None,True,False,False,True,True,True,577.65,42.3,581.08,539.84,,,0.84,0.094,,0.53,0.78,0.33,False,False,False,False,LPS,2026-07-23,True,False,False,False,108,"Bar vol_ratio=0.16x, spread_ratio=0.84x, close_pos=0.34. Candidate LPS: higher low=612.60 vs prior ST low=603.00 (+1.6%), holding above range support=468.06, low volume 0.16x avg (threshold < 0.75x), spread 0.84x ATR, close pos=0.34",703.7,21.8,14,False,"[HIGH_PRIORITY_CANDIDATE] Score: 60.5/100.0 | Mech Qual: PASS (Weekly WMA Up, ATR Contraction (0.84<1.0), BBW Contraction) | VSA: Vol Ratio: 0.53x, Close Pos: 0.33 | Candidate Event: LPS (Bar vol_ratio=0.16x, spread_ratio=0.84x, close_pos=0.34. Candidate LPS: higher low=612.60 vs prior ST low=603.00 (+1.6%), holding above range support=468.06, low volume 0.16x avg (threshold < 0.75x), spread 0.84x ATR, close pos=0.34) | P&F Target: ₹703.70 (+21.8% upside)",https://www.tradingview.com/chart/?symbol=NSE%3ASANGAMIND&interval=D,https://www.tradingview.com/chart/?symbol=NSE%3ASANGAMIND&interval=W,https://www.tradingview.com/chart/?symbol=NSE%3ASANGAMIND&interval=75,pending,data/research_datasets/20260824,2026-08-24 10:05:13 UTC
SAGILITY,SAGILITY.NS,SAGILITY LIMITED,2026-08-21,443,HIGH_PRIORITY_CANDIDATE,True,True,60.5,False,None,False,True,True,True,True,True,43.35,55.4,41.7,41.68,,,0.76,0.08,,1.05,0.87,0.59,False,False,False,False,SOS,2026-07-30,False,True,False,False,45,"Bar vol_ratio=1.72x, spread_ratio=1.35x, close_pos=0.88. Candidate SOS: close=45.87 broke above range resistance=45.05 (+1.84%), strong close position=0.88 (threshold > 0.7), volume 1.72x avg (threshold >= 1.5x), spread 1.35x ATR",70.28,62.1,40,False,"[HIGH_PRIORITY_CANDIDATE] Score: 60.5/100.0 | Mech Qual: PASS (Daily DMA(50/100) Up (41.7>41.7), RSI(14) Bullish (55.4), ATR Contraction (0.76<1.0), BBW Contraction) | VSA: Vol Ratio: 1.05x, Close Pos: 0.59 | Candidate Event: SOS (Bar vol_ratio=1.72x, spread_ratio=1.35x, close_pos=0.88. Candidate SOS: close=45.87 broke above range resistance=45.05 (+1.84%), strong close position=0.88 (threshold > 0.7), volume 1.72x avg (threshold >= 1.5x), spread 1.35x ATR) | P&F Target: ₹70.28 (+62.1% upside)",https://www.tradingview.com/chart/?symbol=NSE%3ASAGILITY&interval=D,https://www.tradingview.com/chart/?symbol=NSE%3ASAGILITY&interval=W,https://www.tradingview.com/chart/?symbol=NSE%3ASAGILITY&interval=75,pending,data/research_datasets/20260824,2026-08-24 10:05:13 UTC
PRIVISCL,PRIVISCL.NS,Privi Speciality Chemicals Limited,2026-08-21,900,HIGH_PRIORITY_CANDIDATE,True,True,60.5,False,None,True,False,False,True,False,True,3479.7,41.3,3590.57,3392.11,,,0.83,0.088,,0.57,0.63,0.68,False,False,False,False,LPS,2026-08-06,True,False,False,False,112,"Bar vol_ratio=0.40x, spread_ratio=0.95x, close_pos=0.61. Candidate LPS: higher low=3601.80 vs prior ST low=3585.00 (+0.5%), holding above range support=3101.30, low volume 0.40x avg (threshold < 0.75x), spread 0.95x ATR, close pos=0.61",4290.0,23.3,21,False,"[HIGH_PRIORITY_CANDIDATE] Score: 60.5/100.0 | Mech Qual: PASS (Weekly WMA Up, ATR Contraction (0.83<1.0)) | VSA: Vol Ratio: 0.57x, Close Pos: 0.68 | Candidate Event: LPS (Bar vol_ratio=0.40x, spread_ratio=0.95x, close_pos=0.61. Candidate LPS: higher low=3601.80 vs prior ST low=3585.00 (+0.5%), holding above range support=3101.30, low volume 0.40x avg (threshold < 0.75x), spread 0.95x ATR, close pos=0.61) | P&F Target: ₹4290.00 (+23.3% upside)",https://www.tradingview.com/chart/?symbol=NSE%3APRIVISCL&interval=D,https://www.tradingview.com/chart/?symbol=NSE%3APRIVISCL&interval=W,https://www.tradingview.com/chart/?symbol=NSE%3APRIVISCL&interval=75,pending,data/research_datasets/20260824,2026-08-24 10:05:13 UTC
PCJEWELLER,PCJEWELLER.NS,PC Jeweller Limited,2026-08-21,901,HIGH_PRIORITY_CANDIDATE,True,True,60.5,False,None,False,True,True,True,True,True,10.22,61.4,9.49,9.28,,,0.79,0.117,,1.97,2.12,0.9,False,False,False,False,LPS,2026-07-27,True,False,False,False,103,"Bar vol_ratio=0.31x, spread_ratio=0.26x, close_pos=0.12. Candidate LPS: higher low=9.33 vs prior ST low=9.25 (+0.9%), holding above range support=8.01, low volume 0.31x avg (threshold < 0.75x), spread 0.26x ATR, close pos=0.12",21.35,108.9,16,False,"[HIGH_PRIORITY_CANDIDATE] Score: 60.5/100.0 | Mech Qual: PASS (Daily DMA(50/100) Up (9.5>9.3), RSI(14) Bullish (61.4), ATR Contraction (0.79<1.0), BBW Contraction) | VSA: Vol Ratio: 1.97x, Close Pos: 0.90 | Candidate Event: LPS (Bar vol_ratio=0.31x, spread_ratio=0.26x, close_pos=0.12. Candidate LPS: higher low=9.33 vs prior ST low=9.25 (+0.9%), holding above range support=8.01, low volume 0.31x avg (threshold < 0.75x), spread 0.26x ATR, close pos=0.12) | P&F Target: ₹21.35 (+108.9% upside)",https://www.tradingview.com/chart/?symbol=NSE%3APCJEWELLER&interval=D,https://www.tradingview.com/chart/?symbol=NSE%3APCJEWELLER&interval=W,https://www.tradingview.com/chart/?symbol=NSE%3APCJEWELLER&interval=75,pending,data/research_datasets/20260824,2026-08-24 10:05:13 UTC
PAISALO,PAISALO.NS,Paisalo Digital Limited,2026-08-21,901,HIGH_PRIORITY_CANDIDATE,True,True,60.5,False,None,True,True,False,True,True,True,69.79,52.9,67.99,58.02,,,0.89,0.072,,0.55,0.85,0.4,False,False,False,False,LPS,2026-07-28,True,False,False,False,102,"Bar vol_ratio=0.40x, spread_ratio=0.51x, close_pos=0.75. Candidate LPS: higher low=69.62 vs prior ST low=69.01 (+0.9%), holding above range support=46.25, low volume 0.40x avg (threshold < 0.75x), spread 0.51x ATR, close pos=0.75",96.64,38.5,34,False,"[HIGH_PRIORITY_CANDIDATE] Score: 60.5/100.0 | Mech Qual: PASS (Weekly WMA Up, Daily DMA(50/100) Up (68.0>58.0), ATR Contraction (0.89<1.0), BBW Contraction) | VSA: Vol Ratio: 0.55x, Close Pos: 0.40 | Candidate Event: LPS (Bar vol_ratio=0.40x, spread_ratio=0.51x, close_pos=0.75. Candidate LPS: higher low=69.62 vs prior ST low=69.01 (+0.9%), holding above range support=46.25, low volume 0.40x avg (threshold < 0.75x), spread 0.51x ATR, close pos=0.75) | P&F Target: ₹96.64 (+38.5% upside)",https://www.tradingview.com/chart/?symbol=NSE%3APAISALO&interval=D,https://www.tradingview.com/chart/?symbol=NSE%3APAISALO&interval=W,https://www.tradingview.com/chart/?symbol=NSE%3APAISALO&interval=75,pending,data/research_datasets/20260824,2026-08-24 10:05:13 UTC
NORTHARC,NORTHARC.NS,Northern Arc Capital Limited,2026-08-21,477,HIGH_PRIORITY_CANDIDATE,True,True,60.5,False,None,True,False,False,True,True,True,288.35,49.2,295.81,282.38,,,0.84,0.069,,1.06,1.14,0.16,False,False,False,False,LPS,2026-07-31,True,False,False,False,65,"Bar vol_ratio=0.61x, spread_ratio=0.64x, close_pos=0.26. Candidate LPS: higher low=285.00 vs prior ST low=283.15 (+0.7%), holding above range support=273.10, low volume 0.61x avg (threshold < 0.75x), spread 0.64x ATR, close pos=0.26",572.0,98.4,19,False,"[HIGH_PRIORITY_CANDIDATE] Score: 60.5/100.0 | Mech Qual: PASS (Weekly WMA Up, ATR Contraction (0.84<1.0), BBW Contraction) | VSA: Vol Ratio: 1.06x, Close Pos: 0.16 | Candidate Event: LPS (Bar vol_ratio=0.61x, spread_ratio=0.64x, close_pos=0.26. Candidate LPS: higher low=285.00 vs prior ST low=283.15 (+0.7%), holding above range support=273.10, low volume 0.61x avg (threshold < 0.75x), spread 0.64x ATR, close pos=0.26) | P&F Target: ₹572.00 (+98.4% upside)",https://www.tradingview.com/chart/?symbol=NSE%3ANORTHARC&interval=D,https://www.tradingview.com/chart/?symbol=NSE%3ANORTHARC&interval=W,https://www.tradingview.com/chart/?symbol=NSE%3ANORTHARC&interval=75,pending,data/research_datasets/20260824,2026-08-24 10:05:13 UTC
MANAKCOAT,MANAKCOAT.NS,Manaksia Coated Metals & Industries Limited,2026-08-21,900,HIGH_PRIORITY_CANDIDATE,True,True,60.5,False,None,False,True,True,True,False,True,125.37,59.4,118.53,111.91,,,0.99,0.134,,1.81,1.16,0.25,False,False,False,False,LPS,2026-07-24,True,False,False,False,144,"Bar vol_ratio=0.48x, spread_ratio=0.71x, close_pos=0.62. Candidate LPS: higher low=123.40 vs prior ST low=119.61 (+3.2%), holding above range support=94.98, low volume 0.48x avg (threshold < 0.75x), spread 0.71x ATR, close pos=0.62",151.52,20.9,34,False,"[HIGH_PRIORITY_CANDIDATE] Score: 60.5/100.0 | Mech Qual: PASS (Daily DMA(50/100) Up (118.5>111.9), RSI(14) Bullish (59.4), ATR Contraction (0.99<1.0)) | VSA: Vol Ratio: 1.81x, Close Pos: 0.25 | Candidate Event: LPS (Bar vol_ratio=0.48x, spread_ratio=0.71x, close_pos=0.62. Candidate LPS: higher low=123.40 vs prior ST low=119.61 (+3.2%), holding above range support=94.98, low volume 0.48x avg (threshold < 0.75x), spread 0.71x ATR, close pos=0.62) | P&F Target: ₹151.52 (+20.9% upside)",https://www.tradingview.com/chart/?symbol=NSE%3AMANAKCOAT&interval=D,https://www.tradingview.com/chart/?symbol=NSE%3AMANAKCOAT&interval=W,https://www.tradingview.com/chart/?symbol=NSE%3AMANAKCOAT&interval=75,pending,data/research_datasets/20260824,2026-08-24 10:05:13 UTC
M&M,M&M.NS,Mahindra & Mahindra Limited,2026-08-21,901,HIGH_PRIORITY_CANDIDATE,True,True,60.5,False,None,False,True,True,True,True,True,3412.2,57.1,3230.38,3158.68,,,0.78,0.093,,0.72,0.57,0.0,False,False,True,False,SOS,2026-07-31,False,True,False,False,75,"Bar vol_ratio=2.35x, spread_ratio=2.62x, close_pos=0.73. Candidate SOS: close=3398.50 broke above range resistance=3327.00 (+2.15%), strong close position=0.73 (threshold > 0.7), volume 2.35x avg (threshold >= 1.5x), spread 2.62x ATR",4598.9,34.8,53,False,"[HIGH_PRIORITY_CANDIDATE] Score: 60.5/100.0 | Mech Qual: PASS (Daily DMA(50/100) Up (3230.4>3158.7), RSI(14) Bullish (57.1), ATR Contraction (0.78<1.0), BBW Contraction) | VSA: Vol Ratio: 0.72x, Close Pos: 0.00, No Supply (Dry-up) | Candidate Event: SOS (Bar vol_ratio=2.35x, spread_ratio=2.62x, close_pos=0.73. Candidate SOS: close=3398.50 broke above range resistance=3327.00 (+2.15%), strong close position=0.73 (threshold > 0.7), volume 2.35x avg (threshold >= 1.5x), spread 2.62x ATR) | P&F Target: ₹4598.90 (+34.8% upside)",https://www.tradingview.com/chart/?symbol=NSE%3AM%26M&interval=D,https://www.tradingview.com/chart/?symbol=NSE%3AM%26M&interval=W,https://www.tradingview.com/chart/?symbol=NSE%3AM%26M&interval=75,pending,data/research_datasets/20260824,2026-08-24 10:05:13 UTC
KIRLOSBROS,KIRLOSBROS.NS,Kirloskar Brothers Limited,2026-08-21,901,HIGH_PRIORITY_CANDIDATE,True,True,60.5,False,None,True,False,False,True,False,True,1906.2,50.0,1909.27,1781.36,,,0.84,0.084,,0.3,0.5,0.15,False,False,True,False,LPS,2026-08-06,True,False,False,False,113,"Bar vol_ratio=0.70x, spread_ratio=0.70x, close_pos=0.27. Candidate LPS: higher low=1947.10 vs prior ST low=1838.20 (+5.9%), holding above range support=1588.26, low volume 0.70x avg (threshold < 0.75x), spread 0.70x ATR, close pos=0.27",2919.4,53.2,64,False,"[HIGH_PRIORITY_CANDIDATE] Score: 60.5/100.0 | Mech Qual: PASS (Weekly WMA Up, ATR Contraction (0.84<1.0)) | VSA: Vol Ratio: 0.30x, Close Pos: 0.15, No Supply (Dry-up) | Candidate Event: LPS (Bar vol_ratio=0.70x, spread_ratio=0.70x, close_pos=0.27. Candidate LPS: higher low=1947.10 vs prior ST low=1838.20 (+5.9%), holding above range support=1588.26, low volume 0.70x avg (threshold < 0.75x), spread 0.70x ATR, close pos=0.27) | P&F Target: ₹2919.40 (+53.2% upside)",https://www.tradingview.com/chart/?symbol=NSE%3AKIRLOSBROS&interval=D,https://www.tradingview.com/chart/?symbol=NSE%3AKIRLOSBROS&interval=W,https://www.tradingview.com/chart/?symbol=NSE%3AKIRLOSBROS&interval=75,pending,data/research_datasets/20260824,2026-08-24 10:05:13 UTC
J&KBANK,J&KBANK.NS,The Jammu & Kashmir Bank Limited,2026-08-21,901,HIGH_PRIORITY_CANDIDATE,True,True,60.5,False,None,True,False,False,True,True,True,149.01,37.9,163.98,149.59,,,0.65,0.198,,0.19,0.37,0.78,False,True,False,False,LPS,2026-08-04,True,False,False,False,103,"Bar vol_ratio=0.54x, spread_ratio=0.35x, close_pos=0.78. Candidate LPS: higher low=155.19 vs prior ST low=153.20 (+1.3%), holding above range support=138.91, low volume 0.54x avg (threshold < 0.75x), spread 0.35x ATR, close pos=0.78",187.81,26.0,10,False,"[HIGH_PRIORITY_CANDIDATE] Score: 60.5/100.0 | Mech Qual: PASS (Weekly WMA Up, ATR Contraction (0.65<1.0), BBW Contraction) | VSA: Vol Ratio: 0.19x, Close Pos: 0.78, No Demand | Candidate Event: LPS (Bar vol_ratio=0.54x, spread_ratio=0.35x, close_pos=0.78. Candidate LPS: higher low=155.19 vs prior ST low=153.20 (+1.3%), holding above range support=138.91, low volume 0.54x avg (threshold < 0.75x), spread 0.35x ATR, close pos=0.78) | P&F Target: ₹187.81 (+26.0% upside)",https://www.tradingview.com/chart/?symbol=NSE%3AJ%26KBANK&interval=D,https://www.tradingview.com/chart/?symbol=NSE%3AJ%26KBANK&interval=W,https://www.tradingview.com/chart/?symbol=NSE%3AJ%26KBANK&interval=75,pending,data/research_datasets/20260824,2026-08-24 10:05:13 UTC
INDUSINDBK,INDUSINDBK.NS,IndusInd Bank Limited,2026-08-21,901,HIGH_PRIORITY_CANDIDATE,True,True,60.5,False,None,True,True,False,True,True,True,1005.6,48.5,990.96,938.19,,,0.75,0.034,,0.89,0.63,0.8,False,False,False,False,LPS,2026-08-03,True,False,False,False,107,"Bar vol_ratio=0.35x, spread_ratio=0.62x, close_pos=1.00. Candidate LPS: higher low=1013.30 vs prior ST low=1000.10 (+1.3%), holding above range support=879.58, low volume 0.35x avg (threshold < 0.75x), spread 0.62x ATR, close pos=1.00",1688.9,67.9,22,False,"[HIGH_PRIORITY_CANDIDATE] Score: 60.5/100.0 | Mech Qual: PASS (Weekly WMA Up, Daily DMA(50/100) Up (991.0>938.2), ATR Contraction (0.75<1.0), BBW Contraction) | VSA: Vol Ratio: 0.89x, Close Pos: 0.80 | Candidate Event: LPS (Bar vol_ratio=0.35x, spread_ratio=0.62x, close_pos=1.00. Candidate LPS: higher low=1013.30 vs prior ST low=1000.10 (+1.3%), holding above range support=879.58, low volume 0.35x avg (threshold < 0.75x), spread 0.62x ATR, close pos=1.00) | P&F Target: ₹1688.90 (+67.9% upside)",https://www.tradingview.com/chart/?symbol=NSE%3AINDUSINDBK&interval=D,https://www.tradingview.com/chart/?symbol=NSE%3AINDUSINDBK&interval=W,https://www.tradingview.com/chart/?symbol=NSE%3AINDUSINDBK&interval=75,pending,data/research_datasets/20260824,2026-08-24 10:05:13 UTC
HESTERBIO,HESTERBIO.NS,Hester Biosciences Limited,2026-08-21,900,HIGH_PRIORITY_CANDIDATE,True,True,60.5,False,None,True,True,False,True,True,True,2367.8,46.4,2323.58,2017.7,,,0.66,0.065,,0.18,0.7,0.2,False,False,False,False,LPS,2026-08-05,True,False,False,False,156,"Bar vol_ratio=0.06x, spread_ratio=0.39x, close_pos=0.15. Candidate LPS: higher low=2425.00 vs prior ST low=2420.00 (+0.2%), holding above range support=1901.94, low volume 0.06x avg (threshold < 0.75x), spread 0.39x ATR, close pos=0.15",5133.3,116.8,45,False,"[HIGH_PRIORITY_CANDIDATE] Score: 60.5/100.0 | Mech Qual: PASS (Weekly WMA Up, Daily DMA(50/100) Up (2323.6>2017.7), ATR Contraction (0.66<1.0), BBW Contraction) | VSA: Vol Ratio: 0.18x, Close Pos: 0.20 | Candidate Event: LPS (Bar vol_ratio=0.06x, spread_ratio=0.39x, close_pos=0.15. Candidate LPS: higher low=2425.00 vs prior ST low=2420.00 (+0.2%), holding above range support=1901.94, low volume 0.06x avg (threshold < 0.75x), spread 0.39x ATR, close pos=0.15) | P&F Target: ₹5133.30 (+116.8% upside)",https://www.tradingview.com/chart/?symbol=NSE%3AHESTERBIO&interval=D,https://www.tradingview.com/chart/?symbol=NSE%3AHESTERBIO&interval=W,https://www.tradingview.com/chart/?symbol=NSE%3AHESTERBIO&interval=75,pending,data/research_datasets/20260824,2026-08-24 10:05:13 UTC
GRINDWELL,GRINDWELL.NS,Grindwell Norton Limited,2026-08-21,900,HIGH_PRIORITY_CANDIDATE,True,True,60.5,False,None,True,False,False,True,True,True,2059.8,46.5,2090.81,1901.0,,,0.65,0.073,,0.52,0.65,0.24,False,False,False,False,LPS,2026-07-31,True,False,False,False,121,"Bar vol_ratio=0.18x, spread_ratio=0.31x, close_pos=0.56. Candidate LPS: higher low=2102.50 vs prior ST low=2085.20 (+0.8%), holding above range support=1780.90, low volume 0.18x avg (threshold < 0.75x), spread 0.31x ATR, close pos=0.56",5360.2,160.2,54,False,"[HIGH_PRIORITY_CANDIDATE] Score: 60.5/100.0 | Mech Qual: PASS (Weekly WMA Up, ATR Contraction (0.65<1.0), BBW Contraction) | VSA: Vol Ratio: 0.52x, Close Pos: 0.24 | Candidate Event: LPS (Bar vol_ratio=0.18x, spread_ratio=0.31x, close_pos=0.56. Candidate LPS: higher low=2102.50 vs prior ST low=2085.20 (+0.8%), holding above range support=1780.90, low volume 0.18x avg (threshold < 0.75x), spread 0.31x ATR, close pos=0.56) | P&F Target: ₹5360.20 (+160.2% upside)",https://www.tradingview.com/chart/?symbol=NSE%3AGRINDWELL&interval=D,https://www.tradingview.com/chart/?symbol=NSE%3AGRINDWELL&interval=W,https://www.tradingview.com/chart/?symbol=NSE%3AGRINDWELL&interval=75,pending,data/research_datasets/20260824,2026-08-24 10:05:13 UTC
GRAVITA,GRAVITA.NS,Gravita India Limited,2026-08-21,901,HIGH_PRIORITY_CANDIDATE,True,True,60.5,False,None,False,True,True,True,False,True,1821.7,59.5,1741.13,1681.51,,,0.84,0.184,,1.29,0.95,0.61,False,False,False,False,LPS,2026-08-03,True,False,False,False,111,"Bar vol_ratio=0.73x, spread_ratio=0.95x, close_pos=0.85. Candidate LPS: higher low=1613.20 vs prior ST low=1585.00 (+1.8%), holding above range support=1540.00, low volume 0.73x avg (threshold < 0.75x), spread 0.95x ATR, close pos=0.85",2518.9,38.3,57,False,"[HIGH_PRIORITY_CANDIDATE] Score: 60.5/100.0 | Mech Qual: PASS (Daily DMA(50/100) Up (1741.1>1681.5), RSI(14) Bullish (59.5), ATR Contraction (0.84<1.0)) | VSA: Vol Ratio: 1.29x, Close Pos: 0.61 | Candidate Event: LPS (Bar vol_ratio=0.73x, spread_ratio=0.95x, close_pos=0.85. Candidate LPS: higher low=1613.20 vs prior ST low=1585.00 (+1.8%), holding above range support=1540.00, low volume 0.73x avg (threshold < 0.75x), spread 0.95x ATR, close pos=0.85) | P&F Target: ₹2518.90 (+38.3% upside)",https://www.tradingview.com/chart/?symbol=NSE%3AGRAVITA&interval=D,https://www.tradingview.com/chart/?symbol=NSE%3AGRAVITA&interval=W,https://www.tradingview.com/chart/?symbol=NSE%3AGRAVITA&interval=75,pending,data/research_datasets/20260824,2026-08-24 10:05:13 UTC
GAEL,GAEL.NS,Gujarat Ambuja Exports Limited,2026-08-21,901,HIGH_PRIORITY_CANDIDATE,True,True,60.5,False,None,True,True,True,False,True,True,177.46,57.9,162.15,159.32,,,1.2,0.157,,0.71,1.13,0.14,False,False,False,False,LPS,2026-08-05,True,False,False,False,92,"Bar vol_ratio=0.54x, spread_ratio=1.23x, close_pos=0.43. Candidate LPS: higher low=171.10 vs prior Spring low=141.41 (+21.0%), holding above range support=137.70, low volume 0.54x avg (threshold < 0.75x), spread 1.23x ATR, close pos=0.43",249.83,40.8,25,False,"[HIGH_PRIORITY_CANDIDATE] Score: 60.5/100.0 | Mech Qual: PASS (Weekly WMA Up, Daily DMA(50/100) Up (162.2>159.3), RSI(14) Bullish (57.9), BBW Contraction) | VSA: Vol Ratio: 0.71x, Close Pos: 0.14 | Candidate Event: LPS (Bar vol_ratio=0.54x, spread_ratio=1.23x, close_pos=0.43. Candidate LPS: higher low=171.10 vs prior Spring low=141.41 (+21.0%), holding above range support=137.70, low volume 0.54x avg (threshold < 0.75x), spread 1.23x ATR, close pos=0.43) | P&F Target: ₹249.83 (+40.8% upside)",https://www.tradingview.com/chart/?symbol=NSE%3AGAEL&interval=D,https://www.tradingview.com/chart/?symbol=NSE%3AGAEL&interval=W,https://www.tradingview.com/chart/?symbol=NSE%3AGAEL&interval=75,pending,data/research_datasets/20260824,2026-08-24 10:05:13 UTC
EQUITASBNK,EQUITASBNK.NS,Equitas Small Finance Bank Limited,2026-08-21,901,HIGH_PRIORITY_CANDIDATE,True,True,60.5,False,None,True,False,False,True,True,True,76.6,51.9,77.0,72.37,,,0.79,0.071,,0.35,0.77,0.16,False,False,False,False,LPS,2026-08-03,True,False,False,False,125,"Bar vol_ratio=0.69x, spread_ratio=0.62x, close_pos=0.63. Candidate LPS: higher low=75.00 vs prior ST low=72.31 (+3.7%), holding above range support=66.86, low volume 0.69x avg (threshold < 0.75x), spread 0.62x ATR, close pos=0.63",130.26,70.1,18,False,"[HIGH_PRIORITY_CANDIDATE] Score: 60.5/100.0 | Mech Qual: PASS (Weekly WMA Up, ATR Contraction (0.79<1.0), BBW Contraction) | VSA: Vol Ratio: 0.35x, Close Pos: 0.16 | Candidate Event: LPS (Bar vol_ratio=0.69x, spread_ratio=0.62x, close_pos=0.63. Candidate LPS: higher low=75.00 vs prior ST low=72.31 (+3.7%), holding above range support=66.86, low volume 0.69x avg (threshold < 0.75x), spread 0.62x ATR, close pos=0.63) | P&F Target: ₹130.26 (+70.1% upside)",https://www.tradingview.com/chart/?symbol=NSE%3AEQUITASBNK&interval=D,https://www.tradingview.com/chart/?symbol=NSE%3AEQUITASBNK&interval=W,https://www.tradingview.com/chart/?symbol=NSE%3AEQUITASBNK&interval=75,pending,data/research_datasets/20260824,2026-08-24 10:05:13 UTC
DODLA,DODLA.NS,Dodla Dairy Limited,2026-08-21,899,HIGH_PRIORITY_CANDIDATE,True,True,60.5,False,None,False,True,True,True,False,True,1138.4,67.4,1087.62,1080.58,,,0.92,0.129,,0.33,0.48,0.55,False,True,False,False,LPS,2026-08-05,True,False,False,False,130,"Bar vol_ratio=0.56x, spread_ratio=0.40x, close_pos=0.71. Candidate LPS: higher low=1035.60 vs prior ST low=1026.10 (+0.9%), holding above range support=1005.53, low volume 0.56x avg (threshold < 0.75x), spread 0.40x ATR, close pos=0.71",1839.6,61.6,53,False,"[HIGH_PRIORITY_CANDIDATE] Score: 60.5/100.0 | Mech Qual: PASS (Daily DMA(50/100) Up (1087.6>1080.6), RSI(14) Bullish (67.4), ATR Contraction (0.92<1.0)) | VSA: Vol Ratio: 0.33x, Close Pos: 0.55, No Demand | Candidate Event: LPS (Bar vol_ratio=0.56x, spread_ratio=0.40x, close_pos=0.71. Candidate LPS: higher low=1035.60 vs prior ST low=1026.10 (+0.9%), holding above range support=1005.53, low volume 0.56x avg (threshold < 0.75x), spread 0.40x ATR, close pos=0.71) | P&F Target: ₹1839.60 (+61.6% upside)",https://www.tradingview.com/chart/?symbol=NSE%3ADODLA&interval=D,https://www.tradingview.com/chart/?symbol=NSE%3ADODLA&interval=W,https://www.tradingview.com/chart/?symbol=NSE%3ADODLA&interval=75,pending,data/research_datasets/20260824,2026-08-24 10:05:13 UTC
CGCL,CGCL.NS,Capri Global Capital Limited,2026-08-21,901,HIGH_PRIORITY_CANDIDATE,True,True,60.5,False,None,True,False,False,True,True,True,224.03,42.7,232.9,210.99,,,0.86,0.1,,1.19,1.09,0.67,False,False,False,False,LPS,2026-08-03,True,False,False,False,124,"Bar vol_ratio=0.44x, spread_ratio=0.89x, close_pos=0.24. Candidate LPS: higher low=225.10 vs prior ST low=219.91 (+2.4%), holding above range support=188.44, low volume 0.44x avg (threshold < 0.75x), spread 0.89x ATR, close pos=0.24",647.47,189.0,28,False,"[HIGH_PRIORITY_CANDIDATE] Score: 60.5/100.0 | Mech Qual: PASS (Weekly WMA Up, ATR Contraction (0.86<1.0), BBW Contraction) | VSA: Vol Ratio: 1.19x, Close Pos: 0.67 | Candidate Event: LPS (Bar vol_ratio=0.44x, spread_ratio=0.89x, close_pos=0.24. Candidate LPS: higher low=225.10 vs prior ST low=219.91 (+2.4%), holding above range support=188.44, low volume 0.44x avg (threshold < 0.75x), spread 0.89x ATR, close pos=0.24) | P&F Target: ₹647.47 (+189.0% upside)",https://www.tradingview.com/chart/?symbol=NSE%3ACGCL&interval=D,https://www.tradingview.com/chart/?symbol=NSE%3ACGCL&interval=W,https://www.tradingview.com/chart/?symbol=NSE%3ACGCL&interval=75,pending,data/research_datasets/20260824,2026-08-24 10:05:13 UTC
BAJFINANCE,BAJFINANCE.NS,Bajaj Finance Limited,2026-08-21,901,HIGH_PRIORITY_CANDIDATE,True,True,60.5,False,None,False,True,True,True,True,True,1095.0,55.1,1041.95,974.55,,,0.89,0.124,,0.37,0.55,0.3,False,False,False,False,SOS,2026-07-31,False,True,False,False,88,"Bar vol_ratio=4.11x, spread_ratio=2.40x, close_pos=0.85. Candidate SOS: close=1141.20 broke above range resistance=1074.40 (+6.22%), strong close position=0.85 (threshold > 0.7), volume 4.11x avg (threshold >= 1.5x), spread 2.40x ATR",1433.7,30.9,37,False,"[HIGH_PRIORITY_CANDIDATE] Score: 60.5/100.0 | Mech Qual: PASS (Daily DMA(50/100) Up (1042.0>974.5), RSI(14) Bullish (55.1), ATR Contraction (0.89<1.0), BBW Contraction) | VSA: Vol Ratio: 0.37x, Close Pos: 0.30 | Candidate Event: SOS (Bar vol_ratio=4.11x, spread_ratio=2.40x, close_pos=0.85. Candidate SOS: close=1141.20 broke above range resistance=1074.40 (+6.22%), strong close position=0.85 (threshold > 0.7), volume 4.11x avg (threshold >= 1.5x), spread 2.40x ATR) | P&F Target: ₹1433.70 (+30.9% upside)",https://www.tradingview.com/chart/?symbol=NSE%3ABAJFINANCE&interval=D,https://www.tradingview.com/chart/?symbol=NSE%3ABAJFINANCE&interval=W,https://www.tradingview.com/chart/?symbol=NSE%3ABAJFINANCE&interval=75,pending,data/research_datasets/20260824,2026-08-24 10:05:13 UTC
ASAL,ASAL.NS,Automotive Stampings and Assemblies Limited,2026-08-21,901,HIGH_PRIORITY_CANDIDATE,True,True,60.5,False,None,True,False,False,True,True,True,500.1,46.2,513.0,502.84,,,0.83,0.042,,0.79,0.66,0.27,False,False,False,False,LPS,2026-07-29,True,False,False,False,108,"Bar vol_ratio=0.30x, spread_ratio=0.41x, close_pos=0.58. Candidate LPS: higher low=500.20 vs prior ST low=492.80 (+1.5%), holding above range support=474.30, low volume 0.30x avg (threshold < 0.75x), spread 0.41x ATR, close pos=0.58",1405.35,181.0,60,False,"[HIGH_PRIORITY_CANDIDATE] Score: 60.5/100.0 | Mech Qual: PASS (Weekly WMA Up, ATR Contraction (0.83<1.0), BBW Contraction) | VSA: Vol Ratio: 0.79x, Close Pos: 0.27 | Candidate Event: LPS (Bar vol_ratio=0.30x, spread_ratio=0.41x, close_pos=0.58. Candidate LPS: higher low=500.20 vs prior ST low=492.80 (+1.5%), holding above range support=474.30, low volume 0.30x avg (threshold < 0.75x), spread 0.41x ATR, close pos=0.58) | P&F Target: ₹1405.35 (+181.0% upside)",https://www.tradingview.com/chart/?symbol=NSE%3AASAL&interval=D,https://www.tradingview.com/chart/?symbol=NSE%3AASAL&interval=W,https://www.tradingview.com/chart/?symbol=NSE%3AASAL&interval=75,pending,data/research_datasets/20260824,2026-08-24 10:05:13 UTC
ALLDIGI,ALLDIGI.NS,Alldigi Tech Limited,2026-08-21,898,HIGH_PRIORITY_CANDIDATE,True,True,60.5,False,None,True,True,False,True,True,True,814.8,53.4,797.91,796.15,,,0.59,0.056,,0.19,0.79,0.7,False,False,False,False,LPS,2026-08-04,True,False,False,False,122,"Bar vol_ratio=0.66x, spread_ratio=0.46x, close_pos=0.71. Candidate LPS: higher low=803.30 vs prior Spring low=750.00 (+7.1%), holding above range support=750.00, low volume 0.66x avg (threshold < 0.75x), spread 0.46x ATR, close pos=0.71",1721.28,111.3,62,False,"[HIGH_PRIORITY_CANDIDATE] Score: 60.5/100.0 | Mech Qual: PASS (Weekly WMA Up, Daily DMA(50/100) Up (797.9>796.1), ATR Contraction (0.59<1.0), BBW Contraction) | VSA: Vol Ratio: 0.19x, Close Pos: 0.70 | Candidate Event: LPS (Bar vol_ratio=0.66x, spread_ratio=0.46x, close_pos=0.71. Candidate LPS: higher low=803.30 vs prior Spring low=750.00 (+7.1%), holding above range support=750.00, low volume 0.66x avg (threshold < 0.75x), spread 0.46x ATR, close pos=0.71) | P&F Target: ₹1721.28 (+111.3% upside)",https://www.tradingview.com/chart/?symbol=NSE%3AALLDIGI&interval=D,https://www.tradingview.com/chart/?symbol=NSE%3AALLDIGI&interval=W,https://www.tradingview.com/chart/?symbol=NSE%3AALLDIGI&interval=75,pending,data/research_datasets/20260824,2026-08-24 10:05:13 UTC
ABSLAMC,ABSLAMC.NS,Aditya Birla Sun Life AMC Limited,2026-08-21,901,HIGH_PRIORITY_CANDIDATE,True,True,60.5,False,None,True,False,False,True,True,True,1008.4,44.5,1070.93,1039.64,,,0.66,0.046,,0.8,0.96,0.66,False,False,False,False,LPS,2026-07-29,True,False,False,False,97,"Bar vol_ratio=0.52x, spread_ratio=0.70x, close_pos=0.58. Candidate LPS: higher low=1001.50 vs prior ST low=991.80 (+1.0%), holding above range support=972.72, low volume 0.52x avg (threshold < 0.75x), spread 0.70x ATR, close pos=0.58",1452.5,44.0,29,False,"[HIGH_PRIORITY_CANDIDATE] Score: 60.5/100.0 | Mech Qual: PASS (Weekly WMA Up, ATR Contraction (0.66<1.0), BBW Contraction) | VSA: Vol Ratio: 0.80x, Close Pos: 0.66 | Candidate Event: LPS (Bar vol_ratio=0.52x, spread_ratio=0.70x, close_pos=0.58. Candidate LPS: higher low=1001.50 vs prior ST low=991.80 (+1.0%), holding above range support=972.72, low volume 0.52x avg (threshold < 0.75x), spread 0.70x ATR, close pos=0.58) | P&F Target: ₹1452.50 (+44.0% upside)",https://www.tradingview.com/chart/?symbol=NSE%3AABSLAMC&interval=D,https://www.tradingview.com/chart/?symbol=NSE%3AABSLAMC&interval=W,https://www.tradingview.com/chart/?symbol=NSE%3AABSLAMC&interval=75,pending,data/research_datasets/20260824,2026-08-24 10:05:13 UTC
360ONE,360ONE.NS,360 ONE WAM LIMITED,2026-08-21,900,HIGH_PRIORITY_CANDIDATE,True,True,60.5,False,None,False,True,True,True,True,True,1199.0,61.6,1132.01,1098.82,,,0.97,0.072,,0.52,0.76,0.37,False,False,False,False,LPS,2026-07-21,True,False,False,False,113,"Bar vol_ratio=0.49x, spread_ratio=0.69x, close_pos=0.32. Candidate LPS: higher low=1112.70 vs prior ST low=1104.00 (+0.8%), holding above range support=1031.30, low volume 0.49x avg (threshold < 0.75x), spread 0.69x ATR, close pos=0.32",2199.7,83.5,72,False,"[HIGH_PRIORITY_CANDIDATE] Score: 60.5/100.0 | Mech Qual: PASS (Daily DMA(50/100) Up (1132.0>1098.8), RSI(14) Bullish (61.6), ATR Contraction (0.97<1.0), BBW Contraction) | VSA: Vol Ratio: 0.52x, Close Pos: 0.37 | Candidate Event: LPS (Bar vol_ratio=0.49x, spread_ratio=0.69x, close_pos=0.32. Candidate LPS: higher low=1112.70 vs prior ST low=1104.00 (+0.8%), holding above range support=1031.30, low volume 0.49x avg (threshold < 0.75x), spread 0.69x ATR, close pos=0.32) | P&F Target: ₹2199.70 (+83.5% upside)",https://www.tradingview.com/chart/?symbol=NSE%3A360ONE&interval=D,https://www.tradingview.com/chart/?symbol=NSE%3A360ONE&interval=W,https://www.tradingview.com/chart/?symbol=NSE%3A360ONE&interval=75,pending,data/research_datasets/20260824,2026-08-24 10:05:13 UTC
HINDOILEXP,HINDOILEXP.NS,Hindustan Oil Exploration Company Limited,2026-08-21,901,HIGH_PRIORITY_CANDIDATE,True,True,60.0,False,None,True,False,False,True,True,True,156.2,46.8,158.97,159.81,,,0.96,0.081,,0.93,1.03,0.13,False,False,False,False,Spring,2026-08-14,False,False,True,False,96,"Bar vol_ratio=1.57x, spread_ratio=1.47x, close_pos=0.28. Candidate Spring: low=149.92 undercut prior support=150.78 by 0.57%, closed back above support at 152.10 (close pos=0.28, volume 1.57x avg, spread 1.47x ATR)",423.02,170.8,86,False,"[HIGH_PRIORITY_CANDIDATE] Score: 60.0/100.0 | Mech Qual: PASS (Weekly WMA Up, ATR Contraction (0.96<1.0), BBW Contraction) | VSA: Vol Ratio: 0.93x, Close Pos: 0.13 | Candidate Event: Spring (Bar vol_ratio=1.57x, spread_ratio=1.47x, close_pos=0.28. Candidate Spring: low=149.92 undercut prior support=150.78 by 0.57%, closed back above support at 152.10 (close pos=0.28, volume 1.57x avg, spread 1.47x ATR)) | P&F Target: ₹423.02 (+170.8% upside)",https://www.tradingview.com/chart/?symbol=NSE%3AHINDOILEXP&interval=D,https://www.tradingview.com/chart/?symbol=NSE%3AHINDOILEXP&interval=W,https://www.tradingview.com/chart/?symbol=NSE%3AHINDOILEXP&interval=75,pending,data/research_datasets/20260824,2026-08-24 10:05:13 UTC
ZFCVINDIA,ZFCVINDIA.NS,ZF Commercial Vehicle Control Systems India Limited,2026-08-21,901,QUALIFIED_CANDIDATE,True,True,58.0,False,None,True,True,True,True,False,True,2662.0,64.4,2493.52,2458.27,,,0.71,0.176,,0.9,1.2,0.85,False,False,False,False,LPS,2026-07-28,True,False,False,False,142,"Bar vol_ratio=0.56x, spread_ratio=1.12x, close_pos=0.93. Candidate LPS: higher low=2287.00 vs prior Spring low=2260.00 (+1.2%), holding above range support=2260.00, low volume 0.56x avg (threshold < 0.75x), spread 1.12x ATR, close pos=0.93",4833.23,81.6,79,True,"[QUALIFIED_CANDIDATE] Score: 58.0/100.0 | Mech Qual: PASS (Weekly WMA Up, Daily DMA(50/100) Up (2493.5>2458.3), RSI(14) Bullish (64.4), ATR Contraction (0.71<1.0)) | VSA: Vol Ratio: 0.90x, Close Pos: 0.85 | Candidate Event: LPS (Bar vol_ratio=0.56x, spread_ratio=1.12x, close_pos=0.93. Candidate LPS: higher low=2287.00 vs prior Spring low=2260.00 (+1.2%), holding above range support=2260.00, low volume 0.56x avg (threshold < 0.75x), spread 1.12x ATR, close pos=0.93) | P&F Target: ₹4833.23 (+81.6% upside)",https://www.tradingview.com/chart/?symbol=NSE%3AZFCVINDIA&interval=D,https://www.tradingview.com/chart/?symbol=NSE%3AZFCVINDIA&interval=W,https://www.tradingview.com/chart/?symbol=NSE%3AZFCVINDIA&interval=75,pending,data/research_datasets/20260824,2026-08-24 10:05:13 UTC
SHRIRAMFIN,SHRIRAMFIN.NS,Shriram Finance Limited,2026-08-21,901,QUALIFIED_CANDIDATE,True,True,58.0,False,None,True,True,True,True,False,True,1130.0,61.0,1056.17,1005.46,,,0.88,0.135,,0.53,0.5,0.21,False,True,False,False,LPS,2026-08-04,True,False,False,False,84,"Bar vol_ratio=0.63x, spread_ratio=0.52x, close_pos=0.73. Candidate LPS: higher low=1075.10 vs prior ST low=1019.50 (+5.5%), holding above range support=874.16, low volume 0.63x avg (threshold < 0.75x), spread 0.52x ATR, close pos=0.73",1117.3,-1.1,5,False,"[QUALIFIED_CANDIDATE] Score: 58.0/100.0 | Mech Qual: PASS (Weekly WMA Up, Daily DMA(50/100) Up (1056.2>1005.5), RSI(14) Bullish (61.0), ATR Contraction (0.88<1.0)) | VSA: Vol Ratio: 0.53x, Close Pos: 0.21, No Demand | Candidate Event: LPS (Bar vol_ratio=0.63x, spread_ratio=0.52x, close_pos=0.73. Candidate LPS: higher low=1075.10 vs prior ST low=1019.50 (+5.5%), holding above range support=874.16, low volume 0.63x avg (threshold < 0.75x), spread 0.52x ATR, close pos=0.73) | P&F Target: ₹1117.30 (+-1.1% upside)",https://www.tradingview.com/chart/?symbol=NSE%3ASHRIRAMFIN&interval=D,https://www.tradingview.com/chart/?symbol=NSE%3ASHRIRAMFIN&interval=W,https://www.tradingview.com/chart/?symbol=NSE%3ASHRIRAMFIN&interval=75,pending,data/research_datasets/20260824,2026-08-24 10:05:13 UTC
RPTECH,RPTECH.NS,Rashi Peripherals Limited,2026-08-21,626,QUALIFIED_CANDIDATE,True,True,58.0,False,None,True,True,True,True,True,True,876.9,58.5,790.09,641.45,,,0.98,0.17,,0.44,0.76,0.64,False,False,False,False,SOS,2026-08-03,False,True,False,False,60,"Bar vol_ratio=2.22x, spread_ratio=1.79x, close_pos=0.92. Candidate SOS: close=881.62 broke above range resistance=840.07 (+4.95%), strong close position=0.92 (threshold > 0.7), volume 2.22x avg (threshold >= 1.5x), spread 1.79x ATR",737.4,-15.9,13,True,"[QUALIFIED_CANDIDATE] Score: 58.0/100.0 | Mech Qual: PASS (Weekly WMA Up, Daily DMA(50/100) Up (790.1>641.5), RSI(14) Bullish (58.5), ATR Contraction (0.98<1.0), BBW Contraction) | VSA: Vol Ratio: 0.44x, Close Pos: 0.64 | Candidate Event: SOS (Bar vol_ratio=2.22x, spread_ratio=1.79x, close_pos=0.92. Candidate SOS: close=881.62 broke above range resistance=840.07 (+4.95%), strong close position=0.92 (threshold > 0.7), volume 2.22x avg (threshold >= 1.5x), spread 1.79x ATR) | P&F Target: ₹737.40 (+-15.9% upside)",https://www.tradingview.com/chart/?symbol=NSE%3ARPTECH&interval=D,https://www.tradingview.com/chart/?symbol=NSE%3ARPTECH&interval=W,https://www.tradingview.com/chart/?symbol=NSE%3ARPTECH&interval=75,pending,data/research_datasets/20260824,2026-08-24 10:05:13 UTC
MMTC,MMTC.NS,MMTC Limited,2026-08-21,901,QUALIFIED_CANDIDATE,True,True,58.0,False,None,True,False,True,True,False,True,65.38,55.1,65.86,65.07,,,0.88,0.097,,1.15,1.59,0.27,False,False,False,False,LPS,2026-07-27,True,False,False,False,86,"Bar vol_ratio=0.53x, spread_ratio=0.77x, close_pos=0.21. Candidate LPS: higher low=61.39 vs prior Spring low=60.21 (+2.0%), holding above range support=60.21, low volume 0.53x avg (threshold < 0.75x), spread 0.77x ATR, close pos=0.21",114.16,74.6,4,True,"[QUALIFIED_CANDIDATE] Score: 58.0/100.0 | Mech Qual: PASS (Weekly WMA Up, RSI(14) Bullish (55.1), ATR Contraction (0.88<1.0)) | VSA: Vol Ratio: 1.15x, Close Pos: 0.27 | Candidate Event: LPS (Bar vol_ratio=0.53x, spread_ratio=0.77x, close_pos=0.21. Candidate LPS: higher low=61.39 vs prior Spring low=60.21 (+2.0%), holding above range support=60.21, low volume 0.53x avg (threshold < 0.75x), spread 0.77x ATR, close pos=0.21) | P&F Target: ₹114.16 (+74.6% upside)",https://www.tradingview.com/chart/?symbol=NSE%3AMMTC&interval=D,https://www.tradingview.com/chart/?symbol=NSE%3AMMTC&interval=W,https://www.tradingview.com/chart/?symbol=NSE%3AMMTC&interval=75,pending,data/research_datasets/20260824,2026-08-24 10:05:13 UTC
MBAPL,MBAPL.NS,Madhya Bharat Agro Products Limited,2026-08-21,901,QUALIFIED_CANDIDATE,True,True,58.0,False,None,True,True,True,True,True,True,169.52,67.6,139.44,123.48,,,0.89,0.084,,0.99,1.31,0.73,False,False,False,False,SOS,2026-07-27,False,True,False,False,123,"Bar vol_ratio=2.35x, spread_ratio=2.11x, close_pos=0.84. Candidate SOS: close=163.95 broke above range resistance=149.30 (+9.81%), strong close position=0.84 (threshold > 0.7), volume 2.35x avg (threshold >= 1.5x), spread 2.11x ATR",113.42,-33.1,4,True,"[QUALIFIED_CANDIDATE] Score: 58.0/100.0 | Mech Qual: PASS (Weekly WMA Up, Daily DMA(50/100) Up (139.4>123.5), RSI(14) Bullish (67.6), ATR Contraction (0.89<1.0), BBW Contraction) | VSA: Vol Ratio: 0.99x, Close Pos: 0.73 | Candidate Event: SOS (Bar vol_ratio=2.35x, spread_ratio=2.11x, close_pos=0.84. Candidate SOS: close=163.95 broke above range resistance=149.30 (+9.81%), strong close position=0.84 (threshold > 0.7), volume 2.35x avg (threshold >= 1.5x), spread 2.11x ATR) | P&F Target: ₹113.42 (+-33.1% upside)",https://www.tradingview.com/chart/?symbol=NSE%3AMBAPL&interval=D,https://www.tradingview.com/chart/?symbol=NSE%3AMBAPL&interval=W,https://www.tradingview.com/chart/?symbol=NSE%3AMBAPL&interval=75,pending,data/research_datasets/20260824,2026-08-24 10:05:13 UTC
LUMAXTECH,LUMAXTECH.NS,Lumax Auto Technologies Limited,2026-08-21,900,QUALIFIED_CANDIDATE,True,True,58.0,False,None,True,False,True,False,False,True,1988.8,67.1,1630.23,1654.07,,,1.41,0.493,,0.23,1.1,0.1,False,False,False,False,LPS,2026-08-17,True,False,False,False,145,"Bar vol_ratio=0.28x, spread_ratio=0.65x, close_pos=0.47. Candidate LPS: higher low=2026.20 vs prior ST low=1970.00 (+2.9%), holding above range support=1379.92, low volume 0.28x avg (threshold < 0.75x), spread 0.65x ATR, close pos=0.47",2079.0,4.5,5,False,"[QUALIFIED_CANDIDATE] Score: 58.0/100.0 | Mech Qual: PASS (Weekly WMA Up, RSI(14) Bullish (67.1)) | VSA: Vol Ratio: 0.23x, Close Pos: 0.10 | Candidate Event: LPS (Bar vol_ratio=0.28x, spread_ratio=0.65x, close_pos=0.47. Candidate LPS: higher low=2026.20 vs prior ST low=1970.00 (+2.9%), holding above range support=1379.92, low volume 0.28x avg (threshold < 0.75x), spread 0.65x ATR, close pos=0.47) | P&F Target: ₹2079.00 (+4.5% upside)",https://www.tradingview.com/chart/?symbol=NSE%3ALUMAXTECH&interval=D,https://www.tradingview.com/chart/?symbol=NSE%3ALUMAXTECH&interval=W,https://www.tradingview.com/chart/?symbol=NSE%3ALUMAXTECH&interval=75,pending,data/research_datasets/20260824,2026-08-24 10:05:13 UTC
LAURUSLABS,LAURUSLABS.NS,Laurus Labs Limited,2026-08-21,901,QUALIFIED_CANDIDATE,True,True,58.0,False,None,True,True,True,True,True,True,1802.0,60.0,1624.52,1432.16,,,0.85,0.079,,0.65,1.09,0.25,False,False,False,False,SOS,2026-07-28,False,True,False,False,113,"Bar vol_ratio=1.94x, spread_ratio=1.17x, close_pos=0.94. Candidate SOS: close=1758.90 broke above range resistance=1734.50 (+1.41%), strong close position=0.94 (threshold > 0.7), volume 1.94x avg (threshold >= 1.5x), spread 1.17x ATR",1312.42,-27.2,22,True,"[QUALIFIED_CANDIDATE] Score: 58.0/100.0 | Mech Qual: PASS (Weekly WMA Up, Daily DMA(50/100) Up (1624.5>1432.2), RSI(14) Bullish (60.0), ATR Contraction (0.85<1.0), BBW Contraction) | VSA: Vol Ratio: 0.65x, Close Pos: 0.25 | Candidate Event: SOS (Bar vol_ratio=1.94x, spread_ratio=1.17x, close_pos=0.94. Candidate SOS: close=1758.90 broke above range resistance=1734.50 (+1.41%), strong close position=0.94 (threshold > 0.7), volume 1.94x avg (threshold >= 1.5x), spread 1.17x ATR) | P&F Target: ₹1312.42 (+-27.2% upside)",https://www.tradingview.com/chart/?symbol=NSE%3ALAURUSLABS&interval=D,https://www.tradingview.com/chart/?symbol=NSE%3ALAURUSLABS&interval=W,https://www.tradingview.com/chart/?symbol=NSE%3ALAURUSLABS&interval=75,pending,data/research_datasets/20260824,2026-08-24 10:05:13 UTC
GRWRHITECH,GRWRHITECH.NS,Garware Hi-Tech Films Limited,2026-08-21,901,QUALIFIED_CANDIDATE,True,True,58.0,False,None,True,True,False,False,True,True,7123.5,54.1,6935.66,5917.47,,,1.04,0.071,,0.25,0.44,0.57,False,True,False,False,LPS,2026-08-14,True,False,False,False,122,"Bar vol_ratio=0.51x, spread_ratio=0.94x, close_pos=0.30. Candidate LPS: higher low=7013.00 vs prior ST low=7000.00 (+0.2%), holding above range support=5725.00, low volume 0.51x avg (threshold < 0.75x), spread 0.94x ATR, close pos=0.30",7297.5,2.4,11,False,"[QUALIFIED_CANDIDATE] Score: 58.0/100.0 | Mech Qual: PASS (Weekly WMA Up, Daily DMA(50/100) Up (6935.7>5917.5), BBW Contraction) | VSA: Vol Ratio: 0.25x, Close Pos: 0.57, No Demand | Candidate Event: LPS (Bar vol_ratio=0.51x, spread_ratio=0.94x, close_pos=0.30. Candidate LPS: higher low=7013.00 vs prior ST low=7000.00 (+0.2%), holding above range support=5725.00, low volume 0.51x avg (threshold < 0.75x), spread 0.94x ATR, close pos=0.30) | P&F Target: ₹7297.50 (+2.4% upside)",https://www.tradingview.com/chart/?symbol=NSE%3AGRWRHITECH&interval=D,https://www.tradingview.com/chart/?symbol=NSE%3AGRWRHITECH&interval=W,https://www.tradingview.com/chart/?symbol=NSE%3AGRWRHITECH&interval=75,pending,data/research_datasets/20260824,2026-08-24 10:05:13 UTC
DYNAMATECH,DYNAMATECH.NS,Dynamatic Technologies Limited,2026-08-21,900,QUALIFIED_CANDIDATE,True,True,58.0,False,None,True,False,True,False,False,True,11588.0,61.8,10680.4,10734.48,,,1.32,0.181,,0.62,0.59,0.13,False,False,True,False,LPS,2026-08-21,True,False,False,False,109,"Bar vol_ratio=0.62x, spread_ratio=0.59x, close_pos=0.13. Candidate LPS: higher low=11550.00 vs prior ST low=10674.04 (+8.2%), holding above range support=9770.29, low volume 0.62x avg (threshold < 0.75x), spread 0.59x ATR, close pos=0.13",12188.0,5.2,10,False,"[QUALIFIED_CANDIDATE] Score: 58.0/100.0 | Mech Qual: PASS (Weekly WMA Up, RSI(14) Bullish (61.8)) | VSA: Vol Ratio: 0.62x, Close Pos: 0.13, No Supply (Dry-up) | Candidate Event: LPS (Bar vol_ratio=0.62x, spread_ratio=0.59x, close_pos=0.13. Candidate LPS: higher low=11550.00 vs prior ST low=10674.04 (+8.2%), holding above range support=9770.29, low volume 0.62x avg (threshold < 0.75x), spread 0.59x ATR, close pos=0.13) | P&F Target: ₹12188.00 (+5.2% upside)",https://www.tradingview.com/chart/?symbol=NSE%3ADYNAMATECH&interval=D,https://www.tradingview.com/chart/?symbol=NSE%3ADYNAMATECH&interval=W,https://www.tradingview.com/chart/?symbol=NSE%3ADYNAMATECH&interval=75,pending,data/research_datasets/20260824,2026-08-24 10:05:13 UTC
BAJAJ-AUTO,BAJAJ-AUTO.NS,Bajaj Auto Limited,2026-08-21,901,QUALIFIED_CANDIDATE,True,True,58.0,False,None,True,True,True,True,True,True,11700.0,62.9,10748.04,10352.2,,,0.86,0.056,,0.87,0.63,0.31,False,False,False,False,SOS,2026-07-23,False,True,False,False,92,"Bar vol_ratio=2.12x, spread_ratio=1.56x, close_pos=0.87. Candidate SOS: close=11283.50 broke above range resistance=11031.00 (+2.29%), strong close position=0.87 (threshold > 0.7), volume 2.12x avg (threshold >= 1.5x), spread 1.56x ATR",7799.69,-33.3,10,True,"[QUALIFIED_CANDIDATE] Score: 58.0/100.0 | Mech Qual: PASS (Weekly WMA Up, Daily DMA(50/100) Up (10748.0>10352.2), RSI(14) Bullish (62.9), ATR Contraction (0.86<1.0), BBW Contraction) | VSA: Vol Ratio: 0.87x, Close Pos: 0.31 | Candidate Event: SOS (Bar vol_ratio=2.12x, spread_ratio=1.56x, close_pos=0.87. Candidate SOS: close=11283.50 broke above range resistance=11031.00 (+2.29%), strong close position=0.87 (threshold > 0.7), volume 2.12x avg (threshold >= 1.5x), spread 1.56x ATR) | P&F Target: ₹7799.69 (+-33.3% upside)",https://www.tradingview.com/chart/?symbol=NSE%3ABAJAJ-AUTO&interval=D,https://www.tradingview.com/chart/?symbol=NSE%3ABAJAJ-AUTO&interval=W,https://www.tradingview.com/chart/?symbol=NSE%3ABAJAJ-AUTO&interval=75,pending,data/research_datasets/20260824,2026-08-24 10:05:13 UTC
AJANTPHARM,AJANTPHARM.NS,Ajanta Pharma Limited,2026-08-21,900,QUALIFIED_CANDIDATE,True,True,58.0,False,None,True,True,True,True,False,True,3639.8,63.7,3377.39,3151.62,,,0.9,0.139,,0.47,0.94,0.16,False,False,False,False,SOS,2026-07-21,False,True,False,False,88,"Bar vol_ratio=1.53x, spread_ratio=1.28x, close_pos=0.84. Candidate SOS: close=3542.84 broke above range resistance=3475.07 (+1.95%), strong close position=0.84 (threshold > 0.7), volume 1.53x avg (threshold >= 1.5x), spread 1.28x ATR",3128.86,-14.0,24,True,"[QUALIFIED_CANDIDATE] Score: 58.0/100.0 | Mech Qual: PASS (Weekly WMA Up, Daily DMA(50/100) Up (3377.4>3151.6), RSI(14) Bullish (63.7), ATR Contraction (0.90<1.0)) | VSA: Vol Ratio: 0.47x, Close Pos: 0.16 | Candidate Event: SOS (Bar vol_ratio=1.53x, spread_ratio=1.28x, close_pos=0.84. Candidate SOS: close=3542.84 broke above range resistance=3475.07 (+1.95%), strong close position=0.84 (threshold > 0.7), volume 1.53x avg (threshold >= 1.5x), spread 1.28x ATR) | P&F Target: ₹3128.86 (+-14.0% upside)",https://www.tradingview.com/chart/?symbol=NSE%3AAJANTPHARM&interval=D,https://www.tradingview.com/chart/?symbol=NSE%3AAJANTPHARM&interval=W,https://www.tradingview.com/chart/?symbol=NSE%3AAJANTPHARM&interval=75,pending,data/research_datasets/20260824,2026-08-24 10:05:13 UTC
ZYDUSWELL,ZYDUSWELL.NS,Zydus Wellness Limited,2026-08-24,902,QUALIFIED_CANDIDATE,True,True,57.5,False,None,True,False,False,True,False,True,511.1,44.1,546.49,523.31,,,0.72,0.21,,1.43,1.41,0.84,False,False,False,False,Spring,2026-08-24,False,False,True,False,118,"Bar vol_ratio=1.43x, spread_ratio=1.41x, close_pos=0.84. Candidate Spring: low=490.00 undercut prior support=490.05 by 0.01%, closed back above support at 511.10 (close pos=0.84, volume 1.43x avg, spread 1.41x ATR)",788.12,54.2,25,True,"[QUALIFIED_CANDIDATE] Score: 57.5/100.0 | Mech Qual: PASS (Weekly WMA Up, ATR Contraction (0.72<1.0)) | VSA: Vol Ratio: 1.43x, Close Pos: 0.84 | Candidate Event: Spring (Bar vol_ratio=1.43x, spread_ratio=1.41x, close_pos=0.84. Candidate Spring: low=490.00 undercut prior support=490.05 by 0.01%, closed back above support at 511.10 (close pos=0.84, volume 1.43x avg, spread 1.41x ATR)) | P&F Target: ₹788.12 (+54.2% upside)",https://www.tradingview.com/chart/?symbol=NSE%3AZYDUSWELL&interval=D,https://www.tradingview.com/chart/?symbol=NSE%3AZYDUSWELL&interval=W,https://www.tradingview.com/chart/?symbol=NSE%3AZYDUSWELL&interval=75,pending,data/research_datasets/20260824,2026-08-24 10:05:13 UTC
WALCHANNAG,WALCHANNAG.NS,Walchandnagar Industries Limited,2026-08-21,901,QUALIFIED_CANDIDATE,True,True,57.5,False,None,True,False,False,True,True,True,227.09,43.4,247.98,236.7,,,0.72,0.079,,1.28,0.55,0.11,False,False,False,False,Spring,2026-08-19,False,False,True,False,85,"Bar vol_ratio=1.66x, spread_ratio=1.04x, close_pos=0.53. Candidate Spring: low=216.52 undercut prior support=219.40 by 1.31%, closed back above support at 221.86 (close pos=0.53, volume 1.66x avg, spread 1.04x ATR)",312.31,37.5,45,True,"[QUALIFIED_CANDIDATE] Score: 57.5/100.0 | Mech Qual: PASS (Weekly WMA Up, ATR Contraction (0.72<1.0), BBW Contraction) | VSA: Vol Ratio: 1.28x, Close Pos: 0.11 | Candidate Event: Spring (Bar vol_ratio=1.66x, spread_ratio=1.04x, close_pos=0.53. Candidate Spring: low=216.52 undercut prior support=219.40 by 1.31%, closed back above support at 221.86 (close pos=0.53, volume 1.66x avg, spread 1.04x ATR)) | P&F Target: ₹312.31 (+37.5% upside)",https://www.tradingview.com/chart/?symbol=NSE%3AWALCHANNAG&interval=D,https://www.tradingview.com/chart/?symbol=NSE%3AWALCHANNAG&interval=W,https://www.tradingview.com/chart/?symbol=NSE%3AWALCHANNAG&interval=75,pending,data/research_datasets/20260824,2026-08-24 10:05:13 UTC
SPARC,SPARC.NS,Sun Pharma Advanced Research Company Limited,2026-08-21,901,QUALIFIED_CANDIDATE,True,True,57.5,False,None,True,False,False,True,True,True,196.71,37.4,226.25,198.87,,,0.71,0.144,,0.31,0.63,0.13,False,False,False,False,Spring,2026-08-17,False,False,True,False,142,"Bar vol_ratio=0.48x, spread_ratio=0.69x, close_pos=0.16. Candidate Spring: low=196.50 undercut prior support=196.57 by 0.04%, closed back above support at 197.36 (close pos=0.16, volume 0.48x avg, spread 0.69x ATR)",276.45,40.5,18,True,"[QUALIFIED_CANDIDATE] Score: 57.5/100.0 | Mech Qual: PASS (Weekly WMA Up, ATR Contraction (0.71<1.0), BBW Contraction) | VSA: Vol Ratio: 0.31x, Close Pos: 0.13 | Candidate Event: Spring (Bar vol_ratio=0.48x, spread_ratio=0.69x, close_pos=0.16. Candidate Spring: low=196.50 undercut prior support=196.57 by 0.04%, closed back above support at 197.36 (close pos=0.16, volume 0.48x avg, spread 0.69x ATR)) | P&F Target: ₹276.45 (+40.5% upside)",https://www.tradingview.com/chart/?symbol=NSE%3ASPARC&interval=D,https://www.tradingview.com/chart/?symbol=NSE%3ASPARC&interval=W,https://www.tradingview.com/chart/?symbol=NSE%3ASPARC&interval=75,pending,data/research_datasets/20260824,2026-08-24 10:05:13 UTC
KANSAINER,KANSAINER.NS,Kansai Nerolac Paints Limited,2026-08-21,899,QUALIFIED_CANDIDATE,True,True,57.5,False,None,False,True,False,False,True,True,205.85,51.2,205.48,204.56,,,1.14,0.104,,0.74,1.04,0.81,False,False,False,False,LPS,2026-08-20,True,False,False,False,129,"Bar vol_ratio=0.38x, spread_ratio=0.61x, close_pos=0.24. Candidate LPS: higher low=200.53 vs prior ST low=200.11 (+0.2%), holding above range support=191.07, low volume 0.38x avg (threshold < 0.75x), spread 0.61x ATR, close pos=0.24",315.51,53.3,19,False,"[QUALIFIED_CANDIDATE] Score: 57.5/100.0 | Mech Qual: PASS (Daily DMA(50/100) Up (205.5>204.6), BBW Contraction) | VSA: Vol Ratio: 0.74x, Close Pos: 0.81 | Candidate Event: LPS (Bar vol_ratio=0.38x, spread_ratio=0.61x, close_pos=0.24. Candidate LPS: higher low=200.53 vs prior ST low=200.11 (+0.2%), holding above range support=191.07, low volume 0.38x avg (threshold < 0.75x), spread 0.61x ATR, close pos=0.24) | P&F Target: ₹315.51 (+53.3% upside)",https://www.tradingview.com/chart/?symbol=NSE%3AKANSAINER&interval=D,https://www.tradingview.com/chart/?symbol=NSE%3AKANSAINER&interval=W,https://www.tradingview.com/chart/?symbol=NSE%3AKANSAINER&interval=75,pending,data/research_datasets/20260824,2026-08-24 10:05:13 UTC
JLHL,JLHL.NS,Jupiter Life Line Hospitals Limited,2026-08-21,725,QUALIFIED_CANDIDATE,True,True,57.5,False,None,False,True,False,False,True,True,309.75,46.6,301.69,279.06,,,1.12,0.083,,0.41,0.87,0.21,False,False,False,False,LPS,2026-08-14,True,False,False,False,75,"Bar vol_ratio=0.27x, spread_ratio=0.45x, close_pos=0.45. Candidate LPS: higher low=313.15 vs prior ST low=305.00 (+2.7%), holding above range support=258.00, low volume 0.27x avg (threshold < 0.75x), spread 0.45x ATR, close pos=0.45",519.75,67.8,34,False,"[QUALIFIED_CANDIDATE] Score: 57.5/100.0 | Mech Qual: PASS (Daily DMA(50/100) Up (301.7>279.1), BBW Contraction) | VSA: Vol Ratio: 0.41x, Close Pos: 0.21 | Candidate Event: LPS (Bar vol_ratio=0.27x, spread_ratio=0.45x, close_pos=0.45. Candidate LPS: higher low=313.15 vs prior ST low=305.00 (+2.7%), holding above range support=258.00, low volume 0.27x avg (threshold < 0.75x), spread 0.45x ATR, close pos=0.45) | P&F Target: ₹519.75 (+67.8% upside)",https://www.tradingview.com/chart/?symbol=NSE%3AJLHL&interval=D,https://www.tradingview.com/chart/?symbol=NSE%3AJLHL&interval=W,https://www.tradingview.com/chart/?symbol=NSE%3AJLHL&interval=75,pending,data/research_datasets/20260824,2026-08-24 10:05:13 UTC
IZMO,IZMO.NS,IZMO Limited,2026-08-21,900,QUALIFIED_CANDIDATE,True,True,57.5,False,None,True,False,False,True,False,True,854.7,28.0,1011.34,877.44,,,0.87,0.282,,0.44,0.57,0.16,False,False,True,False,Spring,2026-08-20,False,False,True,False,126,"Bar vol_ratio=0.77x, spread_ratio=0.54x, close_pos=0.16. Candidate Spring: low=862.05 undercut prior support=866.15 by 0.47%, closed back above support at 866.45 (close pos=0.16, volume 0.77x avg, spread 0.54x ATR)",814.15,-4.7,33,True,"[QUALIFIED_CANDIDATE] Score: 57.5/100.0 | Mech Qual: PASS (Weekly WMA Up, ATR Contraction (0.87<1.0)) | VSA: Vol Ratio: 0.44x, Close Pos: 0.16, No Supply (Dry-up) | Candidate Event: Spring (Bar vol_ratio=0.77x, spread_ratio=0.54x, close_pos=0.16. Candidate Spring: low=862.05 undercut prior support=866.15 by 0.47%, closed back above support at 866.45 (close pos=0.16, volume 0.77x avg, spread 0.54x ATR)) | P&F Target: ₹814.15 (+-4.7% upside)",https://www.tradingview.com/chart/?symbol=NSE%3AIZMO&interval=D,https://www.tradingview.com/chart/?symbol=NSE%3AIZMO&interval=W,https://www.tradingview.com/chart/?symbol=NSE%3AIZMO&interval=75,pending,data/research_datasets/20260824,2026-08-24 10:05:13 UTC
GVPIL,GVPIL.NS,GE Power India Limited,2026-08-21,901,QUALIFIED_CANDIDATE,True,True,57.5,False,None,True,False,False,True,False,True,667.35,34.2,832.73,743.55,,,0.78,0.199,,1.18,0.46,0.14,False,False,False,False,Spring,2026-08-18,False,False,True,False,112,"Bar vol_ratio=2.23x, spread_ratio=0.75x, close_pos=0.30. Candidate Spring: low=696.65 undercut prior support=700.00 by 0.48%, closed back above support at 705.05 (close pos=0.30, volume 2.23x avg, spread 0.75x ATR)",676.04,1.3,7,True,"[QUALIFIED_CANDIDATE] Score: 57.5/100.0 | Mech Qual: PASS (Weekly WMA Up, ATR Contraction (0.78<1.0)) | VSA: Vol Ratio: 1.18x, Close Pos: 0.14 | Candidate Event: Spring (Bar vol_ratio=2.23x, spread_ratio=0.75x, close_pos=0.30. Candidate Spring: low=696.65 undercut prior support=700.00 by 0.48%, closed back above support at 705.05 (close pos=0.30, volume 2.23x avg, spread 0.75x ATR)) | P&F Target: ₹676.04 (+1.3% upside)",https://www.tradingview.com/chart/?symbol=NSE%3AGVPIL&interval=D,https://www.tradingview.com/chart/?symbol=NSE%3AGVPIL&interval=W,https://www.tradingview.com/chart/?symbol=NSE%3AGVPIL&interval=75,pending,data/research_datasets/20260824,2026-08-24 10:05:13 UTC
FMGOETZE,FMGOETZE.NS,Federal-Mogul Goetze (India) Limited.,2026-08-21,899,QUALIFIED_CANDIDATE,True,True,57.5,False,None,False,True,False,False,True,True,472.1,49.6,467.72,455.63,,,1.19,0.088,,0.72,0.73,0.28,False,False,False,False,LPS,2026-08-19,True,False,False,False,114,"Bar vol_ratio=0.58x, spread_ratio=0.93x, close_pos=0.77. Candidate LPS: higher low=460.55 vs prior ST low=445.65 (+3.3%), holding above range support=419.45, low volume 0.58x avg (threshold < 0.75x), spread 0.93x ATR, close pos=0.77",1041.65,120.6,38,False,"[QUALIFIED_CANDIDATE] Score: 57.5/100.0 | Mech Qual: PASS (Daily DMA(50/100) Up (467.7>455.6), BBW Contraction) | VSA: Vol Ratio: 0.72x, Close Pos: 0.28 | Candidate Event: LPS (Bar vol_ratio=0.58x, spread_ratio=0.93x, close_pos=0.77. Candidate LPS: higher low=460.55 vs prior ST low=445.65 (+3.3%), holding above range support=419.45, low volume 0.58x avg (threshold < 0.75x), spread 0.93x ATR, close pos=0.77) | P&F Target: ₹1041.65 (+120.6% upside)",https://www.tradingview.com/chart/?symbol=NSE%3AFMGOETZE&interval=D,https://www.tradingview.com/chart/?symbol=NSE%3AFMGOETZE&interval=W,https://www.tradingview.com/chart/?symbol=NSE%3AFMGOETZE&interval=75,pending,data/research_datasets/20260824,2026-08-24 10:05:13 UTC
CANTABIL,CANTABIL.NS,Cantabil Retail India Limited,2026-08-21,899,QUALIFIED_CANDIDATE,True,True,57.5,False,None,False,True,False,False,True,True,244.81,54.9,242.12,235.8,,,1.04,0.122,,1.21,1.01,0.41,False,False,False,False,LPS,2026-08-12,True,False,False,False,107,"Bar vol_ratio=0.35x, spread_ratio=0.45x, close_pos=0.51. Candidate LPS: higher low=226.60 vs prior ST low=226.33 (+0.1%), holding above range support=212.01, low volume 0.35x avg (threshold < 0.75x), spread 0.45x ATR, close pos=0.51",570.63,133.1,57,False,"[QUALIFIED_CANDIDATE] Score: 57.5/100.0 | Mech Qual: PASS (Daily DMA(50/100) Up (242.1>235.8), BBW Contraction) | VSA: Vol Ratio: 1.21x, Close Pos: 0.41 | Candidate Event: LPS (Bar vol_ratio=0.35x, spread_ratio=0.45x, close_pos=0.51. Candidate LPS: higher low=226.60 vs prior ST low=226.33 (+0.1%), holding above range support=212.01, low volume 0.35x avg (threshold < 0.75x), spread 0.45x ATR, close pos=0.51) | P&F Target: ₹570.63 (+133.1% upside)",https://www.tradingview.com/chart/?symbol=NSE%3ACANTABIL&interval=D,https://www.tradingview.com/chart/?symbol=NSE%3ACANTABIL&interval=W,https://www.tradingview.com/chart/?symbol=NSE%3ACANTABIL&interval=75,pending,data/research_datasets/20260824,2026-08-24 10:05:13 UTC
BERGEPAINT,BERGEPAINT.NS,Berger Paints (I) Limited,2026-08-21,901,QUALIFIED_CANDIDATE,True,True,57.5,False,None,False,True,False,False,True,True,524.4,48.9,517.27,500.08,,,1.09,0.12,,0.3,0.5,0.29,False,False,True,False,LPS,2026-08-18,True,False,False,False,131,"Bar vol_ratio=0.48x, spread_ratio=0.76x, close_pos=0.32. Candidate LPS: higher low=537.30 vs prior ST low=530.80 (+1.2%), holding above range support=480.72, low volume 0.48x avg (threshold < 0.75x), spread 0.76x ATR, close pos=0.32",1486.2,183.4,63,False,"[QUALIFIED_CANDIDATE] Score: 57.5/100.0 | Mech Qual: PASS (Daily DMA(50/100) Up (517.3>500.1), BBW Contraction) | VSA: Vol Ratio: 0.30x, Close Pos: 0.29, No Supply (Dry-up) | Candidate Event: LPS (Bar vol_ratio=0.48x, spread_ratio=0.76x, close_pos=0.32. Candidate LPS: higher low=537.30 vs prior ST low=530.80 (+1.2%), holding above range support=480.72, low volume 0.48x avg (threshold < 0.75x), spread 0.76x ATR, close pos=0.32) | P&F Target: ₹1486.20 (+183.4% upside)",https://www.tradingview.com/chart/?symbol=NSE%3ABERGEPAINT&interval=D,https://www.tradingview.com/chart/?symbol=NSE%3ABERGEPAINT&interval=W,https://www.tradingview.com/chart/?symbol=NSE%3ABERGEPAINT&interval=75,pending,data/research_datasets/20260824,2026-08-24 10:05:13 UTC
VOLTAMP,VOLTAMP.NS,Voltamp Transformers Limited,2026-08-21,901,QUALIFIED_CANDIDATE,True,True,56.5,False,None,True,True,False,True,False,True,10869.5,71.3,9799.07,9766.52,,,0.93,0.157,,1.77,2.03,0.81,False,False,False,False,LPS,2026-08-06,True,False,False,False,98,"Bar vol_ratio=0.42x, spread_ratio=0.92x, close_pos=0.22. Candidate LPS: higher low=9887.00 vs prior ST low=9857.00 (+0.3%), holding above range support=8984.39, low volume 0.42x avg (threshold < 0.75x), spread 0.92x ATR, close pos=0.22",12521.0,15.2,43,False,"[QUALIFIED_CANDIDATE] Score: 56.5/100.0 | Mech Qual: PASS (Weekly WMA Up, Daily DMA(50/100) Up (9799.1>9766.5), ATR Contraction (0.93<1.0)) | VSA: Vol Ratio: 1.77x, Close Pos: 0.81 | Candidate Event: LPS (Bar vol_ratio=0.42x, spread_ratio=0.92x, close_pos=0.22. Candidate LPS: higher low=9887.00 vs prior ST low=9857.00 (+0.3%), holding above range support=8984.39, low volume 0.42x avg (threshold < 0.75x), spread 0.92x ATR, close pos=0.22) | P&F Target: ₹12521.00 (+15.2% upside)",https://www.tradingview.com/chart/?symbol=NSE%3AVOLTAMP&interval=D,https://www.tradingview.com/chart/?symbol=NSE%3AVOLTAMP&interval=W,https://www.tradingview.com/chart/?symbol=NSE%3AVOLTAMP&interval=75,pending,data/research_datasets/20260824,2026-08-24 10:05:13 UTC
VIMTALABS,VIMTALABS.NS,Vimta Labs Limited,2026-08-21,901,QUALIFIED_CANDIDATE,True,True,56.5,False,None,False,True,True,True,True,True,629.65,55.9,591.35,531.44,,,0.96,0.117,,0.4,0.9,0.12,False,False,False,False,LPS,2026-07-28,True,False,False,False,86,"Bar vol_ratio=0.62x, spread_ratio=1.04x, close_pos=0.80. Candidate LPS: higher low=577.90 vs prior ST low=574.25 (+0.6%), holding above range support=441.92, low volume 0.62x avg (threshold < 0.75x), spread 1.04x ATR, close pos=0.80",751.95,19.4,25,False,"[QUALIFIED_CANDIDATE] Score: 56.5/100.0 | Mech Qual: PASS (Daily DMA(50/100) Up (591.4>531.4), RSI(14) Bullish (55.9), ATR Contraction (0.96<1.0), BBW Contraction) | VSA: Vol Ratio: 0.40x, Close Pos: 0.12 | Candidate Event: LPS (Bar vol_ratio=0.62x, spread_ratio=1.04x, close_pos=0.80. Candidate LPS: higher low=577.90 vs prior ST low=574.25 (+0.6%), holding above range support=441.92, low volume 0.62x avg (threshold < 0.75x), spread 1.04x ATR, close pos=0.80) | P&F Target: ₹751.95 (+19.4% upside)",https://www.tradingview.com/chart/?symbol=NSE%3AVIMTALABS&interval=D,https://www.tradingview.com/chart/?symbol=NSE%3AVIMTALABS&interval=W,https://www.tradingview.com/chart/?symbol=NSE%3AVIMTALABS&interval=75,pending,data/research_datasets/20260824,2026-08-24 10:05:13 UTC
BHEL,BHEL.NS,Bharat Heavy Electricals Limited,2026-08-21,901,QUALIFIED_CANDIDATE,True,True,56.5,False,None,True,True,False,True,True,True,413.0,50.1,406.87,384.71,,,0.87,0.08,,0.46,0.71,0.52,False,False,False,False,LPS,2026-07-22,True,False,False,False,94,"Bar vol_ratio=0.63x, spread_ratio=0.60x, close_pos=0.47. Candidate LPS: higher low=412.35 vs prior ST low=411.20 (+0.3%), holding above range support=366.42, low volume 0.63x avg (threshold < 0.75x), spread 0.60x ATR, close pos=0.47",473.45,14.6,19,False,"[QUALIFIED_CANDIDATE] Score: 56.5/100.0 | Mech Qual: PASS (Weekly WMA Up, Daily DMA(50/100) Up (406.9>384.7), ATR Contraction (0.87<1.0), BBW Contraction) | VSA: Vol Ratio: 0.46x, Close Pos: 0.52 | Candidate Event: LPS (Bar vol_ratio=0.63x, spread_ratio=0.60x, close_pos=0.47. Candidate LPS: higher low=412.35 vs prior ST low=411.20 (+0.3%), holding above range support=366.42, low volume 0.63x avg (threshold < 0.75x), spread 0.60x ATR, close pos=0.47) | P&F Target: ₹473.45 (+14.6% upside)",https://www.tradingview.com/chart/?symbol=NSE%3ABHEL&interval=D,https://www.tradingview.com/chart/?symbol=NSE%3ABHEL&interval=W,https://www.tradingview.com/chart/?symbol=NSE%3ABHEL&interval=75,pending,data/research_datasets/20260824,2026-08-24 10:05:13 UTC
ACUTAAS,ACUTAAS.NS,Acutaas Chemicals Limited,2026-08-21,901,QUALIFIED_CANDIDATE,True,True,56.5,False,None,True,False,False,True,True,True,3169.0,44.4,3345.48,3034.69,,,0.87,0.096,,0.64,0.7,0.09,False,False,False,False,LPS,2026-08-05,True,False,False,False,86,"Bar vol_ratio=0.55x, spread_ratio=0.49x, close_pos=0.81. Candidate LPS: higher low=3224.30 vs prior ST low=3150.00 (+2.4%), holding above range support=2902.00, low volume 0.55x avg (threshold < 0.75x), spread 0.49x ATR, close pos=0.81",3522.8,11.2,16,False,"[QUALIFIED_CANDIDATE] Score: 56.5/100.0 | Mech Qual: PASS (Weekly WMA Up, ATR Contraction (0.87<1.0), BBW Contraction) | VSA: Vol Ratio: 0.64x, Close Pos: 0.09 | Candidate Event: LPS (Bar vol_ratio=0.55x, spread_ratio=0.49x, close_pos=0.81. Candidate LPS: higher low=3224.30 vs prior ST low=3150.00 (+2.4%), holding above range support=2902.00, low volume 0.55x avg (threshold < 0.75x), spread 0.49x ATR, close pos=0.81) | P&F Target: ₹3522.80 (+11.2% upside)",https://www.tradingview.com/chart/?symbol=NSE%3AACUTAAS&interval=D,https://www.tradingview.com/chart/?symbol=NSE%3AACUTAAS&interval=W,https://www.tradingview.com/chart/?symbol=NSE%3AACUTAAS&interval=75,pending,data/research_datasets/20260824,2026-08-24 10:05:13 UTC
WSTCSTPAPR,WSTCSTPAPR.NS,West Coast Paper Mills Limited,2026-08-21,900,QUALIFIED_CANDIDATE,True,True,55.0,False,None,True,True,False,False,True,True,637.25,70.4,550.83,518.7,,,1.14,0.16,,1.19,0.93,0.16,False,False,False,False,SOS,2026-08-12,False,True,False,False,119,"Bar vol_ratio=8.38x, spread_ratio=3.18x, close_pos=0.71. Candidate SOS: close=624.55 broke above range resistance=602.00 (+3.75%), strong close position=0.71 (threshold > 0.7), volume 8.38x avg (threshold >= 1.5x), spread 3.18x ATR",935.66,46.8,34,True,"[QUALIFIED_CANDIDATE] Score: 55.0/100.0 | Mech Qual: PASS (Weekly WMA Up, Daily DMA(50/100) Up (550.8>518.7), BBW Contraction) | VSA: Vol Ratio: 1.19x, Close Pos: 0.16 | Candidate Event: SOS (Bar vol_ratio=8.38x, spread_ratio=3.18x, close_pos=0.71. Candidate SOS: close=624.55 broke above range resistance=602.00 (+3.75%), strong close position=0.71 (threshold > 0.7), volume 8.38x avg (threshold >= 1.5x), spread 3.18x ATR) | P&F Target: ₹935.66 (+46.8% upside)",https://www.tradingview.com/chart/?symbol=NSE%3AWSTCSTPAPR&interval=D,https://www.tradingview.com/chart/?symbol=NSE%3AWSTCSTPAPR&interval=W,https://www.tradingview.com/chart/?symbol=NSE%3AWSTCSTPAPR&interval=75,pending,data/research_datasets/20260824,2026-08-24 10:05:13 UTC
VRLLOG,VRLLOG.NS,VRL Logistics Limited,2026-08-21,900,QUALIFIED_CANDIDATE,True,True,55.0,False,None,False,True,True,False,True,True,288.75,61.3,255.33,251.34,,,1.36,0.21,,0.15,0.75,0.09,False,False,False,False,SOS,2026-08-11,False,True,False,False,119,"Bar vol_ratio=2.18x, spread_ratio=2.36x, close_pos=0.81. Candidate SOS: close=305.25 broke above range resistance=294.50 (+3.65%), strong close position=0.81 (threshold > 0.7), volume 2.18x avg (threshold >= 1.5x), spread 2.36x ATR",455.51,57.8,35,True,"[QUALIFIED_CANDIDATE] Score: 55.0/100.0 | Mech Qual: PASS (Daily DMA(50/100) Up (255.3>251.3), RSI(14) Bullish (61.3), BBW Contraction) | VSA: Vol Ratio: 0.15x, Close Pos: 0.09 | Candidate Event: SOS (Bar vol_ratio=2.18x, spread_ratio=2.36x, close_pos=0.81. Candidate SOS: close=305.25 broke above range resistance=294.50 (+3.65%), strong close position=0.81 (threshold > 0.7), volume 2.18x avg (threshold >= 1.5x), spread 2.36x ATR) | P&F Target: ₹455.51 (+57.8% upside)",https://www.tradingview.com/chart/?symbol=NSE%3AVRLLOG&interval=D,https://www.tradingview.com/chart/?symbol=NSE%3AVRLLOG&interval=W,https://www.tradingview.com/chart/?symbol=NSE%3AVRLLOG&interval=75,pending,data/research_datasets/20260824,2026-08-24 10:05:13 UTC
VEEDOL,VEEDOL.NS,Veedol Corporation Limited,2026-08-21,901,QUALIFIED_CANDIDATE,True,True,55.0,False,None,False,True,True,False,False,True,1502.5,59.8,1443.75,1423.91,,,1.26,0.149,,0.31,0.33,0.18,False,False,True,False,LPS,2026-08-13,True,False,False,False,113,"Bar vol_ratio=0.73x, spread_ratio=0.84x, close_pos=0.21. Candidate LPS: higher low=1492.00 vs prior Spring low=1373.00 (+8.7%), holding above range support=1373.00, low volume 0.73x avg (threshold < 0.75x), spread 0.84x ATR, close pos=0.21",2218.14,47.6,31,True,"[QUALIFIED_CANDIDATE] Score: 55.0/100.0 | Mech Qual: PASS (Daily DMA(50/100) Up (1443.8>1423.9), RSI(14) Bullish (59.8)) | VSA: Vol Ratio: 0.31x, Close Pos: 0.18, No Supply (Dry-up) | Candidate Event: LPS (Bar vol_ratio=0.73x, spread_ratio=0.84x, close_pos=0.21. Candidate LPS: higher low=1492.00 vs prior Spring low=1373.00 (+8.7%), holding above range support=1373.00, low volume 0.73x avg (threshold < 0.75x), spread 0.84x ATR, close pos=0.21) | P&F Target: ₹2218.14 (+47.6% upside)",https://www.tradingview.com/chart/?symbol=NSE%3AVEEDOL&interval=D,https://www.tradingview.com/chart/?symbol=NSE%3AVEEDOL&interval=W,https://www.tradingview.com/chart/?symbol=NSE%3AVEEDOL&interval=75,pending,data/research_datasets/20260824,2026-08-24 10:05:13 UTC
TPLPLASTEH,TPLPLASTEH.NS,TPL Plastech Limited,2026-08-21,901,QUALIFIED_CANDIDATE,True,True,55.0,False,None,True,True,True,True,True,True,82.6,64.0,77.01,71.76,,,0.82,0.086,,2.79,2.05,0.68,False,False,False,False,LPS,2026-07-09,True,False,False,False,111,"Bar vol_ratio=0.46x, spread_ratio=0.65x, close_pos=0.82. Candidate LPS: higher low=80.35 vs prior ST low=79.00 (+1.7%), holding above range support=61.04, low volume 0.46x avg (threshold < 0.75x), spread 0.65x ATR, close pos=0.82",111.03,34.4,38,False,"[QUALIFIED_CANDIDATE] Score: 55.0/100.0 | Mech Qual: PASS (Weekly WMA Up, Daily DMA(50/100) Up (77.0>71.8), RSI(14) Bullish (64.0), ATR Contraction (0.82<1.0), BBW Contraction) | VSA: Vol Ratio: 2.79x, Close Pos: 0.68 | Candidate Event: LPS (Bar vol_ratio=0.46x, spread_ratio=0.65x, close_pos=0.82. Candidate LPS: higher low=80.35 vs prior ST low=79.00 (+1.7%), holding above range support=61.04, low volume 0.46x avg (threshold < 0.75x), spread 0.65x ATR, close pos=0.82) | P&F Target: ₹111.03 (+34.4% upside)",https://www.tradingview.com/chart/?symbol=NSE%3ATPLPLASTEH&interval=D,https://www.tradingview.com/chart/?symbol=NSE%3ATPLPLASTEH&interval=W,https://www.tradingview.com/chart/?symbol=NSE%3ATPLPLASTEH&interval=75,pending,data/research_datasets/20260824,2026-08-24 10:05:13 UTC
TCPLPACK,TCPLPACK.NS,TCPL Packaging Limited,2026-08-21,900,QUALIFIED_CANDIDATE,True,True,55.0,False,None,False,True,True,False,False,True,4101.3,67.1,3239.57,2911.51,,,1.43,0.533,,0.11,0.72,0.26,False,False,False,False,SOS,2026-08-12,False,True,False,False,144,"Bar vol_ratio=14.96x, spread_ratio=3.75x, close_pos=0.98. Candidate SOS: close=4394.90 broke above range resistance=3960.00 (+10.98%), strong close position=0.98 (threshold > 0.7), volume 14.96x avg (threshold >= 1.5x), spread 3.75x ATR",3733.81,-9.0,26,False,"[QUALIFIED_CANDIDATE] Score: 55.0/100.0 | Mech Qual: PASS (Daily DMA(50/100) Up (3239.6>2911.5), RSI(14) Bullish (67.1)) | VSA: Vol Ratio: 0.11x, Close Pos: 0.26 | Candidate Event: SOS (Bar vol_ratio=14.96x, spread_ratio=3.75x, close_pos=0.98. Candidate SOS: close=4394.90 broke above range resistance=3960.00 (+10.98%), strong close position=0.98 (threshold > 0.7), volume 14.96x avg (threshold >= 1.5x), spread 3.75x ATR) | P&F Target: ₹3733.81 (+-9.0% upside)",https://www.tradingview.com/chart/?symbol=NSE%3ATCPLPACK&interval=D,https://www.tradingview.com/chart/?symbol=NSE%3ATCPLPACK&interval=W,https://www.tradingview.com/chart/?symbol=NSE%3ATCPLPACK&interval=75,pending,data/research_datasets/20260824,2026-08-24 10:05:13 UTC
SUDARSCHEM,SUDARSCHEM.NS,Sudarshan Chemical Industries Limited,2026-08-21,900,QUALIFIED_CANDIDATE,True,True,55.0,False,None,False,True,True,False,False,True,1215.1,69.8,1004.87,943.5,,,1.33,0.206,,1.37,0.71,0.84,False,False,False,False,SOS,2026-08-20,False,True,False,False,145,"Bar vol_ratio=1.55x, spread_ratio=1.17x, close_pos=0.86. Candidate SOS: close=1186.50 broke above range resistance=1159.72 (+2.31%), strong close position=0.86 (threshold > 0.7), volume 1.55x avg (threshold >= 1.5x), spread 1.17x ATR",1913.9,57.5,59,True,"[QUALIFIED_CANDIDATE] Score: 55.0/100.0 | Mech Qual: PASS (Daily DMA(50/100) Up (1004.9>943.5), RSI(14) Bullish (69.8)) | VSA: Vol Ratio: 1.37x, Close Pos: 0.84 | Candidate Event: SOS (Bar vol_ratio=1.55x, spread_ratio=1.17x, close_pos=0.86. Candidate SOS: close=1186.50 broke above range resistance=1159.72 (+2.31%), strong close position=0.86 (threshold > 0.7), volume 1.55x avg (threshold >= 1.5x), spread 1.17x ATR) | P&F Target: ₹1913.90 (+57.5% upside)",https://www.tradingview.com/chart/?symbol=NSE%3ASUDARSCHEM&interval=D,https://www.tradingview.com/chart/?symbol=NSE%3ASUDARSCHEM&interval=W,https://www.tradingview.com/chart/?symbol=NSE%3ASUDARSCHEM&interval=75,pending,data/research_datasets/20260824,2026-08-24 10:05:13 UTC
PTCIL,PTCIL.NS,PTC Industries Limited,2026-08-21,793,QUALIFIED_CANDIDATE,True,True,55.0,False,None,False,True,True,False,False,True,20629.0,68.6,18113.76,17383.0,,,1.28,0.188,,1.39,2.22,0.88,False,False,False,False,SOS,2026-08-17,False,True,False,False,71,"Bar vol_ratio=9.51x, spread_ratio=3.20x, close_pos=0.90. Candidate SOS: close=20584.00 broke above range resistance=19520.00 (+5.45%), strong close position=0.90 (threshold > 0.7), volume 9.51x avg (threshold >= 1.5x), spread 3.20x ATR",17323.0,-16.0,27,True,"[QUALIFIED_CANDIDATE] Score: 55.0/100.0 | Mech Qual: PASS (Daily DMA(50/100) Up (18113.8>17383.0), RSI(14) Bullish (68.6)) | VSA: Vol Ratio: 1.39x, Close Pos: 0.88 | Candidate Event: SOS (Bar vol_ratio=9.51x, spread_ratio=3.20x, close_pos=0.90. Candidate SOS: close=20584.00 broke above range resistance=19520.00 (+5.45%), strong close position=0.90 (threshold > 0.7), volume 9.51x avg (threshold >= 1.5x), spread 3.20x ATR) | P&F Target: ₹17323.00 (+-16.0% upside)",https://www.tradingview.com/chart/?symbol=NSE%3APTCIL&interval=D,https://www.tradingview.com/chart/?symbol=NSE%3APTCIL&interval=W,https://www.tradingview.com/chart/?symbol=NSE%3APTCIL&interval=75,pending,data/research_datasets/20260824,2026-08-24 10:05:13 UTC
PNB,PNB.NS,Punjab National Bank,2026-08-21,901,QUALIFIED_CANDIDATE,True,True,55.0,False,None,False,True,True,False,True,True,116.55,59.9,110.29,107.5,,,1.05,0.086,,1.08,1.08,0.54,False,False,False,False,SOS,2026-08-12,False,True,False,False,100,"Bar vol_ratio=2.53x, spread_ratio=2.73x, close_pos=0.91. Candidate SOS: close=118.98 broke above range resistance=115.37 (+3.13%), strong close position=0.91 (threshold > 0.7), volume 2.53x avg (threshold >= 1.5x), spread 2.73x ATR",199.66,71.3,32,True,"[QUALIFIED_CANDIDATE] Score: 55.0/100.0 | Mech Qual: PASS (Daily DMA(50/100) Up (110.3>107.5), RSI(14) Bullish (59.9), BBW Contraction) | VSA: Vol Ratio: 1.08x, Close Pos: 0.54 | Candidate Event: SOS (Bar vol_ratio=2.53x, spread_ratio=2.73x, close_pos=0.91. Candidate SOS: close=118.98 broke above range resistance=115.37 (+3.13%), strong close position=0.91 (threshold > 0.7), volume 2.53x avg (threshold >= 1.5x), spread 2.73x ATR) | P&F Target: ₹199.66 (+71.3% upside)",https://www.tradingview.com/chart/?symbol=NSE%3APNB&interval=D,https://www.tradingview.com/chart/?symbol=NSE%3APNB&interval=W,https://www.tradingview.com/chart/?symbol=NSE%3APNB&interval=75,pending,data/research_datasets/20260824,2026-08-24 10:05:13 UTC
MCX,MCX.NS,Multi Commodity Exchange of India Limited,2026-08-21,901,QUALIFIED_CANDIDATE,True,True,55.0,False,None,True,False,True,False,False,True,3185.0,69.4,2822.63,2887.97,,,1.16,0.246,,1.32,0.85,0.67,False,False,False,False,SOS,2026-08-20,False,True,False,False,99,"Bar vol_ratio=1.56x, spread_ratio=1.39x, close_pos=0.94. Candidate SOS: close=3126.00 broke above range resistance=3068.00 (+1.89%), strong close position=0.94 (threshold > 0.7), volume 1.56x avg (threshold >= 1.5x), spread 1.39x ATR",2999.4,-5.8,19,False,"[QUALIFIED_CANDIDATE] Score: 55.0/100.0 | Mech Qual: PASS (Weekly WMA Up, RSI(14) Bullish (69.4)) | VSA: Vol Ratio: 1.32x, Close Pos: 0.67 | Candidate Event: SOS (Bar vol_ratio=1.56x, spread_ratio=1.39x, close_pos=0.94. Candidate SOS: close=3126.00 broke above range resistance=3068.00 (+1.89%), strong close position=0.94 (threshold > 0.7), volume 1.56x avg (threshold >= 1.5x), spread 1.39x ATR) | P&F Target: ₹2999.40 (+-5.8% upside)",https://www.tradingview.com/chart/?symbol=NSE%3AMCX&interval=D,https://www.tradingview.com/chart/?symbol=NSE%3AMCX&interval=W,https://www.tradingview.com/chart/?symbol=NSE%3AMCX&interval=75,pending,data/research_datasets/20260824,2026-08-24 10:05:13 UTC
MAYURUNIQ,MAYURUNIQ.NS,Mayur Uniquoters Ltd,2026-08-21,899,QUALIFIED_CANDIDATE,True,True,55.0,False,None,True,False,False,False,True,True,757.1,47.4,794.81,713.86,,,1.04,0.108,,0.46,0.46,0.26,False,False,True,False,LPS,2026-08-21,True,False,False,False,123,"Bar vol_ratio=0.46x, spread_ratio=0.46x, close_pos=0.26. Candidate LPS: higher low=752.95 vs prior Spring low=716.42 (+5.1%), holding above range support=716.42, low volume 0.46x avg (threshold < 0.75x), spread 0.46x ATR, close pos=0.26",1566.15,106.9,71,True,"[QUALIFIED_CANDIDATE] Score: 55.0/100.0 | Mech Qual: PASS (Weekly WMA Up, BBW Contraction) | VSA: Vol Ratio: 0.46x, Close Pos: 0.26, No Supply (Dry-up) | Candidate Event: LPS (Bar vol_ratio=0.46x, spread_ratio=0.46x, close_pos=0.26. Candidate LPS: higher low=752.95 vs prior Spring low=716.42 (+5.1%), holding above range support=716.42, low volume 0.46x avg (threshold < 0.75x), spread 0.46x ATR, close pos=0.26) | P&F Target: ₹1566.15 (+106.9% upside)",https://www.tradingview.com/chart/?symbol=NSE%3AMAYURUNIQ&interval=D,https://www.tradingview.com/chart/?symbol=NSE%3AMAYURUNIQ&interval=W,https://www.tradingview.com/chart/?symbol=NSE%3AMAYURUNIQ&interval=75,pending,data/research_datasets/20260824,2026-08-24 10:05:13 UTC
MATRIMONY,MATRIMONY.NS,Matrimony.Com Limited,2026-08-21,900,QUALIFIED_CANDIDATE,True,True,55.0,False,None,False,True,True,False,False,True,537.05,69.9,441.29,430.68,,,1.39,0.439,,0.24,1.34,0.18,False,False,False,False,SOS,2026-08-11,False,True,False,False,131,"Bar vol_ratio=13.39x, spread_ratio=3.80x, close_pos=0.78. Candidate SOS: close=537.10 broke above range resistance=490.00 (+9.61%), strong close position=0.78 (threshold > 0.7), volume 13.39x avg (threshold >= 1.5x), spread 3.80x ATR",641.98,19.5,16,True,"[QUALIFIED_CANDIDATE] Score: 55.0/100.0 | Mech Qual: PASS (Daily DMA(50/100) Up (441.3>430.7), RSI(14) Bullish (69.9)) | VSA: Vol Ratio: 0.24x, Close Pos: 0.18 | Candidate Event: SOS (Bar vol_ratio=13.39x, spread_ratio=3.80x, close_pos=0.78. Candidate SOS: close=537.10 broke above range resistance=490.00 (+9.61%), strong close position=0.78 (threshold > 0.7), volume 13.39x avg (threshold >= 1.5x), spread 3.80x ATR) | P&F Target: ₹641.98 (+19.5% upside)",https://www.tradingview.com/chart/?symbol=NSE%3AMATRIMONY&interval=D,https://www.tradingview.com/chart/?symbol=NSE%3AMATRIMONY&interval=W,https://www.tradingview.com/chart/?symbol=NSE%3AMATRIMONY&interval=75,pending,data/research_datasets/20260824,2026-08-24 10:05:13 UTC
MAGADSUGAR,MAGADSUGAR.NS,Magadh Sugar & Energy Limited,2026-08-21,900,QUALIFIED_CANDIDATE,True,True,55.0,False,None,False,True,True,False,False,True,601.3,68.8,497.45,486.94,,,1.53,0.281,,1.72,1.26,0.27,False,False,False,False,SOS,2026-08-20,False,True,False,False,112,"Bar vol_ratio=3.61x, spread_ratio=1.70x, close_pos=0.77. Candidate SOS: close=620.60 broke above range resistance=595.00 (+4.30%), strong close position=0.77 (threshold > 0.7), volume 3.61x avg (threshold >= 1.5x), spread 1.70x ATR",813.29,35.3,23,True,"[QUALIFIED_CANDIDATE] Score: 55.0/100.0 | Mech Qual: PASS (Daily DMA(50/100) Up (497.4>486.9), RSI(14) Bullish (68.8)) | VSA: Vol Ratio: 1.72x, Close Pos: 0.27 | Candidate Event: SOS (Bar vol_ratio=3.61x, spread_ratio=1.70x, close_pos=0.77. Candidate SOS: close=620.60 broke above range resistance=595.00 (+4.30%), strong close position=0.77 (threshold > 0.7), volume 3.61x avg (threshold >= 1.5x), spread 1.70x ATR) | P&F Target: ₹813.29 (+35.3% upside)",https://www.tradingview.com/chart/?symbol=NSE%3AMAGADSUGAR&interval=D,https://www.tradingview.com/chart/?symbol=NSE%3AMAGADSUGAR&interval=W,https://www.tradingview.com/chart/?symbol=NSE%3AMAGADSUGAR&interval=75,pending,data/research_datasets/20260824,2026-08-24 10:05:13 UTC
KABRAEXTRU,KABRAEXTRU.NS,Kabra Extrusion Technik Limited,2026-08-21,900,QUALIFIED_CANDIDATE,True,True,55.0,False,None,True,True,False,False,True,True,566.2,74.6,358.5,295.75,,,1.48,0.482,,1.1,1.53,0.84,False,False,False,False,SOS,2026-08-10,False,True,False,False,124,"Bar vol_ratio=4.41x, spread_ratio=2.73x, close_pos=0.90. Candidate SOS: close=510.75 broke above range resistance=485.45 (+5.21%), strong close position=0.90 (threshold > 0.7), volume 4.41x avg (threshold >= 1.5x), spread 2.73x ATR",351.07,-38.0,10,True,"[QUALIFIED_CANDIDATE] Score: 55.0/100.0 | Mech Qual: PASS (Weekly WMA Up, Daily DMA(50/100) Up (358.5>295.8), BBW Contraction) | VSA: Vol Ratio: 1.10x, Close Pos: 0.84 | Candidate Event: SOS (Bar vol_ratio=4.41x, spread_ratio=2.73x, close_pos=0.90. Candidate SOS: close=510.75 broke above range resistance=485.45 (+5.21%), strong close position=0.90 (threshold > 0.7), volume 4.41x avg (threshold >= 1.5x), spread 2.73x ATR) | P&F Target: ₹351.07 (+-38.0% upside)",https://www.tradingview.com/chart/?symbol=NSE%3AKABRAEXTRU&interval=D,https://www.tradingview.com/chart/?symbol=NSE%3AKABRAEXTRU&interval=W,https://www.tradingview.com/chart/?symbol=NSE%3AKABRAEXTRU&interval=75,pending,data/research_datasets/20260824,2026-08-24 10:05:13 UTC
IIFL,IIFL.NS,IIFL Finance Limited,2026-08-21,901,QUALIFIED_CANDIDATE,True,True,55.0,False,None,False,True,False,True,True,True,679.8,78.0,568.18,516.67,,,0.93,0.14,,5.21,2.26,0.83,False,False,False,False,SOS,2026-08-21,False,True,False,False,115,"Bar vol_ratio=5.21x, spread_ratio=2.26x, close_pos=0.83. Candidate SOS: close=679.80 broke above range resistance=649.85 (+4.61%), strong close position=0.83 (threshold > 0.7), volume 5.21x avg (threshold >= 1.5x), spread 2.26x ATR",1495.8,120.0,69,True,"[QUALIFIED_CANDIDATE] Score: 55.0/100.0 | Mech Qual: PASS (Daily DMA(50/100) Up (568.2>516.7), ATR Contraction (0.93<1.0), BBW Contraction) | VSA: Vol Ratio: 5.21x, Close Pos: 0.83 | Candidate Event: SOS (Bar vol_ratio=5.21x, spread_ratio=2.26x, close_pos=0.83. Candidate SOS: close=679.80 broke above range resistance=649.85 (+4.61%), strong close position=0.83 (threshold > 0.7), volume 5.21x avg (threshold >= 1.5x), spread 2.26x ATR) | P&F Target: ₹1495.80 (+120.0% upside)",https://www.tradingview.com/chart/?symbol=NSE%3AIIFL&interval=D,https://www.tradingview.com/chart/?symbol=NSE%3AIIFL&interval=W,https://www.tradingview.com/chart/?symbol=NSE%3AIIFL&interval=75,pending,data/research_datasets/20260824,2026-08-24 10:05:13 UTC
HAL,HAL.NS,Hindustan Aeronautics Limited,2026-08-21,901,QUALIFIED_CANDIDATE,True,True,55.0,False,None,False,True,True,False,False,True,5000.0,66.9,4591.84,4452.43,,,1.24,0.153,,0.64,1.08,0.23,False,False,False,False,SOS,2026-08-12,False,True,False,False,119,"Bar vol_ratio=3.03x, spread_ratio=2.49x, close_pos=0.76. Candidate SOS: close=4984.90 broke above range resistance=4964.94 (+0.40%), strong close position=0.76 (threshold > 0.7), volume 3.03x avg (threshold >= 1.5x), spread 2.49x ATR",5535.59,10.7,47,True,"[QUALIFIED_CANDIDATE] Score: 55.0/100.0 | Mech Qual: PASS (Daily DMA(50/100) Up (4591.8>4452.4), RSI(14) Bullish (66.9)) | VSA: Vol Ratio: 0.64x, Close Pos: 0.23 | Candidate Event: SOS (Bar vol_ratio=3.03x, spread_ratio=2.49x, close_pos=0.76. Candidate SOS: close=4984.90 broke above range resistance=4964.94 (+0.40%), strong close position=0.76 (threshold > 0.7), volume 3.03x avg (threshold >= 1.5x), spread 2.49x ATR) | P&F Target: ₹5535.59 (+10.7% upside)",https://www.tradingview.com/chart/?symbol=NSE%3AHAL&interval=D,https://www.tradingview.com/chart/?symbol=NSE%3AHAL&interval=W,https://www.tradingview.com/chart/?symbol=NSE%3AHAL&interval=75,pending,data/research_datasets/20260824,2026-08-24 10:05:13 UTC
EFCIL,EFCIL.NS,EFC (I) Limited,2026-08-21,252,QUALIFIED_CANDIDATE,True,True,55.0,False,None,False,True,False,True,False,True,191.61,55.0,189.89,189.64,,,0.96,0.155,,0.43,0.6,0.83,False,True,False,False,LPS,2026-08-21,True,False,False,False,43,"Bar vol_ratio=0.43x, spread_ratio=0.60x, close_pos=0.83. Candidate LPS: higher low=188.13 vs prior Spring low=171.42 (+9.7%), holding above range support=171.42, low volume 0.43x avg (threshold < 0.75x), spread 0.60x ATR, close pos=0.83",301.23,57.2,8,True,"[QUALIFIED_CANDIDATE] Score: 55.0/100.0 | Mech Qual: PASS (Daily DMA(50/100) Up (189.9>189.6), ATR Contraction (0.96<1.0)) | VSA: Vol Ratio: 0.43x, Close Pos: 0.83, No Demand | Candidate Event: LPS (Bar vol_ratio=0.43x, spread_ratio=0.60x, close_pos=0.83. Candidate LPS: higher low=188.13 vs prior Spring low=171.42 (+9.7%), holding above range support=171.42, low volume 0.43x avg (threshold < 0.75x), spread 0.60x ATR, close pos=0.83) | P&F Target: ₹301.23 (+57.2% upside)",https://www.tradingview.com/chart/?symbol=NSE%3AEFCIL&interval=D,https://www.tradingview.com/chart/?symbol=NSE%3AEFCIL&interval=W,https://www.tradingview.com/chart/?symbol=NSE%3AEFCIL&interval=75,pending,data/research_datasets/20260824,2026-08-24 10:05:13 UTC
DLINKINDIA,DLINKINDIA.NS,D-Link (India) Limited,2026-08-21,901,QUALIFIED_CANDIDATE,True,True,55.0,False,None,True,False,False,False,True,True,435.75,45.0,465.27,450.13,,,1.02,0.107,,0.4,0.86,0.14,False,False,False,False,LPS,2026-08-20,True,False,False,False,88,"Bar vol_ratio=0.72x, spread_ratio=0.86x, close_pos=0.20. Candidate LPS: higher low=436.20 vs prior Spring low=416.10 (+4.8%), holding above range support=413.10, low volume 0.72x avg (threshold < 0.75x), spread 0.86x ATR, close pos=0.20",662.0,51.9,39,True,"[QUALIFIED_CANDIDATE] Score: 55.0/100.0 | Mech Qual: PASS (Weekly WMA Up, BBW Contraction) | VSA: Vol Ratio: 0.40x, Close Pos: 0.14 | Candidate Event: LPS (Bar vol_ratio=0.72x, spread_ratio=0.86x, close_pos=0.20. Candidate LPS: higher low=436.20 vs prior Spring low=416.10 (+4.8%), holding above range support=413.10, low volume 0.72x avg (threshold < 0.75x), spread 0.86x ATR, close pos=0.20) | P&F Target: ₹662.00 (+51.9% upside)",https://www.tradingview.com/chart/?symbol=NSE%3ADLINKINDIA&interval=D,https://www.tradingview.com/chart/?symbol=NSE%3ADLINKINDIA&interval=W,https://www.tradingview.com/chart/?symbol=NSE%3ADLINKINDIA&interval=75,pending,data/research_datasets/20260824,2026-08-24 10:05:13 UTC
BLACKBUCK,BLACKBUCK.NS,BLACKBUCK LIMITED,2026-08-21,436,QUALIFIED_CANDIDATE,True,True,55.0,False,None,False,True,False,True,False,True,634.3,73.8,564.64,558.73,,,0.95,0.202,,1.27,0.83,0.58,False,False,False,False,SOS,2026-08-20,False,True,False,False,46,"Bar vol_ratio=1.81x, spread_ratio=1.14x, close_pos=0.84. Candidate SOS: close=631.05 broke above range resistance=628.95 (+0.33%), strong close position=0.84 (threshold > 0.7), volume 1.81x avg (threshold >= 1.5x), spread 1.14x ATR",783.7,23.6,38,True,"[QUALIFIED_CANDIDATE] Score: 55.0/100.0 | Mech Qual: PASS (Daily DMA(50/100) Up (564.6>558.7), ATR Contraction (0.95<1.0)) | VSA: Vol Ratio: 1.27x, Close Pos: 0.58 | Candidate Event: SOS (Bar vol_ratio=1.81x, spread_ratio=1.14x, close_pos=0.84. Candidate SOS: close=631.05 broke above range resistance=628.95 (+0.33%), strong close position=0.84 (threshold > 0.7), volume 1.81x avg (threshold >= 1.5x), spread 1.14x ATR) | P&F Target: ₹783.70 (+23.6% upside)",https://www.tradingview.com/chart/?symbol=NSE%3ABLACKBUCK&interval=D,https://www.tradingview.com/chart/?symbol=NSE%3ABLACKBUCK&interval=W,https://www.tradingview.com/chart/?symbol=NSE%3ABLACKBUCK&interval=75,pending,data/research_datasets/20260824,2026-08-24 10:05:13 UTC
ALICON,ALICON.NS,Alicon Castalloy Limited,2026-08-21,899,QUALIFIED_CANDIDATE,True,True,55.0,False,None,False,True,True,False,True,True,741.1,58.8,674.56,673.35,,,1.4,0.166,,0.28,0.43,0.41,False,False,True,False,SOS,2026-08-12,False,True,False,False,123,"Bar vol_ratio=4.47x, spread_ratio=1.83x, close_pos=0.85. Candidate SOS: close=772.95 broke above range resistance=753.00 (+2.65%), strong close position=0.85 (threshold > 0.7), volume 4.47x avg (threshold >= 1.5x), spread 1.83x ATR",1539.35,107.7,18,True,"[QUALIFIED_CANDIDATE] Score: 55.0/100.0 | Mech Qual: PASS (Daily DMA(50/100) Up (674.6>673.4), RSI(14) Bullish (58.8), BBW Contraction) | VSA: Vol Ratio: 0.28x, Close Pos: 0.41, No Supply (Dry-up) | Candidate Event: SOS (Bar vol_ratio=4.47x, spread_ratio=1.83x, close_pos=0.85. Candidate SOS: close=772.95 broke above range resistance=753.00 (+2.65%), strong close position=0.85 (threshold > 0.7), volume 4.47x avg (threshold >= 1.5x), spread 1.83x ATR) | P&F Target: ₹1539.35 (+107.7% upside)",https://www.tradingview.com/chart/?symbol=NSE%3AALICON&interval=D,https://www.tradingview.com/chart/?symbol=NSE%3AALICON&interval=W,https://www.tradingview.com/chart/?symbol=NSE%3AALICON&interval=75,pending,data/research_datasets/20260824,2026-08-24 10:05:13 UTC
TORNTPHARM,TORNTPHARM.NS,Torrent Pharmaceuticals Limited,2026-08-21,901,QUALIFIED_CANDIDATE,True,True,53.5,False,None,True,True,False,True,True,True,4896.5,48.7,4825.54,4563.02,,,0.84,0.058,,0.44,1.26,0.09,False,False,False,False,SOS,2026-07-31,False,True,False,False,103,"Bar vol_ratio=1.58x, spread_ratio=1.72x, close_pos=0.93. Candidate SOS: close=5122.80 broke above range resistance=5085.80 (+0.73%), strong close position=0.93 (threshold > 0.7), volume 1.58x avg (threshold >= 1.5x), spread 1.72x ATR",5310.7,8.5,9,False,"[QUALIFIED_CANDIDATE] Score: 53.5/100.0 | Mech Qual: PASS (Weekly WMA Up, Daily DMA(50/100) Up (4825.5>4563.0), ATR Contraction (0.84<1.0), BBW Contraction) | VSA: Vol Ratio: 0.44x, Close Pos: 0.09 | Candidate Event: SOS (Bar vol_ratio=1.58x, spread_ratio=1.72x, close_pos=0.93. Candidate SOS: close=5122.80 broke above range resistance=5085.80 (+0.73%), strong close position=0.93 (threshold > 0.7), volume 1.58x avg (threshold >= 1.5x), spread 1.72x ATR) | P&F Target: ₹5310.70 (+8.5% upside)",https://www.tradingview.com/chart/?symbol=NSE%3ATORNTPHARM&interval=D,https://www.tradingview.com/chart/?symbol=NSE%3ATORNTPHARM&interval=W,https://www.tradingview.com/chart/?symbol=NSE%3ATORNTPHARM&interval=75,pending,data/research_datasets/20260824,2026-08-24 10:05:13 UTC
SAIL,SAIL.NS,Steel Authority of India Limited,2026-08-21,901,QUALIFIED_CANDIDATE,True,True,53.5,False,None,True,False,False,False,True,True,173.46,53.4,170.23,177.72,,,1.14,0.088,,0.83,0.65,0.11,False,False,False,False,LPS,2026-08-07,True,False,False,False,73,"Bar vol_ratio=0.64x, spread_ratio=0.47x, close_pos=0.87. Candidate LPS: higher low=174.61 vs prior Spring low=159.26 (+9.6%), holding above range support=158.01, low volume 0.64x avg (threshold < 0.75x), spread 0.47x ATR, close pos=0.87",203.58,17.4,9,False,"[QUALIFIED_CANDIDATE] Score: 53.5/100.0 | Mech Qual: PASS (Weekly WMA Up, BBW Contraction) | VSA: Vol Ratio: 0.83x, Close Pos: 0.11 | Candidate Event: LPS (Bar vol_ratio=0.64x, spread_ratio=0.47x, close_pos=0.87. Candidate LPS: higher low=174.61 vs prior Spring low=159.26 (+9.6%), holding above range support=158.01, low volume 0.64x avg (threshold < 0.75x), spread 0.47x ATR, close pos=0.87) | P&F Target: ₹203.58 (+17.4% upside)",https://www.tradingview.com/chart/?symbol=NSE%3ASAIL&interval=D,https://www.tradingview.com/chart/?symbol=NSE%3ASAIL&interval=W,https://www.tradingview.com/chart/?symbol=NSE%3ASAIL&interval=75,pending,data/research_datasets/20260824,2026-08-24 10:05:13 UTC
GABRIEL,GABRIEL.NS,Gabriel India Limited,2026-08-21,901,QUALIFIED_CANDIDATE,True,True,53.5,False,None,True,True,False,True,True,True,1420.6,49.9,1345.08,1189.54,,,0.9,0.131,,0.61,0.52,0.5,False,False,True,False,LPS,2026-07-28,True,False,False,False,128,"Bar vol_ratio=0.33x, spread_ratio=0.60x, close_pos=0.20. Candidate LPS: higher low=1397.11 vs prior ST low=1332.34 (+4.9%), holding above range support=973.59, low volume 0.33x avg (threshold < 0.75x), spread 0.60x ATR, close pos=0.20",1434.89,1.0,5,False,"[QUALIFIED_CANDIDATE] Score: 53.5/100.0 | Mech Qual: PASS (Weekly WMA Up, Daily DMA(50/100) Up (1345.1>1189.5), ATR Contraction (0.90<1.0), BBW Contraction) | VSA: Vol Ratio: 0.61x, Close Pos: 0.50, No Supply (Dry-up) | Candidate Event: LPS (Bar vol_ratio=0.33x, spread_ratio=0.60x, close_pos=0.20. Candidate LPS: higher low=1397.11 vs prior ST low=1332.34 (+4.9%), holding above range support=973.59, low volume 0.33x avg (threshold < 0.75x), spread 0.60x ATR, close pos=0.20) | P&F Target: ₹1434.89 (+1.0% upside)",https://www.tradingview.com/chart/?symbol=NSE%3AGABRIEL&interval=D,https://www.tradingview.com/chart/?symbol=NSE%3AGABRIEL&interval=W,https://www.tradingview.com/chart/?symbol=NSE%3AGABRIEL&interval=75,pending,data/research_datasets/20260824,2026-08-24 10:05:13 UTC
WESTLIFE,WESTLIFE.NS,WESTLIFE FOODWORLD LIMITED,2026-08-21,900,QUALIFIED_CANDIDATE,True,True,53.0,False,None,False,True,True,False,False,True,588.15,62.6,512.64,488.8,,,1.08,0.328,,0.86,0.72,0.36,False,False,False,False,SOS,2026-08-05,False,True,False,False,135,"Bar vol_ratio=2.80x, spread_ratio=2.14x, close_pos=0.83. Candidate SOS: close=586.59 broke above range resistance=548.17 (+7.01%), strong close position=0.83 (threshold > 0.7), volume 2.80x avg (threshold >= 1.5x), spread 2.14x ATR",886.78,50.8,14,False,"[QUALIFIED_CANDIDATE] Score: 53.0/100.0 | Mech Qual: PASS (Daily DMA(50/100) Up (512.6>488.8), RSI(14) Bullish (62.6)) | VSA: Vol Ratio: 0.86x, Close Pos: 0.36 | Candidate Event: SOS (Bar vol_ratio=2.80x, spread_ratio=2.14x, close_pos=0.83. Candidate SOS: close=586.59 broke above range resistance=548.17 (+7.01%), strong close position=0.83 (threshold > 0.7), volume 2.80x avg (threshold >= 1.5x), spread 2.14x ATR) | P&F Target: ₹886.78 (+50.8% upside)",https://www.tradingview.com/chart/?symbol=NSE%3AWESTLIFE&interval=D,https://www.tradingview.com/chart/?symbol=NSE%3AWESTLIFE&interval=W,https://www.tradingview.com/chart/?symbol=NSE%3AWESTLIFE&interval=75,pending,data/research_datasets/20260824,2026-08-24 10:05:13 UTC
ULTRACEMCO,ULTRACEMCO.NS,UltraTech Cement Limited,2026-08-21,901,QUALIFIED_CANDIDATE,True,True,53.0,False,None,False,True,False,True,False,True,11570.0,46.0,11531.39,11418.87,,,0.99,0.073,,0.57,0.49,0.47,False,False,True,False,SOS,2026-07-21,False,True,False,False,81,"Bar vol_ratio=3.24x, spread_ratio=0.97x, close_pos=0.84. Candidate SOS: close=11852.08 broke above range resistance=11760.94 (+0.77%), strong close position=0.84 (threshold > 0.7), volume 3.24x avg (threshold >= 1.5x), spread 0.97x ATR",25653.14,121.7,69,False,"[QUALIFIED_CANDIDATE] Score: 53.0/100.0 | Mech Qual: PASS (Daily DMA(50/100) Up (11531.4>11418.9), ATR Contraction (0.99<1.0)) | VSA: Vol Ratio: 0.57x, Close Pos: 0.47, No Supply (Dry-up) | Candidate Event: SOS (Bar vol_ratio=3.24x, spread_ratio=0.97x, close_pos=0.84. Candidate SOS: close=11852.08 broke above range resistance=11760.94 (+0.77%), strong close position=0.84 (threshold > 0.7), volume 3.24x avg (threshold >= 1.5x), spread 0.97x ATR) | P&F Target: ₹25653.14 (+121.7% upside)",https://www.tradingview.com/chart/?symbol=NSE%3AULTRACEMCO&interval=D,https://www.tradingview.com/chart/?symbol=NSE%3AULTRACEMCO&interval=W,https://www.tradingview.com/chart/?symbol=NSE%3AULTRACEMCO&interval=75,pending,data/research_datasets/20260824,2026-08-24 10:05:13 UTC
TRUALT,TRUALT.NS,TruAlt Bioenergy Limited,2026-08-21,221,QUALIFIED_CANDIDATE,True,True,53.0,False,None,True,False,False,True,False,True,446.15,44.1,455.61,463.48,,,0.99,0.197,,0.53,1.13,0.09,False,False,False,False,LPS,2026-08-03,True,False,False,False,42,"Bar vol_ratio=0.44x, spread_ratio=0.92x, close_pos=0.93. Candidate LPS: higher low=422.50 vs prior ST low=421.05 (+0.3%), holding above range support=408.30, low volume 0.44x avg (threshold < 0.75x), spread 0.92x ATR, close pos=0.93",797.85,78.8,24,False,"[QUALIFIED_CANDIDATE] Score: 53.0/100.0 | Mech Qual: PASS (Weekly WMA Up, ATR Contraction (0.99<1.0)) | VSA: Vol Ratio: 0.53x, Close Pos: 0.09 | Candidate Event: LPS (Bar vol_ratio=0.44x, spread_ratio=0.92x, close_pos=0.93. Candidate LPS: higher low=422.50 vs prior ST low=421.05 (+0.3%), holding above range support=408.30, low volume 0.44x avg (threshold < 0.75x), spread 0.92x ATR, close pos=0.93) | P&F Target: ₹797.85 (+78.8% upside)",https://www.tradingview.com/chart/?symbol=NSE%3ATRUALT&interval=D,https://www.tradingview.com/chart/?symbol=NSE%3ATRUALT&interval=W,https://www.tradingview.com/chart/?symbol=NSE%3ATRUALT&interval=75,pending,data/research_datasets/20260824,2026-08-24 10:05:13 UTC
SHK,SHK.NS,S H Kelkar and Company Limited,2026-08-21,901,QUALIFIED_CANDIDATE,True,True,53.0,False,None,False,True,False,True,True,True,157.47,50.0,146.21,141.37,,,0.99,0.187,,0.13,0.51,0.33,False,False,True,False,SOS,2026-07-30,False,True,False,False,114,"Bar vol_ratio=2.39x, spread_ratio=1.60x, close_pos=0.73. Candidate SOS: close=170.01 broke above range resistance=168.48 (+0.91%), strong close position=0.73 (threshold > 0.7), volume 2.39x avg (threshold >= 1.5x), spread 1.60x ATR",232.86,47.9,31,False,"[QUALIFIED_CANDIDATE] Score: 53.0/100.0 | Mech Qual: PASS (Daily DMA(50/100) Up (146.2>141.4), ATR Contraction (0.99<1.0), BBW Contraction) | VSA: Vol Ratio: 0.13x, Close Pos: 0.33, No Supply (Dry-up) | Candidate Event: SOS (Bar vol_ratio=2.39x, spread_ratio=1.60x, close_pos=0.73. Candidate SOS: close=170.01 broke above range resistance=168.48 (+0.91%), strong close position=0.73 (threshold > 0.7), volume 2.39x avg (threshold >= 1.5x), spread 1.60x ATR) | P&F Target: ₹232.86 (+47.9% upside)",https://www.tradingview.com/chart/?symbol=NSE%3ASHK&interval=D,https://www.tradingview.com/chart/?symbol=NSE%3ASHK&interval=W,https://www.tradingview.com/chart/?symbol=NSE%3ASHK&interval=75,pending,data/research_datasets/20260824,2026-08-24 10:05:13 UTC
RELTD,RELTD.NS,Ravindra Energy Limited,2026-08-21,515,QUALIFIED_CANDIDATE,True,True,53.0,False,None,False,True,False,True,False,True,167.63,51.5,167.49,150.61,,,0.82,0.101,,0.63,0.82,0.57,False,False,False,False,LPS,2026-07-20,True,False,False,False,66,"Bar vol_ratio=0.41x, spread_ratio=0.51x, close_pos=0.32. Candidate LPS: higher low=174.50 vs prior ST low=171.90 (+1.5%), holding above range support=114.59, low volume 0.41x avg (threshold < 0.75x), spread 0.51x ATR, close pos=0.32",223.86,33.5,16,False,"[QUALIFIED_CANDIDATE] Score: 53.0/100.0 | Mech Qual: PASS (Daily DMA(50/100) Up (167.5>150.6), ATR Contraction (0.82<1.0)) | VSA: Vol Ratio: 0.63x, Close Pos: 0.57 | Candidate Event: LPS (Bar vol_ratio=0.41x, spread_ratio=0.51x, close_pos=0.32. Candidate LPS: higher low=174.50 vs prior ST low=171.90 (+1.5%), holding above range support=114.59, low volume 0.41x avg (threshold < 0.75x), spread 0.51x ATR, close pos=0.32) | P&F Target: ₹223.86 (+33.5% upside)",https://www.tradingview.com/chart/?symbol=NSE%3ARELTD&interval=D,https://www.tradingview.com/chart/?symbol=NSE%3ARELTD&interval=W,https://www.tradingview.com/chart/?symbol=NSE%3ARELTD&interval=75,pending,data/research_datasets/20260824,2026-08-24 10:05:13 UTC
PCBL,PCBL.NS,PCBL Chemical Limited,2026-08-21,901,QUALIFIED_CANDIDATE,True,True,53.0,False,None,False,True,False,True,True,True,317.55,49.2,315.84,298.85,,,0.74,0.125,,0.17,0.46,0.14,False,False,True,False,LPS,2026-08-04,True,False,False,False,126,"Bar vol_ratio=0.29x, spread_ratio=0.45x, close_pos=0.30. Candidate LPS: higher low=320.40 vs prior ST low=317.62 (+0.9%), holding above range support=271.90, low volume 0.29x avg (threshold < 0.75x), spread 0.45x ATR, close pos=0.30",391.55,23.3,23,False,"[QUALIFIED_CANDIDATE] Score: 53.0/100.0 | Mech Qual: PASS (Daily DMA(50/100) Up (315.8>298.9), ATR Contraction (0.74<1.0), BBW Contraction) | VSA: Vol Ratio: 0.17x, Close Pos: 0.14, No Supply (Dry-up) | Candidate Event: LPS (Bar vol_ratio=0.29x, spread_ratio=0.45x, close_pos=0.30. Candidate LPS: higher low=320.40 vs prior ST low=317.62 (+0.9%), holding above range support=271.90, low volume 0.29x avg (threshold < 0.75x), spread 0.45x ATR, close pos=0.30) | P&F Target: ₹391.55 (+23.3% upside)",https://www.tradingview.com/chart/?symbol=NSE%3APCBL&interval=D,https://www.tradingview.com/chart/?symbol=NSE%3APCBL&interval=W,https://www.tradingview.com/chart/?symbol=NSE%3APCBL&interval=75,pending,data/research_datasets/20260824,2026-08-24 10:05:13 UTC
NEWGEN,NEWGEN.NS,Newgen Software Technologies Limited,2026-08-21,901,QUALIFIED_CANDIDATE,True,True,53.0,False,None,False,True,False,True,True,True,522.7,46.4,514.5,489.74,,,0.79,0.12,,0.22,0.4,0.21,False,False,True,False,LPS,2026-07-30,True,False,False,False,116,"Bar vol_ratio=0.28x, spread_ratio=0.64x, close_pos=0.13. Candidate LPS: higher low=550.10 vs prior ST low=523.00 (+5.2%), holding above range support=428.11, low volume 0.28x avg (threshold < 0.75x), spread 0.64x ATR, close pos=0.13",708.95,35.6,26,False,"[QUALIFIED_CANDIDATE] Score: 53.0/100.0 | Mech Qual: PASS (Daily DMA(50/100) Up (514.5>489.7), ATR Contraction (0.79<1.0), BBW Contraction) | VSA: Vol Ratio: 0.22x, Close Pos: 0.21, No Supply (Dry-up) | Candidate Event: LPS (Bar vol_ratio=0.28x, spread_ratio=0.64x, close_pos=0.13. Candidate LPS: higher low=550.10 vs prior ST low=523.00 (+5.2%), holding above range support=428.11, low volume 0.28x avg (threshold < 0.75x), spread 0.64x ATR, close pos=0.13) | P&F Target: ₹708.95 (+35.6% upside)",https://www.tradingview.com/chart/?symbol=NSE%3ANEWGEN&interval=D,https://www.tradingview.com/chart/?symbol=NSE%3ANEWGEN&interval=W,https://www.tradingview.com/chart/?symbol=NSE%3ANEWGEN&interval=75,pending,data/research_datasets/20260824,2026-08-24 10:05:13 UTC
MOTILALOFS,MOTILALOFS.NS,Motilal Oswal Financial Services Limited,2026-08-21,901,QUALIFIED_CANDIDATE,True,True,53.0,False,None,False,True,True,False,False,True,990.0,68.3,927.64,876.35,,,1.02,0.188,,1.55,1.4,0.61,False,False,False,False,LPS,2026-08-03,True,False,False,False,124,"Bar vol_ratio=0.47x, spread_ratio=0.70x, close_pos=0.72. Candidate LPS: higher low=852.70 vs prior ST low=850.10 (+0.3%), holding above range support=812.25, low volume 0.47x avg (threshold < 0.75x), spread 0.70x ATR, close pos=0.72",1692.95,71.0,55,False,"[QUALIFIED_CANDIDATE] Score: 53.0/100.0 | Mech Qual: PASS (Daily DMA(50/100) Up (927.6>876.4), RSI(14) Bullish (68.3)) | VSA: Vol Ratio: 1.55x, Close Pos: 0.61 | Candidate Event: LPS (Bar vol_ratio=0.47x, spread_ratio=0.70x, close_pos=0.72. Candidate LPS: higher low=852.70 vs prior ST low=850.10 (+0.3%), holding above range support=812.25, low volume 0.47x avg (threshold < 0.75x), spread 0.70x ATR, close pos=0.72) | P&F Target: ₹1692.95 (+71.0% upside)",https://www.tradingview.com/chart/?symbol=NSE%3AMOTILALOFS&interval=D,https://www.tradingview.com/chart/?symbol=NSE%3AMOTILALOFS&interval=W,https://www.tradingview.com/chart/?symbol=NSE%3AMOTILALOFS&interval=75,pending,data/research_datasets/20260824,2026-08-24 10:05:13 UTC
MAHSCOOTER,MAHSCOOTER.NS,Maharashtra Scooters Limited,2026-08-21,900,QUALIFIED_CANDIDATE,True,True,53.0,False,None,False,True,False,True,False,True,13131.0,47.2,13000.14,12698.25,,,0.95,0.13,,0.39,0.36,0.19,False,False,True,False,LPS,2026-08-06,True,False,False,False,126,"Bar vol_ratio=0.45x, spread_ratio=0.54x, close_pos=0.30. Candidate LPS: higher low=13750.00 vs prior ST low=12380.00 (+11.1%), holding above range support=11941.86, low volume 0.45x avg (threshold < 0.75x), spread 0.54x ATR, close pos=0.30",17297.0,31.7,29,False,"[QUALIFIED_CANDIDATE] Score: 53.0/100.0 | Mech Qual: PASS (Daily DMA(50/100) Up (13000.1>12698.2), ATR Contraction (0.95<1.0)) | VSA: Vol Ratio: 0.39x, Close Pos: 0.19, No Supply (Dry-up) | Candidate Event: LPS (Bar vol_ratio=0.45x, spread_ratio=0.54x, close_pos=0.30. Candidate LPS: higher low=13750.00 vs prior ST low=12380.00 (+11.1%), holding above range support=11941.86, low volume 0.45x avg (threshold < 0.75x), spread 0.54x ATR, close pos=0.30) | P&F Target: ₹17297.00 (+31.7% upside)",https://www.tradingview.com/chart/?symbol=NSE%3AMAHSCOOTER&interval=D,https://www.tradingview.com/chart/?symbol=NSE%3AMAHSCOOTER&interval=W,https://www.tradingview.com/chart/?symbol=NSE%3AMAHSCOOTER&interval=75,pending,data/research_datasets/20260824,2026-08-24 10:05:13 UTC
LXCHEM,LXCHEM.NS,Laxmi Organic Industries Limited,2026-08-21,901,QUALIFIED_CANDIDATE,True,True,53.0,False,None,False,True,False,True,True,True,173.21,47.7,169.22,158.11,,,0.78,0.17,,0.12,0.3,0.11,False,False,True,False,LPS,2026-08-04,True,False,False,False,103,"Bar vol_ratio=0.68x, spread_ratio=0.78x, close_pos=0.62. Candidate LPS: higher low=179.97 vs prior ST low=178.77 (+0.7%), holding above range support=144.45, low volume 0.68x avg (threshold < 0.75x), spread 0.78x ATR, close pos=0.62",298.29,72.2,19,False,"[QUALIFIED_CANDIDATE] Score: 53.0/100.0 | Mech Qual: PASS (Daily DMA(50/100) Up (169.2>158.1), ATR Contraction (0.78<1.0), BBW Contraction) | VSA: Vol Ratio: 0.12x, Close Pos: 0.11, No Supply (Dry-up) | Candidate Event: LPS (Bar vol_ratio=0.68x, spread_ratio=0.78x, close_pos=0.62. Candidate LPS: higher low=179.97 vs prior ST low=178.77 (+0.7%), holding above range support=144.45, low volume 0.68x avg (threshold < 0.75x), spread 0.78x ATR, close pos=0.62) | P&F Target: ₹298.29 (+72.2% upside)",https://www.tradingview.com/chart/?symbol=NSE%3ALXCHEM&interval=D,https://www.tradingview.com/chart/?symbol=NSE%3ALXCHEM&interval=W,https://www.tradingview.com/chart/?symbol=NSE%3ALXCHEM&interval=75,pending,data/research_datasets/20260824,2026-08-24 10:05:13 UTC
JUBLINGREA,JUBLINGREA.NS,Jubilant Ingrevia Limited,2026-08-21,901,QUALIFIED_CANDIDATE,True,True,53.0,False,None,False,True,False,True,True,True,718.35,47.7,702.19,691.0,,,0.99,0.07,,1.0,0.83,0.67,False,False,False,False,LPS,2026-07-27,True,False,False,False,101,"Bar vol_ratio=0.62x, spread_ratio=1.04x, close_pos=0.63. Candidate LPS: higher low=725.30 vs prior ST low=723.00 (+0.3%), holding above range support=597.99, low volume 0.62x avg (threshold < 0.75x), spread 1.04x ATR, close pos=0.63",1524.1,112.2,52,False,"[QUALIFIED_CANDIDATE] Score: 53.0/100.0 | Mech Qual: PASS (Daily DMA(50/100) Up (702.2>691.0), ATR Contraction (0.99<1.0), BBW Contraction) | VSA: Vol Ratio: 1.00x, Close Pos: 0.67 | Candidate Event: LPS (Bar vol_ratio=0.62x, spread_ratio=1.04x, close_pos=0.63. Candidate LPS: higher low=725.30 vs prior ST low=723.00 (+0.3%), holding above range support=597.99, low volume 0.62x avg (threshold < 0.75x), spread 1.04x ATR, close pos=0.63) | P&F Target: ₹1524.10 (+112.2% upside)",https://www.tradingview.com/chart/?symbol=NSE%3AJUBLINGREA&interval=D,https://www.tradingview.com/chart/?symbol=NSE%3AJUBLINGREA&interval=W,https://www.tradingview.com/chart/?symbol=NSE%3AJUBLINGREA&interval=75,pending,data/research_datasets/20260824,2026-08-24 10:05:13 UTC
JSWDULUX,JSWDULUX.NS,JSW Dulux Limited,2026-08-21,901,QUALIFIED_CANDIDATE,True,True,53.0,False,None,False,True,False,True,False,True,3118.8,55.0,3077.23,3012.85,,,0.95,0.099,,0.9,0.87,0.67,False,False,False,False,LPS,2026-07-17,True,False,False,False,127,"Bar vol_ratio=0.33x, spread_ratio=1.18x, close_pos=0.34. Candidate LPS: higher low=2995.00 vs prior ST low=2905.00 (+3.1%), holding above range support=2813.18, low volume 0.33x avg (threshold < 0.75x), spread 1.18x ATR, close pos=0.34",5194.1,66.5,36,False,"[QUALIFIED_CANDIDATE] Score: 53.0/100.0 | Mech Qual: PASS (Daily DMA(50/100) Up (3077.2>3012.8), ATR Contraction (0.95<1.0)) | VSA: Vol Ratio: 0.90x, Close Pos: 0.67 | Candidate Event: LPS (Bar vol_ratio=0.33x, spread_ratio=1.18x, close_pos=0.34. Candidate LPS: higher low=2995.00 vs prior ST low=2905.00 (+3.1%), holding above range support=2813.18, low volume 0.33x avg (threshold < 0.75x), spread 1.18x ATR, close pos=0.34) | P&F Target: ₹5194.10 (+66.5% upside)",https://www.tradingview.com/chart/?symbol=NSE%3AJSWDULUX&interval=D,https://www.tradingview.com/chart/?symbol=NSE%3AJSWDULUX&interval=W,https://www.tradingview.com/chart/?symbol=NSE%3AJSWDULUX&interval=75,pending,data/research_datasets/20260824,2026-08-24 10:05:13 UTC
JIOFIN,JIOFIN.NS,Jio Financial Services Limited,2026-08-21,745,QUALIFIED_CANDIDATE,True,True,53.0,False,None,False,True,False,True,True,True,244.0,45.5,243.5,241.37,,,0.97,0.129,,0.3,0.38,0.22,False,False,True,False,SOS,2026-07-31,False,True,False,False,64,"Bar vol_ratio=1.91x, spread_ratio=1.54x, close_pos=0.94. Candidate SOS: close=255.86 broke above range resistance=253.31 (+1.01%), strong close position=0.94 (threshold > 0.7), volume 1.91x avg (threshold >= 1.5x), spread 1.54x ATR",481.62,97.4,41,False,"[QUALIFIED_CANDIDATE] Score: 53.0/100.0 | Mech Qual: PASS (Daily DMA(50/100) Up (243.5>241.4), ATR Contraction (0.97<1.0), BBW Contraction) | VSA: Vol Ratio: 0.30x, Close Pos: 0.22, No Supply (Dry-up) | Candidate Event: SOS (Bar vol_ratio=1.91x, spread_ratio=1.54x, close_pos=0.94. Candidate SOS: close=255.86 broke above range resistance=253.31 (+1.01%), strong close position=0.94 (threshold > 0.7), volume 1.91x avg (threshold >= 1.5x), spread 1.54x ATR) | P&F Target: ₹481.62 (+97.4% upside)",https://www.tradingview.com/chart/?symbol=NSE%3AJIOFIN&interval=D,https://www.tradingview.com/chart/?symbol=NSE%3AJIOFIN&interval=W,https://www.tradingview.com/chart/?symbol=NSE%3AJIOFIN&interval=75,pending,data/research_datasets/20260824,2026-08-24 10:05:13 UTC
INDIAGLYCO,INDIAGLYCO.NS,India Glycols Limited,2026-08-21,901,QUALIFIED_CANDIDATE,True,True,53.0,False,None,False,True,True,False,False,True,1146.5,57.5,1076.98,1035.37,,,1.14,0.142,,2.11,1.48,0.64,False,False,False,False,LPS,2026-07-21,True,False,False,False,112,"Bar vol_ratio=0.55x, spread_ratio=0.63x, close_pos=0.22. Candidate LPS: higher low=1148.10 vs prior ST low=1031.00 (+11.4%), holding above range support=915.00, low volume 0.55x avg (threshold < 0.75x), spread 0.63x ATR, close pos=0.22",1468.95,28.1,21,False,"[QUALIFIED_CANDIDATE] Score: 53.0/100.0 | Mech Qual: PASS (Daily DMA(50/100) Up (1077.0>1035.4), RSI(14) Bullish (57.5)) | VSA: Vol Ratio: 2.11x, Close Pos: 0.64 | Candidate Event: LPS (Bar vol_ratio=0.55x, spread_ratio=0.63x, close_pos=0.22. Candidate LPS: higher low=1148.10 vs prior ST low=1031.00 (+11.4%), holding above range support=915.00, low volume 0.55x avg (threshold < 0.75x), spread 0.63x ATR, close pos=0.22) | P&F Target: ₹1468.95 (+28.1% upside)",https://www.tradingview.com/chart/?symbol=NSE%3AINDIAGLYCO&interval=D,https://www.tradingview.com/chart/?symbol=NSE%3AINDIAGLYCO&interval=W,https://www.tradingview.com/chart/?symbol=NSE%3AINDIAGLYCO&interval=75,pending,data/research_datasets/20260824,2026-08-24 10:05:13 UTC
HTMEDIA,HTMEDIA.NS,HT Media Limited,2026-08-21,899,QUALIFIED_CANDIDATE,True,True,53.0,False,None,False,True,True,False,True,True,27.57,58.8,25.01,23.65,,,1.25,0.183,,0.71,1.09,0.58,False,False,False,False,LPS,2026-07-27,True,False,False,False,123,"Bar vol_ratio=0.63x, spread_ratio=1.18x, close_pos=0.14. Candidate LPS: higher low=24.30 vs prior ST low=24.27 (+0.1%), holding above range support=20.50, low volume 0.63x avg (threshold < 0.75x), spread 1.18x ATR, close pos=0.14",83.06,201.3,78,False,"[QUALIFIED_CANDIDATE] Score: 53.0/100.0 | Mech Qual: PASS (Daily DMA(50/100) Up (25.0>23.6), RSI(14) Bullish (58.8), BBW Contraction) | VSA: Vol Ratio: 0.71x, Close Pos: 0.58 | Candidate Event: LPS (Bar vol_ratio=0.63x, spread_ratio=1.18x, close_pos=0.14. Candidate LPS: higher low=24.30 vs prior ST low=24.27 (+0.1%), holding above range support=20.50, low volume 0.63x avg (threshold < 0.75x), spread 1.18x ATR, close pos=0.14) | P&F Target: ₹83.06 (+201.3% upside)",https://www.tradingview.com/chart/?symbol=NSE%3AHTMEDIA&interval=D,https://www.tradingview.com/chart/?symbol=NSE%3AHTMEDIA&interval=W,https://www.tradingview.com/chart/?symbol=NSE%3AHTMEDIA&interval=75,pending,data/research_datasets/20260824,2026-08-24 10:05:13 UTC
HEIDELBERG,HEIDELBERG.NS,HeidelbergCement India Limited,2026-08-21,901,QUALIFIED_CANDIDATE,True,True,53.0,False,None,False,True,False,True,False,True,158.98,54.7,156.3,156.04,,,0.81,0.055,,1.39,1.05,0.16,False,False,False,False,LPS,2026-08-03,True,False,False,False,112,"Bar vol_ratio=0.69x, spread_ratio=0.85x, close_pos=0.86. Candidate LPS: higher low=153.10 vs prior ST low=152.10 (+0.7%), holding above range support=145.10, low volume 0.69x avg (threshold < 0.75x), spread 0.85x ATR, close pos=0.86",299.51,88.4,24,False,"[QUALIFIED_CANDIDATE] Score: 53.0/100.0 | Mech Qual: PASS (Daily DMA(50/100) Up (156.3>156.0), ATR Contraction (0.81<1.0)) | VSA: Vol Ratio: 1.39x, Close Pos: 0.16 | Candidate Event: LPS (Bar vol_ratio=0.69x, spread_ratio=0.85x, close_pos=0.86. Candidate LPS: higher low=153.10 vs prior ST low=152.10 (+0.7%), holding above range support=145.10, low volume 0.69x avg (threshold < 0.75x), spread 0.85x ATR, close pos=0.86) | P&F Target: ₹299.51 (+88.4% upside)",https://www.tradingview.com/chart/?symbol=NSE%3AHEIDELBERG&interval=D,https://www.tradingview.com/chart/?symbol=NSE%3AHEIDELBERG&interval=W,https://www.tradingview.com/chart/?symbol=NSE%3AHEIDELBERG&interval=75,pending,data/research_datasets/20260824,2026-08-24 10:05:13 UTC
HAVELLS,HAVELLS.NS,Havells India Limited,2026-08-21,901,QUALIFIED_CANDIDATE,True,True,53.0,False,None,False,True,False,True,True,True,1268.0,53.3,1222.76,1221.11,,,0.86,0.065,,0.56,0.92,0.44,False,False,False,False,LPS,2026-07-22,True,False,False,False,109,"Bar vol_ratio=0.43x, spread_ratio=0.91x, close_pos=0.60. Candidate LPS: higher low=1191.60 vs prior ST low=1161.60 (+2.6%), holding above range support=1123.60, low volume 0.43x avg (threshold < 0.75x), spread 0.91x ATR, close pos=0.60",1597.1,26.0,13,False,"[QUALIFIED_CANDIDATE] Score: 53.0/100.0 | Mech Qual: PASS (Daily DMA(50/100) Up (1222.8>1221.1), ATR Contraction (0.86<1.0), BBW Contraction) | VSA: Vol Ratio: 0.56x, Close Pos: 0.44 | Candidate Event: LPS (Bar vol_ratio=0.43x, spread_ratio=0.91x, close_pos=0.60. Candidate LPS: higher low=1191.60 vs prior ST low=1161.60 (+2.6%), holding above range support=1123.60, low volume 0.43x avg (threshold < 0.75x), spread 0.91x ATR, close pos=0.60) | P&F Target: ₹1597.10 (+26.0% upside)",https://www.tradingview.com/chart/?symbol=NSE%3AHAVELLS&interval=D,https://www.tradingview.com/chart/?symbol=NSE%3AHAVELLS&interval=W,https://www.tradingview.com/chart/?symbol=NSE%3AHAVELLS&interval=75,pending,data/research_datasets/20260824,2026-08-24 10:05:13 UTC
ARIHANTCAP,ARIHANTCAP.NS,Arihant Capital Markets Limited,2026-08-21,901,QUALIFIED_CANDIDATE,True,True,53.0,False,None,False,True,False,True,True,True,75.95,52.1,73.96,71.51,,,0.77,0.078,,0.42,0.78,0.27,False,False,False,False,LPS,2026-07-30,True,False,False,False,122,"Bar vol_ratio=0.23x, spread_ratio=0.60x, close_pos=0.52. Candidate LPS: higher low=76.07 vs prior ST low=75.52 (+0.7%), holding above range support=61.15, low volume 0.23x avg (threshold < 0.75x), spread 0.60x ATR, close pos=0.52",212.34,179.6,45,False,"[QUALIFIED_CANDIDATE] Score: 53.0/100.0 | Mech Qual: PASS (Daily DMA(50/100) Up (74.0>71.5), ATR Contraction (0.77<1.0), BBW Contraction) | VSA: Vol Ratio: 0.42x, Close Pos: 0.27 | Candidate Event: LPS (Bar vol_ratio=0.23x, spread_ratio=0.60x, close_pos=0.52. Candidate LPS: higher low=76.07 vs prior ST low=75.52 (+0.7%), holding above range support=61.15, low volume 0.23x avg (threshold < 0.75x), spread 0.60x ATR, close pos=0.52) | P&F Target: ₹212.34 (+179.6% upside)",https://www.tradingview.com/chart/?symbol=NSE%3AARIHANTCAP&interval=D,https://www.tradingview.com/chart/?symbol=NSE%3AARIHANTCAP&interval=W,https://www.tradingview.com/chart/?symbol=NSE%3AARIHANTCAP&interval=75,pending,data/research_datasets/20260824,2026-08-24 10:05:13 UTC
UNIPARTS,UNIPARTS.NS,Uniparts India Limited,2026-08-21,900,QUALIFIED_CANDIDATE,True,True,50.5,False,None,True,True,True,False,False,True,815.3,63.9,708.95,627.56,,,1.22,0.245,,0.33,0.5,0.56,False,True,False,False,SOS,2026-08-05,False,True,False,False,119,"Bar vol_ratio=6.58x, spread_ratio=2.39x, close_pos=0.86. Candidate SOS: close=792.70 broke above range resistance=748.55 (+5.90%), strong close position=0.86 (threshold > 0.7), volume 6.58x avg (threshold >= 1.5x), spread 2.39x ATR",1306.37,60.2,55,True,"[QUALIFIED_CANDIDATE] Score: 50.5/100.0 | Mech Qual: PASS (Weekly WMA Up, Daily DMA(50/100) Up (709.0>627.6), RSI(14) Bullish (63.9)) | VSA: Vol Ratio: 0.33x, Close Pos: 0.56, No Demand | Candidate Event: SOS (Bar vol_ratio=6.58x, spread_ratio=2.39x, close_pos=0.86. Candidate SOS: close=792.70 broke above range resistance=748.55 (+5.90%), strong close position=0.86 (threshold > 0.7), volume 6.58x avg (threshold >= 1.5x), spread 2.39x ATR) | P&F Target: ₹1306.37 (+60.2% upside)",https://www.tradingview.com/chart/?symbol=NSE%3AUNIPARTS&interval=D,https://www.tradingview.com/chart/?symbol=NSE%3AUNIPARTS&interval=W,https://www.tradingview.com/chart/?symbol=NSE%3AUNIPARTS&interval=75,pending,data/research_datasets/20260824,2026-08-24 10:05:13 UTC
TMCV,TMCV.NS,Tata Motors Limited,2026-08-21,196,QUALIFIED_CANDIDATE,True,True,50.5,False,None,True,True,True,False,False,True,472.55,66.4,430.65,413.84,,,1.05,0.196,,0.63,0.87,0.33,False,False,False,False,SOS,2026-08-03,False,True,False,False,20,"Bar vol_ratio=2.34x, spread_ratio=1.82x, close_pos=0.87. Candidate SOS: close=452.50 broke above range resistance=446.80 (+1.28%), strong close position=0.87 (threshold > 0.7), volume 2.34x avg (threshold >= 1.5x), spread 1.82x ATR",529.57,12.1,10,True,"[QUALIFIED_CANDIDATE] Score: 50.5/100.0 | Mech Qual: PASS (Weekly WMA Up, Daily DMA(50/100) Up (430.6>413.8), RSI(14) Bullish (66.4)) | VSA: Vol Ratio: 0.63x, Close Pos: 0.33 | Candidate Event: SOS (Bar vol_ratio=2.34x, spread_ratio=1.82x, close_pos=0.87. Candidate SOS: close=452.50 broke above range resistance=446.80 (+1.28%), strong close position=0.87 (threshold > 0.7), volume 2.34x avg (threshold >= 1.5x), spread 1.82x ATR) | P&F Target: ₹529.57 (+12.1% upside)",https://www.tradingview.com/chart/?symbol=NSE%3ATMCV&interval=D,https://www.tradingview.com/chart/?symbol=NSE%3ATMCV&interval=W,https://www.tradingview.com/chart/?symbol=NSE%3ATMCV&interval=75,pending,data/research_datasets/20260824,2026-08-24 10:05:13 UTC
THANGAMAYL,THANGAMAYL.NS,Thangamayil Jewellery Limited,2026-08-21,901,QUALIFIED_CANDIDATE,True,True,50.5,False,None,True,False,False,True,False,True,5487.5,47.1,5879.82,5025.58,,,0.63,0.475,,0.32,0.53,0.44,False,True,False,False,SC,2026-07-29,False,False,False,False,110,"Bar vol_ratio=2.72x, spread_ratio=1.98x, close_pos=0.00. Candidate SC: volume 2.72x 20-period avg (threshold >= 2.0x), spread 1.98x 20-period ATR (threshold >= 1.5x), down-close (Open=7229.00, Close=6452.00, close pos=0.00), Prior peak=7430.00, bar low=6452.00, decline=13.2% over prior 10 bars (threshold >= 3.0%)",6996.5,27.5,6,False,"[QUALIFIED_CANDIDATE] Score: 50.5/100.0 | Mech Qual: PASS (Weekly WMA Up, ATR Contraction (0.63<1.0)) | VSA: Vol Ratio: 0.32x, Close Pos: 0.44, No Demand | Candidate Event: SC (Bar vol_ratio=2.72x, spread_ratio=1.98x, close_pos=0.00. Candidate SC: volume 2.72x 20-period avg (threshold >= 2.0x), spread 1.98x 20-period ATR (threshold >= 1.5x), down-close (Open=7229.00, Close=6452.00, close pos=0.00), Prior peak=7430.00, bar low=6452.00, decline=13.2% over prior 10 bars (threshold >= 3.0%)) | P&F Target: ₹6996.50 (+27.5% upside)",https://www.tradingview.com/chart/?symbol=NSE%3ATHANGAMAYL&interval=D,https://www.tradingview.com/chart/?symbol=NSE%3ATHANGAMAYL&interval=W,https://www.tradingview.com/chart/?symbol=NSE%3ATHANGAMAYL&interval=75,pending,data/research_datasets/20260824,2026-08-24 10:05:13 UTC
SWIGGY,SWIGGY.NS,Swiggy Limited,2026-08-21,442,QUALIFIED_CANDIDATE,True,True,50.5,False,None,False,True,True,True,True,True,282.5,55.8,266.93,266.39,,,0.87,0.12,,0.54,0.82,0.69,False,False,False,False,ST,2026-08-13,False,False,False,False,82,"Bar vol_ratio=0.28x, spread_ratio=0.41x, close_pos=0.25. Candidate ST: retest of SC low area (SC low=285.00, bar low=278.60, diff=2.2%), volume 0.28x avg strictly lower than SC volume 2.00x, spread 0.41x ATR, close pos=0.25",374.65,32.6,8,False,"[QUALIFIED_CANDIDATE] Score: 50.5/100.0 | Mech Qual: PASS (Daily DMA(50/100) Up (266.9>266.4), RSI(14) Bullish (55.8), ATR Contraction (0.87<1.0), BBW Contraction) | VSA: Vol Ratio: 0.54x, Close Pos: 0.69 | Candidate Event: ST (Bar vol_ratio=0.28x, spread_ratio=0.41x, close_pos=0.25. Candidate ST: retest of SC low area (SC low=285.00, bar low=278.60, diff=2.2%), volume 0.28x avg strictly lower than SC volume 2.00x, spread 0.41x ATR, close pos=0.25) | P&F Target: ₹374.65 (+32.6% upside)",https://www.tradingview.com/chart/?symbol=NSE%3ASWIGGY&interval=D,https://www.tradingview.com/chart/?symbol=NSE%3ASWIGGY&interval=W,https://www.tradingview.com/chart/?symbol=NSE%3ASWIGGY&interval=75,pending,data/research_datasets/20260824,2026-08-24 10:05:13 UTC
SONACOMS,SONACOMS.NS,Sona BLW Precision Forgings Limited,2026-08-21,901,QUALIFIED_CANDIDATE,True,True,50.5,False,None,True,True,True,False,True,True,817.6,68.6,708.24,644.38,,,1.17,0.173,,0.76,0.88,0.78,False,False,False,False,SOS,2026-07-30,False,True,False,False,116,"Bar vol_ratio=2.61x, spread_ratio=2.59x, close_pos=0.92. Candidate SOS: close=763.75 broke above range resistance=741.65 (+2.98%), strong close position=0.92 (threshold > 0.7), volume 2.61x avg (threshold >= 1.5x), spread 2.59x ATR",1147.62,40.4,38,True,"[QUALIFIED_CANDIDATE] Score: 50.5/100.0 | Mech Qual: PASS (Weekly WMA Up, Daily DMA(50/100) Up (708.2>644.4), RSI(14) Bullish (68.6), BBW Contraction) | VSA: Vol Ratio: 0.76x, Close Pos: 0.78 | Candidate Event: SOS (Bar vol_ratio=2.61x, spread_ratio=2.59x, close_pos=0.92. Candidate SOS: close=763.75 broke above range resistance=741.65 (+2.98%), strong close position=0.92 (threshold > 0.7), volume 2.61x avg (threshold >= 1.5x), spread 2.59x ATR) | P&F Target: ₹1147.62 (+40.4% upside)",https://www.tradingview.com/chart/?symbol=NSE%3ASONACOMS&interval=D,https://www.tradingview.com/chart/?symbol=NSE%3ASONACOMS&interval=W,https://www.tradingview.com/chart/?symbol=NSE%3ASONACOMS&interval=75,pending,data/research_datasets/20260824,2026-08-24 10:05:13 UTC
SMLMAH,SMLMAH.NS,SML Mahindra Limited,2026-08-21,901,QUALIFIED_CANDIDATE,True,True,50.5,False,None,True,True,True,False,True,True,5324.0,60.1,4482.81,4162.63,,,1.26,0.4,,0.25,0.57,0.84,False,True,False,False,SOS,2026-07-30,False,True,False,False,109,"Bar vol_ratio=8.85x, spread_ratio=2.02x, close_pos=1.00. Candidate SOS: close=5479.20 broke above range resistance=4566.00 (+20.00%), strong close position=1.00 (threshold > 0.7), volume 8.85x avg (threshold >= 1.5x), spread 2.02x ATR",3746.71,-29.6,21,True,"[QUALIFIED_CANDIDATE] Score: 50.5/100.0 | Mech Qual: PASS (Weekly WMA Up, Daily DMA(50/100) Up (4482.8>4162.6), RSI(14) Bullish (60.1), BBW Contraction) | VSA: Vol Ratio: 0.25x, Close Pos: 0.84, No Demand | Candidate Event: SOS (Bar vol_ratio=8.85x, spread_ratio=2.02x, close_pos=1.00. Candidate SOS: close=5479.20 broke above range resistance=4566.00 (+20.00%), strong close position=1.00 (threshold > 0.7), volume 8.85x avg (threshold >= 1.5x), spread 2.02x ATR) | P&F Target: ₹3746.71 (+-29.6% upside)",https://www.tradingview.com/chart/?symbol=NSE%3ASMLMAH&interval=D,https://www.tradingview.com/chart/?symbol=NSE%3ASMLMAH&interval=W,https://www.tradingview.com/chart/?symbol=NSE%3ASMLMAH&interval=75,pending,data/research_datasets/20260824,2026-08-24 10:05:13 UTC
SIGMAADV,SIGMAADV.NS,SIGMA ADVANCED SYSTEMS LIMITED,2026-08-21,900,QUALIFIED_CANDIDATE,True,True,50.5,False,None,True,True,True,False,True,True,688.2,60.0,591.89,448.52,,,1.13,0.273,,2.17,1.13,0.76,False,False,False,False,SOS,2026-08-04,False,True,False,False,120,"Bar vol_ratio=1.71x, spread_ratio=0.70x, close_pos=0.97. Candidate SOS: close=686.80 broke above range resistance=654.70 (+4.90%), strong close position=0.97 (threshold > 0.7), volume 1.71x avg (threshold >= 1.5x), spread 0.70x ATR",462.45,-32.8,5,False,"[QUALIFIED_CANDIDATE] Score: 50.5/100.0 | Mech Qual: PASS (Weekly WMA Up, Daily DMA(50/100) Up (591.9>448.5), RSI(14) Bullish (60.0), BBW Contraction) | VSA: Vol Ratio: 2.17x, Close Pos: 0.76 | Candidate Event: SOS (Bar vol_ratio=1.71x, spread_ratio=0.70x, close_pos=0.97. Candidate SOS: close=686.80 broke above range resistance=654.70 (+4.90%), strong close position=0.97 (threshold > 0.7), volume 1.71x avg (threshold >= 1.5x), spread 0.70x ATR) | P&F Target: ₹462.45 (+-32.8% upside)",https://www.tradingview.com/chart/?symbol=NSE%3ASIGMAADV&interval=D,https://www.tradingview.com/chart/?symbol=NSE%3ASIGMAADV&interval=W,https://www.tradingview.com/chart/?symbol=NSE%3ASIGMAADV&interval=75,pending,data/research_datasets/20260824,2026-08-24 10:05:13 UTC
SHAILY,SHAILY.NS,Shaily Engineering Plastics Limited,2026-08-21,901,QUALIFIED_CANDIDATE,True,True,50.5,False,None,True,True,True,False,True,True,3321.0,59.9,2997.46,2771.93,,,1.2,0.194,,0.53,0.69,0.24,False,False,False,False,SOS,2026-08-06,False,True,False,False,108,"Bar vol_ratio=3.15x, spread_ratio=2.65x, close_pos=0.75. Candidate SOS: close=3366.30 broke above range resistance=3233.90 (+4.09%), strong close position=0.75 (threshold > 0.7), volume 3.15x avg (threshold >= 1.5x), spread 2.65x ATR",3022.4,-9.0,17,False,"[QUALIFIED_CANDIDATE] Score: 50.5/100.0 | Mech Qual: PASS (Weekly WMA Up, Daily DMA(50/100) Up (2997.5>2771.9), RSI(14) Bullish (59.9), BBW Contraction) | VSA: Vol Ratio: 0.53x, Close Pos: 0.24 | Candidate Event: SOS (Bar vol_ratio=3.15x, spread_ratio=2.65x, close_pos=0.75. Candidate SOS: close=3366.30 broke above range resistance=3233.90 (+4.09%), strong close position=0.75 (threshold > 0.7), volume 3.15x avg (threshold >= 1.5x), spread 2.65x ATR) | P&F Target: ₹3022.40 (+-9.0% upside)",https://www.tradingview.com/chart/?symbol=NSE%3ASHAILY&interval=D,https://www.tradingview.com/chart/?symbol=NSE%3ASHAILY&interval=W,https://www.tradingview.com/chart/?symbol=NSE%3ASHAILY&interval=75,pending,data/research_datasets/20260824,2026-08-24 10:05:13 UTC
SENORES,SENORES.NS,Senores Pharmaceuticals Limited,2026-08-21,412,QUALIFIED_CANDIDATE,True,True,50.5,False,None,True,True,True,False,False,True,1513.3,63.1,1381.23,1178.18,,,1.01,0.253,,0.33,0.72,0.42,False,False,False,False,LPS,2026-07-31,True,False,False,False,35,"Bar vol_ratio=0.50x, spread_ratio=0.61x, close_pos=0.33. Candidate LPS: higher low=1293.60 vs prior ST low=1279.70 (+1.1%), holding above range support=1001.00, low volume 0.50x avg (threshold < 0.75x), spread 0.61x ATR, close pos=0.33",1455.7,-3.8,10,False,"[QUALIFIED_CANDIDATE] Score: 50.5/100.0 | Mech Qual: PASS (Weekly WMA Up, Daily DMA(50/100) Up (1381.2>1178.2), RSI(14) Bullish (63.1)) | VSA: Vol Ratio: 0.33x, Close Pos: 0.42 | Candidate Event: LPS (Bar vol_ratio=0.50x, spread_ratio=0.61x, close_pos=0.33. Candidate LPS: higher low=1293.60 vs prior ST low=1279.70 (+1.1%), holding above range support=1001.00, low volume 0.50x avg (threshold < 0.75x), spread 0.61x ATR, close pos=0.33) | P&F Target: ₹1455.70 (+-3.8% upside)",https://www.tradingview.com/chart/?symbol=NSE%3ASENORES&interval=D,https://www.tradingview.com/chart/?symbol=NSE%3ASENORES&interval=W,https://www.tradingview.com/chart/?symbol=NSE%3ASENORES&interval=75,pending,data/research_datasets/20260824,2026-08-24 10:05:13 UTC
RRKABEL,RRKABEL.NS,R R Kabel Limited,2026-08-21,722,QUALIFIED_CANDIDATE,True,True,50.5,False,None,True,True,False,True,True,True,2919.3,72.1,2496.02,2137.22,,,0.91,0.174,,0.4,0.83,0.85,False,False,False,False,SOS,2026-08-05,False,True,False,False,103,"Bar vol_ratio=1.51x, spread_ratio=1.47x, close_pos=0.87. Candidate SOS: close=2793.00 broke above range resistance=2775.00 (+0.65%), strong close position=0.87 (threshold > 0.7), volume 1.51x avg (threshold >= 1.5x), spread 1.47x ATR",2678.3,-8.3,10,False,"[QUALIFIED_CANDIDATE] Score: 50.5/100.0 | Mech Qual: PASS (Weekly WMA Up, Daily DMA(50/100) Up (2496.0>2137.2), ATR Contraction (0.91<1.0), BBW Contraction) | VSA: Vol Ratio: 0.40x, Close Pos: 0.85 | Candidate Event: SOS (Bar vol_ratio=1.51x, spread_ratio=1.47x, close_pos=0.87. Candidate SOS: close=2793.00 broke above range resistance=2775.00 (+0.65%), strong close position=0.87 (threshold > 0.7), volume 1.51x avg (threshold >= 1.5x), spread 1.47x ATR) | P&F Target: ₹2678.30 (+-8.3% upside)",https://www.tradingview.com/chart/?symbol=NSE%3ARRKABEL&interval=D,https://www.tradingview.com/chart/?symbol=NSE%3ARRKABEL&interval=W,https://www.tradingview.com/chart/?symbol=NSE%3ARRKABEL&interval=75,pending,data/research_datasets/20260824,2026-08-24 10:05:13 UTC
RKFORGE,RKFORGE.NS,Ramkrishna Forgings Limited,2026-08-21,901,QUALIFIED_CANDIDATE,True,True,50.5,False,None,True,True,True,False,True,True,737.05,68.0,626.09,595.27,,,1.19,0.259,,0.24,0.57,0.2,False,False,True,False,SOS,2026-07-27,False,True,False,False,76,"Bar vol_ratio=5.77x, spread_ratio=2.13x, close_pos=0.75. Candidate SOS: close=625.45 broke above range resistance=607.00 (+3.04%), strong close position=0.75 (threshold > 0.7), volume 5.77x avg (threshold >= 1.5x), spread 2.13x ATR",1066.15,44.7,28,True,"[QUALIFIED_CANDIDATE] Score: 50.5/100.0 | Mech Qual: PASS (Weekly WMA Up, Daily DMA(50/100) Up (626.1>595.3), RSI(14) Bullish (68.0), BBW Contraction) | VSA: Vol Ratio: 0.24x, Close Pos: 0.20, No Supply (Dry-up) | Candidate Event: SOS (Bar vol_ratio=5.77x, spread_ratio=2.13x, close_pos=0.75. Candidate SOS: close=625.45 broke above range resistance=607.00 (+3.04%), strong close position=0.75 (threshold > 0.7), volume 5.77x avg (threshold >= 1.5x), spread 2.13x ATR) | P&F Target: ₹1066.15 (+44.7% upside)",https://www.tradingview.com/chart/?symbol=NSE%3ARKFORGE&interval=D,https://www.tradingview.com/chart/?symbol=NSE%3ARKFORGE&interval=W,https://www.tradingview.com/chart/?symbol=NSE%3ARKFORGE&interval=75,pending,data/research_datasets/20260824,2026-08-24 10:05:13 UTC
RADICO,RADICO.NS,Radico Khaitan Limited,2026-08-21,900,QUALIFIED_CANDIDATE,True,True,50.5,False,None,True,True,True,False,True,True,4639.8,67.1,4164.5,3737.31,,,1.0,0.136,,0.36,0.95,0.23,False,False,False,False,SOS,2026-07-28,False,True,False,False,90,"Bar vol_ratio=3.77x, spread_ratio=2.65x, close_pos=0.78. Candidate SOS: close=4289.70 broke above range resistance=4201.00 (+2.11%), strong close position=0.78 (threshold > 0.7), volume 3.77x avg (threshold >= 1.5x), spread 2.65x ATR",3253.29,-29.9,23,True,"[QUALIFIED_CANDIDATE] Score: 50.5/100.0 | Mech Qual: PASS (Weekly WMA Up, Daily DMA(50/100) Up (4164.5>3737.3), RSI(14) Bullish (67.1), BBW Contraction) | VSA: Vol Ratio: 0.36x, Close Pos: 0.23 | Candidate Event: SOS (Bar vol_ratio=3.77x, spread_ratio=2.65x, close_pos=0.78. Candidate SOS: close=4289.70 broke above range resistance=4201.00 (+2.11%), strong close position=0.78 (threshold > 0.7), volume 3.77x avg (threshold >= 1.5x), spread 2.65x ATR) | P&F Target: ₹3253.29 (+-29.9% upside)",https://www.tradingview.com/chart/?symbol=NSE%3ARADICO&interval=D,https://www.tradingview.com/chart/?symbol=NSE%3ARADICO&interval=W,https://www.tradingview.com/chart/?symbol=NSE%3ARADICO&interval=75,pending,data/research_datasets/20260824,2026-08-24 10:05:13 UTC
POLYCAB,POLYCAB.NS,Polycab India Limited,2026-08-21,901,QUALIFIED_CANDIDATE,True,True,50.5,False,None,True,False,False,True,True,True,8966.0,42.1,9336.3,8990.29,,,0.79,0.053,,1.21,1.26,0.05,False,False,False,False,LPS,2026-07-21,True,False,False,False,107,"Bar vol_ratio=0.59x, spread_ratio=0.47x, close_pos=0.60. Candidate LPS: higher low=8831.00 vs prior Spring low=8791.00 (+0.5%), holding above range support=8791.00, low volume 0.59x avg (threshold < 0.75x), spread 0.47x ATR, close pos=0.60",9394.47,4.8,30,True,"[QUALIFIED_CANDIDATE] Score: 50.5/100.0 | Mech Qual: PASS (Weekly WMA Up, ATR Contraction (0.79<1.0), BBW Contraction) | VSA: Vol Ratio: 1.21x, Close Pos: 0.05 | Candidate Event: LPS (Bar vol_ratio=0.59x, spread_ratio=0.47x, close_pos=0.60. Candidate LPS: higher low=8831.00 vs prior Spring low=8791.00 (+0.5%), holding above range support=8791.00, low volume 0.59x avg (threshold < 0.75x), spread 0.47x ATR, close pos=0.60) | P&F Target: ₹9394.47 (+4.8% upside)",https://www.tradingview.com/chart/?symbol=NSE%3APOLYCAB&interval=D,https://www.tradingview.com/chart/?symbol=NSE%3APOLYCAB&interval=W,https://www.tradingview.com/chart/?symbol=NSE%3APOLYCAB&interval=75,pending,data/research_datasets/20260824,2026-08-24 10:05:13 UTC
PIDILITIND,PIDILITIND.NS,Pidilite Industries Limited,2026-08-21,901,QUALIFIED_CANDIDATE,True,True,50.5,False,None,True,True,False,True,True,True,1649.0,52.4,1606.45,1509.48,,,0.98,0.069,,0.66,0.67,0.24,False,False,False,False,SOS,2026-08-05,False,True,False,False,95,"Bar vol_ratio=1.64x, spread_ratio=1.44x, close_pos=1.00. Candidate SOS: close=1665.00 broke above range resistance=1659.00 (+0.36%), strong close position=1.00 (threshold > 0.7), volume 1.64x avg (threshold >= 1.5x), spread 1.44x ATR",3276.19,98.7,61,True,"[QUALIFIED_CANDIDATE] Score: 50.5/100.0 | Mech Qual: PASS (Weekly WMA Up, Daily DMA(50/100) Up (1606.5>1509.5), ATR Contraction (0.98<1.0), BBW Contraction) | VSA: Vol Ratio: 0.66x, Close Pos: 0.24 | Candidate Event: SOS (Bar vol_ratio=1.64x, spread_ratio=1.44x, close_pos=1.00. Candidate SOS: close=1665.00 broke above range resistance=1659.00 (+0.36%), strong close position=1.00 (threshold > 0.7), volume 1.64x avg (threshold >= 1.5x), spread 1.44x ATR) | P&F Target: ₹3276.19 (+98.7% upside)",https://www.tradingview.com/chart/?symbol=NSE%3APIDILITIND&interval=D,https://www.tradingview.com/chart/?symbol=NSE%3APIDILITIND&interval=W,https://www.tradingview.com/chart/?symbol=NSE%3APIDILITIND&interval=75,pending,data/research_datasets/20260824,2026-08-24 10:05:13 UTC
PATELRMART,PATELRMART.NS,Patel Retail Limited,2026-08-21,248,QUALIFIED_CANDIDATE,True,True,50.5,False,None,False,True,True,True,False,True,234.11,59.8,222.24,210.39,,,0.98,0.096,,1.21,1.16,0.23,False,False,False,False,AR,2026-08-17,False,False,False,False,44,"Bar vol_ratio=1.54x, spread_ratio=1.70x, close_pos=0.94. Candidate AR: up bar 3 bar(s) after SC (SC date=2026-08-12 00:00:00, SC price=220.18), Open=218.07, Close=229.10, close pos=0.94, volume 1.54x avg (threshold >= 1.0x), spread 1.70x ATR",409.51,74.9,31,False,"[QUALIFIED_CANDIDATE] Score: 50.5/100.0 | Mech Qual: PASS (Daily DMA(50/100) Up (222.2>210.4), RSI(14) Bullish (59.8), ATR Contraction (0.98<1.0)) | VSA: Vol Ratio: 1.21x, Close Pos: 0.23 | Candidate Event: AR (Bar vol_ratio=1.54x, spread_ratio=1.70x, close_pos=0.94. Candidate AR: up bar 3 bar(s) after SC (SC date=2026-08-12 00:00:00, SC price=220.18), Open=218.07, Close=229.10, close pos=0.94, volume 1.54x avg (threshold >= 1.0x), spread 1.70x ATR) | P&F Target: ₹409.51 (+74.9% upside)",https://www.tradingview.com/chart/?symbol=NSE%3APATELRMART&interval=D,https://www.tradingview.com/chart/?symbol=NSE%3APATELRMART&interval=W,https://www.tradingview.com/chart/?symbol=NSE%3APATELRMART&interval=75,pending,data/research_datasets/20260824,2026-08-24 10:05:13 UTC
PARADEEP,PARADEEP.NS,Paradeep Phosphates Limited,2026-08-21,901,QUALIFIED_CANDIDATE,True,True,50.5,False,None,False,True,True,True,True,True,148.48,55.2,142.02,133.78,,,0.83,0.122,,0.15,0.55,0.25,False,False,True,False,SOS,2026-07-29,False,True,False,False,100,"Bar vol_ratio=13.84x, spread_ratio=3.08x, close_pos=0.83. Candidate SOS: close=156.54 broke above range resistance=149.20 (+4.92%), strong close position=0.83 (threshold > 0.7), volume 13.84x avg (threshold >= 1.5x), spread 3.08x ATR",146.28,-1.5,21,True,"[QUALIFIED_CANDIDATE] Score: 50.5/100.0 | Mech Qual: PASS (Daily DMA(50/100) Up (142.0>133.8), RSI(14) Bullish (55.2), ATR Contraction (0.83<1.0), BBW Contraction) | VSA: Vol Ratio: 0.15x, Close Pos: 0.25, No Supply (Dry-up) | Candidate Event: SOS (Bar vol_ratio=13.84x, spread_ratio=3.08x, close_pos=0.83. Candidate SOS: close=156.54 broke above range resistance=149.20 (+4.92%), strong close position=0.83 (threshold > 0.7), volume 13.84x avg (threshold >= 1.5x), spread 3.08x ATR) | P&F Target: ₹146.28 (+-1.5% upside)",https://www.tradingview.com/chart/?symbol=NSE%3APARADEEP&interval=D,https://www.tradingview.com/chart/?symbol=NSE%3APARADEEP&interval=W,https://www.tradingview.com/chart/?symbol=NSE%3APARADEEP&interval=75,pending,data/research_datasets/20260824,2026-08-24 10:05:13 UTC
OAL,OAL.NS,Oriental Aromatics Limited,2026-08-21,900,QUALIFIED_CANDIDATE,True,True,50.5,False,None,True,False,False,True,False,True,339.85,41.5,349.11,326.95,,,0.78,0.197,,0.18,0.7,0.66,False,False,False,False,SOS,2026-07-29,False,True,False,False,118,"Bar vol_ratio=2.06x, spread_ratio=1.69x, close_pos=0.95. Candidate SOS: close=397.93 broke above range resistance=394.38 (+0.90%), strong close position=0.95 (threshold > 0.7), volume 2.06x avg (threshold >= 1.5x), spread 1.69x ATR",350.12,3.0,7,True,"[QUALIFIED_CANDIDATE] Score: 50.5/100.0 | Mech Qual: PASS (Weekly WMA Up, ATR Contraction (0.78<1.0)) | VSA: Vol Ratio: 0.18x, Close Pos: 0.66 | Candidate Event: SOS (Bar vol_ratio=2.06x, spread_ratio=1.69x, close_pos=0.95. Candidate SOS: close=397.93 broke above range resistance=394.38 (+0.90%), strong close position=0.95 (threshold > 0.7), volume 2.06x avg (threshold >= 1.5x), spread 1.69x ATR) | P&F Target: ₹350.12 (+3.0% upside)",https://www.tradingview.com/chart/?symbol=NSE%3AOAL&interval=D,https://www.tradingview.com/chart/?symbol=NSE%3AOAL&interval=W,https://www.tradingview.com/chart/?symbol=NSE%3AOAL&interval=75,pending,data/research_datasets/20260824,2026-08-24 10:05:13 UTC
NAVINFLUOR,NAVINFLUOR.NS,Navin Fluorine International Limited,2026-08-21,900,QUALIFIED_CANDIDATE,True,True,50.5,False,None,True,True,True,False,False,True,8206.5,57.0,7747.93,7253.17,,,1.22,0.182,,0.38,1.1,0.23,False,False,False,False,SOS,2026-08-06,False,True,False,False,94,"Bar vol_ratio=12.37x, spread_ratio=3.92x, close_pos=0.87. Candidate SOS: close=8650.00 broke above range resistance=7936.00 (+9.00%), strong close position=0.87 (threshold > 0.7), volume 12.37x avg (threshold >= 1.5x), spread 3.92x ATR",7361.51,-10.3,6,True,"[QUALIFIED_CANDIDATE] Score: 50.5/100.0 | Mech Qual: PASS (Weekly WMA Up, Daily DMA(50/100) Up (7747.9>7253.2), RSI(14) Bullish (57.0)) | VSA: Vol Ratio: 0.38x, Close Pos: 0.23 | Candidate Event: SOS (Bar vol_ratio=12.37x, spread_ratio=3.92x, close_pos=0.87. Candidate SOS: close=8650.00 broke above range resistance=7936.00 (+9.00%), strong close position=0.87 (threshold > 0.7), volume 12.37x avg (threshold >= 1.5x), spread 3.92x ATR) | P&F Target: ₹7361.51 (+-10.3% upside)",https://www.tradingview.com/chart/?symbol=NSE%3ANAVINFLUOR&interval=D,https://www.tradingview.com/chart/?symbol=NSE%3ANAVINFLUOR&interval=W,https://www.tradingview.com/chart/?symbol=NSE%3ANAVINFLUOR&interval=75,pending,data/research_datasets/20260824,2026-08-24 10:05:13 UTC
LT,LT.NS,Larsen & Toubro Limited,2026-08-21,901,QUALIFIED_CANDIDATE,True,True,50.5,False,None,False,True,True,True,True,True,4093.0,60.4,4014.03,3980.35,,,0.78,0.081,,0.79,0.67,0.82,False,False,False,False,LPS,2026-07-27,True,False,False,False,93,"Bar vol_ratio=0.72x, spread_ratio=0.57x, close_pos=0.19. Candidate LPS: higher low=3798.70 vs prior Spring low=3720.00 (+2.1%), holding above range support=3720.00, low volume 0.72x avg (threshold < 0.75x), spread 0.57x ATR, close pos=0.19",7070.21,72.7,60,True,"[QUALIFIED_CANDIDATE] Score: 50.5/100.0 | Mech Qual: PASS (Daily DMA(50/100) Up (4014.0>3980.3), RSI(14) Bullish (60.4), ATR Contraction (0.78<1.0), BBW Contraction) | VSA: Vol Ratio: 0.79x, Close Pos: 0.82 | Candidate Event: LPS (Bar vol_ratio=0.72x, spread_ratio=0.57x, close_pos=0.19. Candidate LPS: higher low=3798.70 vs prior Spring low=3720.00 (+2.1%), holding above range support=3720.00, low volume 0.72x avg (threshold < 0.75x), spread 0.57x ATR, close pos=0.19) | P&F Target: ₹7070.21 (+72.7% upside)",https://www.tradingview.com/chart/?symbol=NSE%3ALT&interval=D,https://www.tradingview.com/chart/?symbol=NSE%3ALT&interval=W,https://www.tradingview.com/chart/?symbol=NSE%3ALT&interval=75,pending,data/research_datasets/20260824,2026-08-24 10:05:13 UTC
LODHA,LODHA.NS,Lodha Developers Limited,2026-08-21,901,QUALIFIED_CANDIDATE,True,True,50.5,False,None,False,True,True,True,True,True,1242.0,58.6,1125.87,998.26,,,0.83,0.097,,0.63,0.7,0.33,False,False,False,False,SOS,2026-07-28,False,True,False,False,126,"Bar vol_ratio=3.12x, spread_ratio=1.73x, close_pos=0.83. Candidate SOS: close=1296.84 broke above range resistance=1220.91 (+6.22%), strong close position=0.83 (threshold > 0.7), volume 3.12x avg (threshold >= 1.5x), spread 1.73x ATR",1056.79,-14.9,18,True,"[QUALIFIED_CANDIDATE] Score: 50.5/100.0 | Mech Qual: PASS (Daily DMA(50/100) Up (1125.9>998.3), RSI(14) Bullish (58.6), ATR Contraction (0.83<1.0), BBW Contraction) | VSA: Vol Ratio: 0.63x, Close Pos: 0.33 | Candidate Event: SOS (Bar vol_ratio=3.12x, spread_ratio=1.73x, close_pos=0.83. Candidate SOS: close=1296.84 broke above range resistance=1220.91 (+6.22%), strong close position=0.83 (threshold > 0.7), volume 3.12x avg (threshold >= 1.5x), spread 1.73x ATR) | P&F Target: ₹1056.79 (+-14.9% upside)",https://www.tradingview.com/chart/?symbol=NSE%3ALODHA&interval=D,https://www.tradingview.com/chart/?symbol=NSE%3ALODHA&interval=W,https://www.tradingview.com/chart/?symbol=NSE%3ALODHA&interval=75,pending,data/research_datasets/20260824,2026-08-24 10:05:13 UTC
LLOYDSME,LLOYDSME.NS,Lloyds Metals And Energy Limited,2026-08-21,769,QUALIFIED_CANDIDATE,True,True,50.5,False,None,True,False,False,True,True,True,1865.9,41.6,1877.63,1786.01,,,0.96,0.145,,0.54,0.82,0.33,False,False,False,False,SOS,2026-07-27,False,True,False,False,76,"Bar vol_ratio=2.75x, spread_ratio=1.71x, close_pos=0.80. Candidate SOS: close=2014.90 broke above range resistance=1950.00 (+3.33%), strong close position=0.80 (threshold > 0.7), volume 2.75x avg (threshold >= 1.5x), spread 1.71x ATR",2012.95,7.9,17,True,"[QUALIFIED_CANDIDATE] Score: 50.5/100.0 | Mech Qual: PASS (Weekly WMA Up, ATR Contraction (0.96<1.0), BBW Contraction) | VSA: Vol Ratio: 0.54x, Close Pos: 0.33 | Candidate Event: SOS (Bar vol_ratio=2.75x, spread_ratio=1.71x, close_pos=0.80. Candidate SOS: close=2014.90 broke above range resistance=1950.00 (+3.33%), strong close position=0.80 (threshold > 0.7), volume 2.75x avg (threshold >= 1.5x), spread 1.71x ATR) | P&F Target: ₹2012.95 (+7.9% upside)",https://www.tradingview.com/chart/?symbol=NSE%3ALLOYDSME&interval=D,https://www.tradingview.com/chart/?symbol=NSE%3ALLOYDSME&interval=W,https://www.tradingview.com/chart/?symbol=NSE%3ALLOYDSME&interval=75,pending,data/research_datasets/20260824,2026-08-24 10:05:13 UTC
LLOYDSENT,LLOYDSENT.NS,Lloyds Enterprises Limited,2026-08-21,460,QUALIFIED_CANDIDATE,True,True,50.5,False,None,True,True,False,True,True,True,77.59,47.8,77.57,72.07,,,0.91,0.105,,0.67,0.72,0.19,False,False,False,False,SOS,2026-07-20,False,True,False,False,52,"Bar vol_ratio=2.83x, spread_ratio=1.88x, close_pos=0.77. Candidate SOS: close=82.23 broke above range resistance=81.50 (+0.90%), strong close position=0.77 (threshold > 0.7), volume 2.83x avg (threshold >= 1.5x), spread 1.88x ATR",125.04,61.2,24,True,"[QUALIFIED_CANDIDATE] Score: 50.5/100.0 | Mech Qual: PASS (Weekly WMA Up, Daily DMA(50/100) Up (77.6>72.1), ATR Contraction (0.91<1.0), BBW Contraction) | VSA: Vol Ratio: 0.67x, Close Pos: 0.19 | Candidate Event: SOS (Bar vol_ratio=2.83x, spread_ratio=1.88x, close_pos=0.77. Candidate SOS: close=82.23 broke above range resistance=81.50 (+0.90%), strong close position=0.77 (threshold > 0.7), volume 2.83x avg (threshold >= 1.5x), spread 1.88x ATR) | P&F Target: ₹125.04 (+61.2% upside)",https://www.tradingview.com/chart/?symbol=NSE%3ALLOYDSENT&interval=D,https://www.tradingview.com/chart/?symbol=NSE%3ALLOYDSENT&interval=W,https://www.tradingview.com/chart/?symbol=NSE%3ALLOYDSENT&interval=75,pending,data/research_datasets/20260824,2026-08-24 10:05:13 UTC
KRISHANA,KRISHANA.NS,Krishana Phoschem Limited,2026-08-21,901,QUALIFIED_CANDIDATE,True,True,50.5,False,None,True,True,False,True,True,True,198.41,77.7,157.68,143.63,,,0.87,0.202,,0.4,0.81,0.61,False,False,False,False,SOS,2026-07-30,False,True,False,False,153,"Bar vol_ratio=2.55x, spread_ratio=2.07x, close_pos=0.91. Candidate SOS: close=180.05 broke above range resistance=174.00 (+3.48%), strong close position=0.91 (threshold > 0.7), volume 2.55x avg (threshold >= 1.5x), spread 2.07x ATR",151.45,-23.7,15,False,"[QUALIFIED_CANDIDATE] Score: 50.5/100.0 | Mech Qual: PASS (Weekly WMA Up, Daily DMA(50/100) Up (157.7>143.6), ATR Contraction (0.87<1.0), BBW Contraction) | VSA: Vol Ratio: 0.40x, Close Pos: 0.61 | Candidate Event: SOS (Bar vol_ratio=2.55x, spread_ratio=2.07x, close_pos=0.91. Candidate SOS: close=180.05 broke above range resistance=174.00 (+3.48%), strong close position=0.91 (threshold > 0.7), volume 2.55x avg (threshold >= 1.5x), spread 2.07x ATR) | P&F Target: ₹151.45 (+-23.7% upside)",https://www.tradingview.com/chart/?symbol=NSE%3AKRISHANA&interval=D,https://www.tradingview.com/chart/?symbol=NSE%3AKRISHANA&interval=W,https://www.tradingview.com/chart/?symbol=NSE%3AKRISHANA&interval=75,pending,data/research_datasets/20260824,2026-08-24 10:05:13 UTC
KIRLOSIND,KIRLOSIND.NS,Kirloskar Industries Limited,2026-08-21,900,QUALIFIED_CANDIDATE,True,True,50.5,False,None,True,False,False,True,True,True,3685.0,42.6,3850.32,3490.31,,,0.72,0.075,,0.21,0.57,0.15,False,False,True,False,SC,2026-08-12,False,False,False,False,131,"Bar vol_ratio=7.55x, spread_ratio=2.73x, close_pos=0.68. Candidate SC: volume 7.55x 20-period avg (threshold >= 2.0x), spread 2.73x 20-period ATR (threshold >= 1.5x), down-close (Open=3798.00, Close=3769.00, close pos=0.68), Prior peak=4053.78, bar low=3550.10, decline=12.4% over prior 10 bars (threshold >= 3.0%)",6501.32,76.4,41,False,"[QUALIFIED_CANDIDATE] Score: 50.5/100.0 | Mech Qual: PASS (Weekly WMA Up, ATR Contraction (0.72<1.0), BBW Contraction) | VSA: Vol Ratio: 0.21x, Close Pos: 0.15, No Supply (Dry-up) | Candidate Event: SC (Bar vol_ratio=7.55x, spread_ratio=2.73x, close_pos=0.68. Candidate SC: volume 7.55x 20-period avg (threshold >= 2.0x), spread 2.73x 20-period ATR (threshold >= 1.5x), down-close (Open=3798.00, Close=3769.00, close pos=0.68), Prior peak=4053.78, bar low=3550.10, decline=12.4% over prior 10 bars (threshold >= 3.0%)) | P&F Target: ₹6501.32 (+76.4% upside)",https://www.tradingview.com/chart/?symbol=NSE%3AKIRLOSIND&interval=D,https://www.tradingview.com/chart/?symbol=NSE%3AKIRLOSIND&interval=W,https://www.tradingview.com/chart/?symbol=NSE%3AKIRLOSIND&interval=75,pending,data/research_datasets/20260824,2026-08-24 10:05:13 UTC
JASH,JASH.NS,Jash Engineering Limited,2026-08-21,899,QUALIFIED_CANDIDATE,True,True,50.5,False,None,True,False,False,True,True,True,472.5,39.5,507.74,458.56,,,0.77,0.093,,1.08,1.0,0.24,False,False,False,False,ST,2026-08-14,False,False,False,False,105,"Bar vol_ratio=0.50x, spread_ratio=0.57x, close_pos=0.79. Candidate ST: retest of SC low area (SC low=473.90, bar low=482.55, diff=1.8%), volume 0.50x avg strictly lower than SC volume 2.91x, spread 0.57x ATR, close pos=0.79",811.35,71.7,50,False,"[QUALIFIED_CANDIDATE] Score: 50.5/100.0 | Mech Qual: PASS (Weekly WMA Up, ATR Contraction (0.77<1.0), BBW Contraction) | VSA: Vol Ratio: 1.08x, Close Pos: 0.24 | Candidate Event: ST (Bar vol_ratio=0.50x, spread_ratio=0.57x, close_pos=0.79. Candidate ST: retest of SC low area (SC low=473.90, bar low=482.55, diff=1.8%), volume 0.50x avg strictly lower than SC volume 2.91x, spread 0.57x ATR, close pos=0.79) | P&F Target: ₹811.35 (+71.7% upside)",https://www.tradingview.com/chart/?symbol=NSE%3AJASH&interval=D,https://www.tradingview.com/chart/?symbol=NSE%3AJASH&interval=W,https://www.tradingview.com/chart/?symbol=NSE%3AJASH&interval=75,pending,data/research_datasets/20260824,2026-08-24 10:05:13 UTC
INGERRAND,INGERRAND.NS,Ingersoll Rand (India) Limited,2026-08-21,901,QUALIFIED_CANDIDATE,True,True,50.5,False,None,True,True,True,False,False,True,4660.6,59.8,4454.25,4299.63,,,1.11,0.143,,0.5,0.61,0.53,False,False,False,False,AR,2026-08-18,False,False,False,False,87,"Bar vol_ratio=1.48x, spread_ratio=1.72x, close_pos=0.86. Candidate AR: up bar 1 bar(s) after SC (SC date=2026-08-17 00:00:00, SC price=4477.20), Open=4477.30, Close=4691.00, close pos=0.86, volume 1.48x avg (threshold >= 1.0x), spread 1.72x ATR",7306.48,56.8,53,False,"[QUALIFIED_CANDIDATE] Score: 50.5/100.0 | Mech Qual: PASS (Weekly WMA Up, Daily DMA(50/100) Up (4454.2>4299.6), RSI(14) Bullish (59.8)) | VSA: Vol Ratio: 0.50x, Close Pos: 0.53 | Candidate Event: AR (Bar vol_ratio=1.48x, spread_ratio=1.72x, close_pos=0.86. Candidate AR: up bar 1 bar(s) after SC (SC date=2026-08-17 00:00:00, SC price=4477.20), Open=4477.30, Close=4691.00, close pos=0.86, volume 1.48x avg (threshold >= 1.0x), spread 1.72x ATR) | P&F Target: ₹7306.48 (+56.8% upside)",https://www.tradingview.com/chart/?symbol=NSE%3AINGERRAND&interval=D,https://www.tradingview.com/chart/?symbol=NSE%3AINGERRAND&interval=W,https://www.tradingview.com/chart/?symbol=NSE%3AINGERRAND&interval=75,pending,data/research_datasets/20260824,2026-08-24 10:05:13 UTC
GSPCROP,GSPCROP.NS,GSP Crop Science Limited,2026-08-21,105,QUALIFIED_CANDIDATE,True,True,50.5,False,None,False,True,False,True,True,True,594.0,70.0,499.35,460.74,,,0.68,0.086,,0.46,0.8,0.59,False,False,False,False,SOS,2026-07-23,False,True,False,False,25,"Bar vol_ratio=1.91x, spread_ratio=2.16x, close_pos=0.82. Candidate SOS: close=546.20 broke above range resistance=514.20 (+6.22%), strong close position=0.82 (threshold > 0.7), volume 1.91x avg (threshold >= 1.5x), spread 2.16x ATR",504.9,-15.0,1,False,"[QUALIFIED_CANDIDATE] Score: 50.5/100.0 | Mech Qual: PASS (Daily DMA(50/100) Up (499.4>460.7), ATR Contraction (0.68<1.0), BBW Contraction) | VSA: Vol Ratio: 0.46x, Close Pos: 0.59 | Candidate Event: SOS (Bar vol_ratio=1.91x, spread_ratio=2.16x, close_pos=0.82. Candidate SOS: close=546.20 broke above range resistance=514.20 (+6.22%), strong close position=0.82 (threshold > 0.7), volume 1.91x avg (threshold >= 1.5x), spread 2.16x ATR) | P&F Target: ₹504.90 (+-15.0% upside)",https://www.tradingview.com/chart/?symbol=NSE%3AGSPCROP&interval=D,https://www.tradingview.com/chart/?symbol=NSE%3AGSPCROP&interval=W,https://www.tradingview.com/chart/?symbol=NSE%3AGSPCROP&interval=75,pending,data/research_datasets/20260824,2026-08-24 10:05:13 UTC
GARFIBRES,GARFIBRES.NS,Garware Technical Fibres Limited,2026-08-21,900,QUALIFIED_CANDIDATE,True,True,50.5,False,None,True,True,True,False,False,True,802.6,59.3,751.2,695.0,,,1.24,0.153,,2.15,1.9,0.89,False,False,False,False,SOS,2026-08-06,False,True,False,False,121,"Bar vol_ratio=7.11x, spread_ratio=3.33x, close_pos=0.75. Candidate SOS: close=838.85 broke above range resistance=818.65 (+2.47%), strong close position=0.75 (threshold > 0.7), volume 7.11x avg (threshold >= 1.5x), spread 3.33x ATR",1404.45,75.0,52,True,"[QUALIFIED_CANDIDATE] Score: 50.5/100.0 | Mech Qual: PASS (Weekly WMA Up, Daily DMA(50/100) Up (751.2>695.0), RSI(14) Bullish (59.3)) | VSA: Vol Ratio: 2.15x, Close Pos: 0.89 | Candidate Event: SOS (Bar vol_ratio=7.11x, spread_ratio=3.33x, close_pos=0.75. Candidate SOS: close=838.85 broke above range resistance=818.65 (+2.47%), strong close position=0.75 (threshold > 0.7), volume 7.11x avg (threshold >= 1.5x), spread 3.33x ATR) | P&F Target: ₹1404.45 (+75.0% upside)",https://www.tradingview.com/chart/?symbol=NSE%3AGARFIBRES&interval=D,https://www.tradingview.com/chart/?symbol=NSE%3AGARFIBRES&interval=W,https://www.tradingview.com/chart/?symbol=NSE%3AGARFIBRES&interval=75,pending,data/research_datasets/20260824,2026-08-24 10:05:13 UTC
FEDERALBNK,FEDERALBNK.NS,The Federal Bank  Limited,2026-08-21,901,QUALIFIED_CANDIDATE,True,True,50.5,False,None,True,True,True,False,True,True,361.0,60.8,340.78,315.41,,,1.01,0.047,,1.02,0.9,1.0,False,False,False,False,SOS,2026-07-17,False,True,False,False,96,"Bar vol_ratio=5.42x, spread_ratio=4.00x, close_pos=0.93. Candidate SOS: close=347.81 broke above range resistance=335.35 (+3.71%), strong close position=0.93 (threshold > 0.7), volume 5.42x avg (threshold >= 1.5x), spread 4.00x ATR",308.08,-14.7,3,False,"[QUALIFIED_CANDIDATE] Score: 50.5/100.0 | Mech Qual: PASS (Weekly WMA Up, Daily DMA(50/100) Up (340.8>315.4), RSI(14) Bullish (60.8), BBW Contraction) | VSA: Vol Ratio: 1.02x, Close Pos: 1.00 | Candidate Event: SOS (Bar vol_ratio=5.42x, spread_ratio=4.00x, close_pos=0.93. Candidate SOS: close=347.81 broke above range resistance=335.35 (+3.71%), strong close position=0.93 (threshold > 0.7), volume 5.42x avg (threshold >= 1.5x), spread 4.00x ATR) | P&F Target: ₹308.08 (+-14.7% upside)",https://www.tradingview.com/chart/?symbol=NSE%3AFEDERALBNK&interval=D,https://www.tradingview.com/chart/?symbol=NSE%3AFEDERALBNK&interval=W,https://www.tradingview.com/chart/?symbol=NSE%3AFEDERALBNK&interval=75,pending,data/research_datasets/20260824,2026-08-24 10:05:13 UTC
ETERNAL,ETERNAL.NS,ETERNAL LIMITED,2026-08-21,901,QUALIFIED_CANDIDATE,True,True,50.5,False,None,False,True,True,True,True,True,328.0,69.5,290.59,269.14,,,0.81,0.093,,1.09,0.9,0.51,False,False,False,False,SOS,2026-07-28,False,True,False,False,107,"Bar vol_ratio=1.71x, spread_ratio=1.53x, close_pos=0.90. Candidate SOS: close=308.35 broke above range resistance=300.35 (+2.66%), strong close position=0.90 (threshold > 0.7), volume 1.71x avg (threshold >= 1.5x), spread 1.53x ATR",358.03,9.2,37,True,"[QUALIFIED_CANDIDATE] Score: 50.5/100.0 | Mech Qual: PASS (Daily DMA(50/100) Up (290.6>269.1), RSI(14) Bullish (69.5), ATR Contraction (0.81<1.0), BBW Contraction) | VSA: Vol Ratio: 1.09x, Close Pos: 0.51 | Candidate Event: SOS (Bar vol_ratio=1.71x, spread_ratio=1.53x, close_pos=0.90. Candidate SOS: close=308.35 broke above range resistance=300.35 (+2.66%), strong close position=0.90 (threshold > 0.7), volume 1.71x avg (threshold >= 1.5x), spread 1.53x ATR) | P&F Target: ₹358.03 (+9.2% upside)",https://www.tradingview.com/chart/?symbol=NSE%3AETERNAL&interval=D,https://www.tradingview.com/chart/?symbol=NSE%3AETERNAL&interval=W,https://www.tradingview.com/chart/?symbol=NSE%3AETERNAL&interval=75,pending,data/research_datasets/20260824,2026-08-24 10:05:13 UTC
DIVISLAB,DIVISLAB.NS,Divi's Laboratories Limited,2026-08-21,900,QUALIFIED_CANDIDATE,True,True,50.5,False,None,True,True,False,True,True,True,8597.0,73.8,7436.74,6956.61,,,0.96,0.18,,0.34,0.55,0.88,False,True,False,False,SOS,2026-08-03,False,True,False,False,84,"Bar vol_ratio=3.12x, spread_ratio=2.47x, close_pos=1.00. Candidate SOS: close=8585.00 broke above range resistance=8090.00 (+6.12%), strong close position=1.00 (threshold > 0.7), volume 3.12x avg (threshold >= 1.5x), spread 2.47x ATR",8322.09,-3.2,36,True,"[QUALIFIED_CANDIDATE] Score: 50.5/100.0 | Mech Qual: PASS (Weekly WMA Up, Daily DMA(50/100) Up (7436.7>6956.6), ATR Contraction (0.96<1.0), BBW Contraction) | VSA: Vol Ratio: 0.34x, Close Pos: 0.88, No Demand | Candidate Event: SOS (Bar vol_ratio=3.12x, spread_ratio=2.47x, close_pos=1.00. Candidate SOS: close=8585.00 broke above range resistance=8090.00 (+6.12%), strong close position=1.00 (threshold > 0.7), volume 3.12x avg (threshold >= 1.5x), spread 2.47x ATR) | P&F Target: ₹8322.09 (+-3.2% upside)",https://www.tradingview.com/chart/?symbol=NSE%3ADIVISLAB&interval=D,https://www.tradingview.com/chart/?symbol=NSE%3ADIVISLAB&interval=W,https://www.tradingview.com/chart/?symbol=NSE%3ADIVISLAB&interval=75,pending,data/research_datasets/20260824,2026-08-24 10:05:13 UTC
DEEPINDS,DEEPINDS.NS,Deep Industries Limited,2026-08-21,901,QUALIFIED_CANDIDATE,True,True,50.5,False,None,True,True,True,False,True,True,688.05,65.4,534.33,505.5,,,1.38,0.371,,0.54,1.34,0.69,False,False,False,False,SOS,2026-08-03,False,True,False,False,96,"Bar vol_ratio=4.43x, spread_ratio=1.66x, close_pos=0.88. Candidate SOS: close=646.83 broke above range resistance=597.62 (+8.23%), strong close position=0.88 (threshold > 0.7), volume 4.43x avg (threshold >= 1.5x), spread 1.66x ATR",690.76,0.4,74,True,"[QUALIFIED_CANDIDATE] Score: 50.5/100.0 | Mech Qual: PASS (Weekly WMA Up, Daily DMA(50/100) Up (534.3>505.5), RSI(14) Bullish (65.4), BBW Contraction) | VSA: Vol Ratio: 0.54x, Close Pos: 0.69 | Candidate Event: SOS (Bar vol_ratio=4.43x, spread_ratio=1.66x, close_pos=0.88. Candidate SOS: close=646.83 broke above range resistance=597.62 (+8.23%), strong close position=0.88 (threshold > 0.7), volume 4.43x avg (threshold >= 1.5x), spread 1.66x ATR) | P&F Target: ₹690.76 (+0.4% upside)",https://www.tradingview.com/chart/?symbol=NSE%3ADEEPINDS&interval=D,https://www.tradingview.com/chart/?symbol=NSE%3ADEEPINDS&interval=W,https://www.tradingview.com/chart/?symbol=NSE%3ADEEPINDS&interval=75,pending,data/research_datasets/20260824,2026-08-24 10:05:13 UTC
CRISIL,CRISIL.NS,Crisil Limited,2026-08-21,901,QUALIFIED_CANDIDATE,True,True,50.5,False,None,False,True,True,True,True,True,4514.5,57.7,4263.94,4163.62,,,0.94,0.059,,0.48,0.59,0.69,False,True,False,False,SOS,2026-07-22,False,True,False,False,116,"Bar vol_ratio=5.47x, spread_ratio=2.53x, close_pos=0.84. Candidate SOS: close=4484.86 broke above range resistance=4330.02 (+3.58%), strong close position=0.84 (threshold > 0.7), volume 5.47x avg (threshold >= 1.5x), spread 2.53x ATR",7665.81,69.8,53,True,"[QUALIFIED_CANDIDATE] Score: 50.5/100.0 | Mech Qual: PASS (Daily DMA(50/100) Up (4263.9>4163.6), RSI(14) Bullish (57.7), ATR Contraction (0.94<1.0), BBW Contraction) | VSA: Vol Ratio: 0.48x, Close Pos: 0.69, No Demand | Candidate Event: SOS (Bar vol_ratio=5.47x, spread_ratio=2.53x, close_pos=0.84. Candidate SOS: close=4484.86 broke above range resistance=4330.02 (+3.58%), strong close position=0.84 (threshold > 0.7), volume 5.47x avg (threshold >= 1.5x), spread 2.53x ATR) | P&F Target: ₹7665.81 (+69.8% upside)",https://www.tradingview.com/chart/?symbol=NSE%3ACRISIL&interval=D,https://www.tradingview.com/chart/?symbol=NSE%3ACRISIL&interval=W,https://www.tradingview.com/chart/?symbol=NSE%3ACRISIL&interval=75,pending,data/research_datasets/20260824,2026-08-24 10:05:13 UTC
CRAFTSMAN,CRAFTSMAN.NS,Craftsman Automation Limited,2026-08-21,899,QUALIFIED_CANDIDATE,True,True,50.5,False,None,True,True,True,False,False,True,10644.5,62.7,9698.09,8930.12,,,1.08,0.161,,0.37,0.65,0.57,False,False,False,False,SOS,2026-07-30,False,True,False,False,114,"Bar vol_ratio=2.31x, spread_ratio=2.18x, close_pos=0.78. Candidate SOS: close=10047.00 broke above range resistance=10037.00 (+0.10%), strong close position=0.78 (threshold > 0.7), volume 2.31x avg (threshold >= 1.5x), spread 2.18x ATR",9156.56,-14.0,5,True,"[QUALIFIED_CANDIDATE] Score: 50.5/100.0 | Mech Qual: PASS (Weekly WMA Up, Daily DMA(50/100) Up (9698.1>8930.1), RSI(14) Bullish (62.7)) | VSA: Vol Ratio: 0.37x, Close Pos: 0.57 | Candidate Event: SOS (Bar vol_ratio=2.31x, spread_ratio=2.18x, close_pos=0.78. Candidate SOS: close=10047.00 broke above range resistance=10037.00 (+0.10%), strong close position=0.78 (threshold > 0.7), volume 2.31x avg (threshold >= 1.5x), spread 2.18x ATR) | P&F Target: ₹9156.56 (+-14.0% upside)",https://www.tradingview.com/chart/?symbol=NSE%3ACRAFTSMAN&interval=D,https://www.tradingview.com/chart/?symbol=NSE%3ACRAFTSMAN&interval=W,https://www.tradingview.com/chart/?symbol=NSE%3ACRAFTSMAN&interval=75,pending,data/research_datasets/20260824,2026-08-24 10:05:13 UTC
CGPOWER,CGPOWER.NS,CG Power and Industrial Solutions Limited,2026-08-21,901,QUALIFIED_CANDIDATE,True,True,50.5,False,None,True,False,False,True,True,True,867.0,45.1,905.43,869.81,,,0.74,0.098,,0.4,0.71,0.13,False,False,False,False,LPS,2026-08-05,True,False,False,False,100,"Bar vol_ratio=0.54x, spread_ratio=0.49x, close_pos=0.83. Candidate LPS: higher low=877.90 vs prior Spring low=814.85 (+7.7%), holding above range support=814.85, low volume 0.54x avg (threshold < 0.75x), spread 0.49x ATR, close pos=0.83",737.63,-14.9,27,True,"[QUALIFIED_CANDIDATE] Score: 50.5/100.0 | Mech Qual: PASS (Weekly WMA Up, ATR Contraction (0.74<1.0), BBW Contraction) | VSA: Vol Ratio: 0.40x, Close Pos: 0.13 | Candidate Event: LPS (Bar vol_ratio=0.54x, spread_ratio=0.49x, close_pos=0.83. Candidate LPS: higher low=877.90 vs prior Spring low=814.85 (+7.7%), holding above range support=814.85, low volume 0.54x avg (threshold < 0.75x), spread 0.49x ATR, close pos=0.83) | P&F Target: ₹737.63 (+-14.9% upside)",https://www.tradingview.com/chart/?symbol=NSE%3ACGPOWER&interval=D,https://www.tradingview.com/chart/?symbol=NSE%3ACGPOWER&interval=W,https://www.tradingview.com/chart/?symbol=NSE%3ACGPOWER&interval=75,pending,data/research_datasets/20260824,2026-08-24 10:05:13 UTC
BAJAJHLDNG,BAJAJHLDNG.NS,Bajaj Holdings & Investment Limited,2026-08-21,901,QUALIFIED_CANDIDATE,True,True,50.5,False,None,False,True,True,True,True,True,11320.0,55.8,10858.65,10474.86,,,0.79,0.083,,0.57,0.62,0.31,False,False,False,False,SOS,2026-07-31,False,True,False,False,95,"Bar vol_ratio=1.54x, spread_ratio=1.91x, close_pos=0.76. Candidate SOS: close=11343.00 broke above range resistance=11218.00 (+1.11%), strong close position=0.76 (threshold > 0.7), volume 1.54x avg (threshold >= 1.5x), spread 1.91x ATR",18409.17,62.6,52,True,"[QUALIFIED_CANDIDATE] Score: 50.5/100.0 | Mech Qual: PASS (Daily DMA(50/100) Up (10858.6>10474.9), RSI(14) Bullish (55.8), ATR Contraction (0.79<1.0), BBW Contraction) | VSA: Vol Ratio: 0.57x, Close Pos: 0.31 | Candidate Event: SOS (Bar vol_ratio=1.54x, spread_ratio=1.91x, close_pos=0.76. Candidate SOS: close=11343.00 broke above range resistance=11218.00 (+1.11%), strong close position=0.76 (threshold > 0.7), volume 1.54x avg (threshold >= 1.5x), spread 1.91x ATR) | P&F Target: ₹18409.17 (+62.6% upside)",https://www.tradingview.com/chart/?symbol=NSE%3ABAJAJHLDNG&interval=D,https://www.tradingview.com/chart/?symbol=NSE%3ABAJAJHLDNG&interval=W,https://www.tradingview.com/chart/?symbol=NSE%3ABAJAJHLDNG&interval=75,pending,data/research_datasets/20260824,2026-08-24 10:05:13 UTC
ASHOKLEY,ASHOKLEY.NS,Ashok Leyland Limited,2026-08-21,901,QUALIFIED_CANDIDATE,True,True,50.5,False,None,False,True,True,True,True,True,173.0,56.7,162.91,160.36,,,0.99,0.173,,0.29,0.29,0.5,False,False,True,False,ST,2026-08-18,False,False,False,False,133,"Bar vol_ratio=0.69x, spread_ratio=0.64x, close_pos=0.60. Candidate ST: retest of SC low area (SC low=169.75, bar low=174.50, diff=2.8%), volume 0.69x avg strictly lower than SC volume 2.06x, spread 0.64x ATR, close pos=0.60",232.19,34.2,25,False,"[QUALIFIED_CANDIDATE] Score: 50.5/100.0 | Mech Qual: PASS (Daily DMA(50/100) Up (162.9>160.4), RSI(14) Bullish (56.7), ATR Contraction (0.99<1.0), BBW Contraction) | VSA: Vol Ratio: 0.29x, Close Pos: 0.50, No Supply (Dry-up) | Candidate Event: ST (Bar vol_ratio=0.69x, spread_ratio=0.64x, close_pos=0.60. Candidate ST: retest of SC low area (SC low=169.75, bar low=174.50, diff=2.8%), volume 0.69x avg strictly lower than SC volume 2.06x, spread 0.64x ATR, close pos=0.60) | P&F Target: ₹232.19 (+34.2% upside)",https://www.tradingview.com/chart/?symbol=NSE%3AASHOKLEY&interval=D,https://www.tradingview.com/chart/?symbol=NSE%3AASHOKLEY&interval=W,https://www.tradingview.com/chart/?symbol=NSE%3AASHOKLEY&interval=75,pending,data/research_datasets/20260824,2026-08-24 10:05:13 UTC
PARAGMILK,PARAGMILK.NS,Parag Milk Foods Limited,2026-08-21,901,QUALIFIED_CANDIDATE,True,True,50.0,False,None,False,True,True,False,False,True,225.5,55.8,224.07,222.27,,,1.21,0.128,,5.09,2.47,0.79,False,False,False,False,Spring,2026-08-14,False,False,True,False,88,"Bar vol_ratio=1.33x, spread_ratio=1.23x, close_pos=0.08. Candidate Spring: low=210.00 undercut prior support=210.10 by 0.05%, closed back above support at 210.80 (close pos=0.08, volume 1.33x avg, spread 1.23x ATR)",315.09,39.7,44,True,"[QUALIFIED_CANDIDATE] Score: 50.0/100.0 | Mech Qual: PASS (Daily DMA(50/100) Up (224.1>222.3), RSI(14) Bullish (55.8)) | VSA: Vol Ratio: 5.09x, Close Pos: 0.79 | Candidate Event: Spring (Bar vol_ratio=1.33x, spread_ratio=1.23x, close_pos=0.08. Candidate Spring: low=210.00 undercut prior support=210.10 by 0.05%, closed back above support at 210.80 (close pos=0.08, volume 1.33x avg, spread 1.23x ATR)) | P&F Target: ₹315.09 (+39.7% upside)",https://www.tradingview.com/chart/?symbol=NSE%3APARAGMILK&interval=D,https://www.tradingview.com/chart/?symbol=NSE%3APARAGMILK&interval=W,https://www.tradingview.com/chart/?symbol=NSE%3APARAGMILK&interval=75,pending,data/research_datasets/20260824,2026-08-24 10:05:13 UTC
ECLERX,ECLERX.NS,eClerx Services Limited,2026-08-21,901,QUALIFIED_CANDIDATE,True,True,49.0,False,None,False,True,False,True,True,True,1815.7,51.4,1681.8,1590.82,,,0.9,0.118,,0.33,0.56,0.66,False,True,False,False,LPS,2026-07-29,True,False,False,False,113,"Bar vol_ratio=0.50x, spread_ratio=0.94x, close_pos=0.87. Candidate LPS: higher low=1863.57 vs prior ST low=1854.07 (+0.5%), holding above range support=1319.27, low volume 0.50x avg (threshold < 0.75x), spread 0.94x ATR, close pos=0.87",2160.72,19.0,14,False,"[QUALIFIED_CANDIDATE] Score: 49.0/100.0 | Mech Qual: PASS (Daily DMA(50/100) Up (1681.8>1590.8), ATR Contraction (0.90<1.0), BBW Contraction) | VSA: Vol Ratio: 0.33x, Close Pos: 0.66, No Demand | Candidate Event: LPS (Bar vol_ratio=0.50x, spread_ratio=0.94x, close_pos=0.87. Candidate LPS: higher low=1863.57 vs prior ST low=1854.07 (+0.5%), holding above range support=1319.27, low volume 0.50x avg (threshold < 0.75x), spread 0.94x ATR, close pos=0.87) | P&F Target: ₹2160.72 (+19.0% upside)",https://www.tradingview.com/chart/?symbol=NSE%3AECLERX&interval=D,https://www.tradingview.com/chart/?symbol=NSE%3AECLERX&interval=W,https://www.tradingview.com/chart/?symbol=NSE%3AECLERX&interval=75,pending,data/research_datasets/20260824,2026-08-24 10:05:13 UTC
KMEW,KMEW.NS,Knowledge Marine & Engineering Works Limited,2026-08-21,427,QUALIFIED_CANDIDATE,True,True,48.0,False,None,True,True,True,True,False,True,2725.6,62.8,2412.05,2152.32,,,0.94,0.157,,0.44,0.64,0.58,False,False,False,False,ST,2026-08-19,False,False,False,False,57,"Bar vol_ratio=0.56x, spread_ratio=0.58x, close_pos=0.46. Candidate ST: retest of SC low area (SC low=2706.50, bar low=2715.00, diff=0.3%), volume 0.56x avg strictly lower than SC volume 5.15x, spread 0.58x ATR, close pos=0.46",2277.6,-16.4,19,True,"[QUALIFIED_CANDIDATE] Score: 48.0/100.0 | Mech Qual: PASS (Weekly WMA Up, Daily DMA(50/100) Up (2412.1>2152.3), RSI(14) Bullish (62.8), ATR Contraction (0.94<1.0)) | VSA: Vol Ratio: 0.44x, Close Pos: 0.58 | Candidate Event: ST (Bar vol_ratio=0.56x, spread_ratio=0.58x, close_pos=0.46. Candidate ST: retest of SC low area (SC low=2706.50, bar low=2715.00, diff=0.3%), volume 0.56x avg strictly lower than SC volume 5.15x, spread 0.58x ATR, close pos=0.46) | P&F Target: ₹2277.60 (+-16.4% upside)",https://www.tradingview.com/chart/?symbol=NSE%3AKMEW&interval=D,https://www.tradingview.com/chart/?symbol=NSE%3AKMEW&interval=W,https://www.tradingview.com/chart/?symbol=NSE%3AKMEW&interval=75,pending,data/research_datasets/20260824,2026-08-24 10:05:13 UTC
HDFCAMC,HDFCAMC.NS,HDFC Asset Management Company Limited,2026-08-21,901,QUALIFIED_CANDIDATE,True,True,48.0,False,None,True,False,True,True,True,True,2610.0,55.1,2623.28,2610.59,,,0.71,0.061,,1.01,0.58,0.5,False,False,False,False,ST,2026-07-20,False,False,False,False,110,"Bar vol_ratio=0.69x, spread_ratio=0.73x, close_pos=0.75. Candidate ST: retest of SC low area (SC low=2587.60, bar low=2603.00, diff=0.6%), volume 0.69x avg strictly lower than SC volume 3.12x, spread 0.73x ATR, close pos=0.75",3838.2,47.1,37,False,"[QUALIFIED_CANDIDATE] Score: 48.0/100.0 | Mech Qual: PASS (Weekly WMA Up, RSI(14) Bullish (55.1), ATR Contraction (0.71<1.0), BBW Contraction) | VSA: Vol Ratio: 1.01x, Close Pos: 0.50 | Candidate Event: ST (Bar vol_ratio=0.69x, spread_ratio=0.73x, close_pos=0.75. Candidate ST: retest of SC low area (SC low=2587.60, bar low=2603.00, diff=0.6%), volume 0.69x avg strictly lower than SC volume 3.12x, spread 0.73x ATR, close pos=0.75) | P&F Target: ₹3838.20 (+47.1% upside)",https://www.tradingview.com/chart/?symbol=NSE%3AHDFCAMC&interval=D,https://www.tradingview.com/chart/?symbol=NSE%3AHDFCAMC&interval=W,https://www.tradingview.com/chart/?symbol=NSE%3AHDFCAMC&interval=75,pending,data/research_datasets/20260824,2026-08-24 10:05:13 UTC
EBGNG,EBGNG.NS,GNG Electronics Limited,2026-08-21,265,QUALIFIED_CANDIDATE,True,True,48.0,False,None,True,True,True,True,False,True,606.2,58.9,565.76,491.86,,,0.95,0.211,,0.79,0.81,0.15,False,False,False,False,SOS,2026-06-30,False,True,False,False,31,"Bar vol_ratio=1.78x, spread_ratio=1.81x, close_pos=0.99. Candidate SOS: close=625.45 broke above range resistance=583.45 (+7.20%), strong close position=0.99 (threshold > 0.7), volume 1.78x avg (threshold >= 1.5x), spread 1.81x ATR",631.3,4.1,12,False,"[QUALIFIED_CANDIDATE] Score: 48.0/100.0 | Mech Qual: PASS (Weekly WMA Up, Daily DMA(50/100) Up (565.8>491.9), RSI(14) Bullish (58.9), ATR Contraction (0.95<1.0)) | VSA: Vol Ratio: 0.79x, Close Pos: 0.15 | Candidate Event: SOS (Bar vol_ratio=1.78x, spread_ratio=1.81x, close_pos=0.99. Candidate SOS: close=625.45 broke above range resistance=583.45 (+7.20%), strong close position=0.99 (threshold > 0.7), volume 1.78x avg (threshold >= 1.5x), spread 1.81x ATR) | P&F Target: ₹631.30 (+4.1% upside)",https://www.tradingview.com/chart/?symbol=NSE%3AEBGNG&interval=D,https://www.tradingview.com/chart/?symbol=NSE%3AEBGNG&interval=W,https://www.tradingview.com/chart/?symbol=NSE%3AEBGNG&interval=75,pending,data/research_datasets/20260824,2026-08-24 10:05:13 UTC
UNOMINDA,UNOMINDA.NS,UNO Minda Limited,2026-08-21,901,QUALIFIED_CANDIDATE,True,True,47.5,False,None,False,True,True,True,False,True,1265.0,63.7,1170.37,1134.94,,,0.93,0.139,,0.55,0.51,0.87,False,True,False,False,LPS,2026-07-02,True,False,False,False,119,"Bar vol_ratio=0.70x, spread_ratio=0.98x, close_pos=0.91. Candidate LPS: higher low=1089.00 vs prior ST low=1076.20 (+1.2%), holding above range support=1005.94, low volume 0.70x avg (threshold < 0.75x), spread 0.98x ATR, close pos=0.91",1916.0,51.5,53,False,"[QUALIFIED_CANDIDATE] Score: 47.5/100.0 | Mech Qual: PASS (Daily DMA(50/100) Up (1170.4>1134.9), RSI(14) Bullish (63.7), ATR Contraction (0.93<1.0)) | VSA: Vol Ratio: 0.55x, Close Pos: 0.87, No Demand | Candidate Event: LPS (Bar vol_ratio=0.70x, spread_ratio=0.98x, close_pos=0.91. Candidate LPS: higher low=1089.00 vs prior ST low=1076.20 (+1.2%), holding above range support=1005.94, low volume 0.70x avg (threshold < 0.75x), spread 0.98x ATR, close pos=0.91) | P&F Target: ₹1916.00 (+51.5% upside)",https://www.tradingview.com/chart/?symbol=NSE%3AUNOMINDA&interval=D,https://www.tradingview.com/chart/?symbol=NSE%3AUNOMINDA&interval=W,https://www.tradingview.com/chart/?symbol=NSE%3AUNOMINDA&interval=75,pending,data/research_datasets/20260824,2026-08-24 10:05:13 UTC
SUNFLAG,SUNFLAG.NS,Sunflag Iron And Steel Company Limited,2026-08-21,901,QUALIFIED_CANDIDATE,True,True,47.5,False,None,True,False,False,True,True,True,353.85,45.9,354.8,342.66,,,0.99,0.118,,1.31,1.06,0.42,False,False,False,False,LPS,2026-06-17,True,False,False,False,98,"Bar vol_ratio=0.35x, spread_ratio=0.55x, close_pos=0.61. Candidate LPS: higher low=358.05 vs prior ST low=357.30 (+0.2%), holding above range support=221.30, low volume 0.35x avg (threshold < 0.75x), spread 0.55x ATR, close pos=0.61",449.0,26.9,28,False,"[QUALIFIED_CANDIDATE] Score: 47.5/100.0 | Mech Qual: PASS (Weekly WMA Up, ATR Contraction (0.99<1.0), BBW Contraction) | VSA: Vol Ratio: 1.31x, Close Pos: 0.42 | Candidate Event: LPS (Bar vol_ratio=0.35x, spread_ratio=0.55x, close_pos=0.61. Candidate LPS: higher low=358.05 vs prior ST low=357.30 (+0.2%), holding above range support=221.30, low volume 0.35x avg (threshold < 0.75x), spread 0.55x ATR, close pos=0.61) | P&F Target: ₹449.00 (+26.9% upside)",https://www.tradingview.com/chart/?symbol=NSE%3ASUNFLAG&interval=D,https://www.tradingview.com/chart/?symbol=NSE%3ASUNFLAG&interval=W,https://www.tradingview.com/chart/?symbol=NSE%3ASUNFLAG&interval=75,pending,data/research_datasets/20260824,2026-08-24 10:05:13 UTC
SIGNPOST,SIGNPOST.NS,Signpost India Limited,2026-08-21,624,QUALIFIED_CANDIDATE,True,True,47.5,False,None,True,False,False,True,False,True,264.65,37.2,283.79,276.93,,,0.63,0.223,,0.28,0.67,0.16,False,False,False,False,LPS,2026-07-09,True,False,False,False,87,"Bar vol_ratio=0.27x, spread_ratio=0.81x, close_pos=0.70. Candidate LPS: higher low=310.00 vs prior ST low=288.00 (+7.6%), holding above range support=236.40, low volume 0.27x avg (threshold < 0.75x), spread 0.81x ATR, close pos=0.70",635.1,140.0,21,False,"[QUALIFIED_CANDIDATE] Score: 47.5/100.0 | Mech Qual: PASS (Weekly WMA Up, ATR Contraction (0.63<1.0)) | VSA: Vol Ratio: 0.28x, Close Pos: 0.16 | Candidate Event: LPS (Bar vol_ratio=0.27x, spread_ratio=0.81x, close_pos=0.70. Candidate LPS: higher low=310.00 vs prior ST low=288.00 (+7.6%), holding above range support=236.40, low volume 0.27x avg (threshold < 0.75x), spread 0.81x ATR, close pos=0.70) | P&F Target: ₹635.10 (+140.0% upside)",https://www.tradingview.com/chart/?symbol=NSE%3ASIGNPOST&interval=D,https://www.tradingview.com/chart/?symbol=NSE%3ASIGNPOST&interval=W,https://www.tradingview.com/chart/?symbol=NSE%3ASIGNPOST&interval=75,pending,data/research_datasets/20260824,2026-08-24 10:05:13 UTC
PRICOLLTD,PRICOLLTD.NS,Pricol Limited,2026-08-21,900,QUALIFIED_CANDIDATE,True,True,47.5,False,None,False,True,False,False,True,True,797.2,71.0,660.79,617.32,,,1.24,0.263,,0.76,1.48,0.71,False,False,False,False,SOS,2026-08-12,False,True,False,False,105,"Bar vol_ratio=1.79x, spread_ratio=2.05x, close_pos=0.83. Candidate SOS: close=783.25 broke above range resistance=782.50 (+0.10%), strong close position=0.83 (threshold > 0.7), volume 1.79x avg (threshold >= 1.5x), spread 2.05x ATR",703.6,-11.7,25,True,"[QUALIFIED_CANDIDATE] Score: 47.5/100.0 | Mech Qual: PASS (Daily DMA(50/100) Up (660.8>617.3), BBW Contraction) | VSA: Vol Ratio: 0.76x, Close Pos: 0.71 | Candidate Event: SOS (Bar vol_ratio=1.79x, spread_ratio=2.05x, close_pos=0.83. Candidate SOS: close=783.25 broke above range resistance=782.50 (+0.10%), strong close position=0.83 (threshold > 0.7), volume 1.79x avg (threshold >= 1.5x), spread 2.05x ATR) | P&F Target: ₹703.60 (+-11.7% upside)",https://www.tradingview.com/chart/?symbol=NSE%3APRICOLLTD&interval=D,https://www.tradingview.com/chart/?symbol=NSE%3APRICOLLTD&interval=W,https://www.tradingview.com/chart/?symbol=NSE%3APRICOLLTD&interval=75,pending,data/research_datasets/20260824,2026-08-24 10:05:13 UTC
NILKAMAL,NILKAMAL.NS,Nilkamal Limited,2026-08-21,899,QUALIFIED_CANDIDATE,True,True,47.5,False,None,False,True,False,False,True,True,2053.6,70.1,1541.65,1401.88,,,1.26,0.226,,0.21,0.5,0.82,False,True,False,False,SOS,2026-08-19,False,True,False,False,162,"Bar vol_ratio=8.35x, spread_ratio=2.28x, close_pos=0.74. Candidate SOS: close=2033.80 broke above range resistance=1983.50 (+2.54%), strong close position=0.74 (threshold > 0.7), volume 8.35x avg (threshold >= 1.5x), spread 2.28x ATR",1441.28,-29.8,4,True,"[QUALIFIED_CANDIDATE] Score: 47.5/100.0 | Mech Qual: PASS (Daily DMA(50/100) Up (1541.7>1401.9), BBW Contraction) | VSA: Vol Ratio: 0.21x, Close Pos: 0.82, No Demand | Candidate Event: SOS (Bar vol_ratio=8.35x, spread_ratio=2.28x, close_pos=0.74. Candidate SOS: close=2033.80 broke above range resistance=1983.50 (+2.54%), strong close position=0.74 (threshold > 0.7), volume 8.35x avg (threshold >= 1.5x), spread 2.28x ATR) | P&F Target: ₹1441.28 (+-29.8% upside)",https://www.tradingview.com/chart/?symbol=NSE%3ANILKAMAL&interval=D,https://www.tradingview.com/chart/?symbol=NSE%3ANILKAMAL&interval=W,https://www.tradingview.com/chart/?symbol=NSE%3ANILKAMAL&interval=75,pending,data/research_datasets/20260824,2026-08-24 10:05:13 UTC
MCLOUD,MCLOUD.NS,Magellanic Cloud Limited,2026-08-21,382,QUALIFIED_CANDIDATE,True,True,47.5,False,None,False,True,True,True,True,True,30.27,58.3,29.0,27.35,,,0.85,0.115,,1.99,2.31,0.81,False,False,False,False,LPS,2026-07-06,True,False,False,False,43,"Bar vol_ratio=0.62x, spread_ratio=0.75x, close_pos=0.25. Candidate LPS: higher low=30.80 vs prior ST low=27.90 (+10.4%), holding above range support=21.85, low volume 0.62x avg (threshold < 0.75x), spread 0.75x ATR, close pos=0.25",52.25,72.6,7,False,"[QUALIFIED_CANDIDATE] Score: 47.5/100.0 | Mech Qual: PASS (Daily DMA(50/100) Up (29.0>27.4), RSI(14) Bullish (58.3), ATR Contraction (0.85<1.0), BBW Contraction) | VSA: Vol Ratio: 1.99x, Close Pos: 0.81 | Candidate Event: LPS (Bar vol_ratio=0.62x, spread_ratio=0.75x, close_pos=0.25. Candidate LPS: higher low=30.80 vs prior ST low=27.90 (+10.4%), holding above range support=21.85, low volume 0.62x avg (threshold < 0.75x), spread 0.75x ATR, close pos=0.25) | P&F Target: ₹52.25 (+72.6% upside)",https://www.tradingview.com/chart/?symbol=NSE%3AMCLOUD&interval=D,https://www.tradingview.com/chart/?symbol=NSE%3AMCLOUD&interval=W,https://www.tradingview.com/chart/?symbol=NSE%3AMCLOUD&interval=75,pending,data/research_datasets/20260824,2026-08-24 10:05:13 UTC
INDIANB,INDIANB.NS,Indian Bank,2026-08-21,901,QUALIFIED_CANDIDATE,True,True,47.5,False,None,True,False,True,True,False,True,876.9,56.8,845.3,847.73,,,0.91,0.111,,0.44,0.59,0.62,False,True,False,False,LPS,2026-07-14,True,False,False,False,120,"Bar vol_ratio=0.44x, spread_ratio=0.92x, close_pos=0.42. Candidate LPS: higher low=824.50 vs prior Spring low=776.15 (+6.2%), holding above range support=769.25, low volume 0.44x avg (threshold < 0.75x), spread 0.92x ATR, close pos=0.42",1097.45,25.2,44,False,"[QUALIFIED_CANDIDATE] Score: 47.5/100.0 | Mech Qual: PASS (Weekly WMA Up, RSI(14) Bullish (56.8), ATR Contraction (0.91<1.0)) | VSA: Vol Ratio: 0.44x, Close Pos: 0.62, No Demand | Candidate Event: LPS (Bar vol_ratio=0.44x, spread_ratio=0.92x, close_pos=0.42. Candidate LPS: higher low=824.50 vs prior Spring low=776.15 (+6.2%), holding above range support=769.25, low volume 0.44x avg (threshold < 0.75x), spread 0.92x ATR, close pos=0.42) | P&F Target: ₹1097.45 (+25.2% upside)",https://www.tradingview.com/chart/?symbol=NSE%3AINDIANB&interval=D,https://www.tradingview.com/chart/?symbol=NSE%3AINDIANB&interval=W,https://www.tradingview.com/chart/?symbol=NSE%3AINDIANB&interval=75,pending,data/research_datasets/20260824,2026-08-24 10:05:13 UTC
HOMEFIRST,HOMEFIRST.NS,Home First Finance Company India Limited,2026-08-21,900,QUALIFIED_CANDIDATE,True,True,47.5,False,None,True,True,False,True,True,True,1193.7,53.0,1188.98,1141.57,,,0.58,0.024,,1.58,1.69,0.31,False,False,False,False,LPS,2026-07-03,True,False,False,False,105,"Bar vol_ratio=0.71x, spread_ratio=0.83x, close_pos=0.52. Candidate LPS: higher low=1186.80 vs prior ST low=1142.10 (+3.9%), holding above range support=1018.50, low volume 0.71x avg (threshold < 0.75x), spread 0.83x ATR, close pos=0.52",2225.2,86.4,68,False,"[QUALIFIED_CANDIDATE] Score: 47.5/100.0 | Mech Qual: PASS (Weekly WMA Up, Daily DMA(50/100) Up (1189.0>1141.6), ATR Contraction (0.58<1.0), BBW Contraction) | VSA: Vol Ratio: 1.58x, Close Pos: 0.31 | Candidate Event: LPS (Bar vol_ratio=0.71x, spread_ratio=0.83x, close_pos=0.52. Candidate LPS: higher low=1186.80 vs prior ST low=1142.10 (+3.9%), holding above range support=1018.50, low volume 0.71x avg (threshold < 0.75x), spread 0.83x ATR, close pos=0.52) | P&F Target: ₹2225.20 (+86.4% upside)",https://www.tradingview.com/chart/?symbol=NSE%3AHOMEFIRST&interval=D,https://www.tradingview.com/chart/?symbol=NSE%3AHOMEFIRST&interval=W,https://www.tradingview.com/chart/?symbol=NSE%3AHOMEFIRST&interval=75,pending,data/research_datasets/20260824,2026-08-24 10:05:13 UTC
GRSE,GRSE.NS,Garden Reach Shipbuilders & Engineers Limited,2026-08-21,901,QUALIFIED_CANDIDATE,True,True,47.5,False,None,True,False,False,False,True,True,2601.5,48.3,2653.86,2677.13,,,1.02,0.055,,0.69,0.99,0.13,False,False,False,False,LPS,2026-08-10,True,False,False,False,92,"Bar vol_ratio=0.74x, spread_ratio=0.73x, close_pos=0.76. Candidate LPS: higher low=2553.50 vs prior Spring low=2471.70 (+3.3%), holding above range support=2471.70, low volume 0.74x avg (threshold < 0.75x), spread 0.73x ATR, close pos=0.76",3084.27,18.6,44,True,"[QUALIFIED_CANDIDATE] Score: 47.5/100.0 | Mech Qual: PASS (Weekly WMA Up, BBW Contraction) | VSA: Vol Ratio: 0.69x, Close Pos: 0.13 | Candidate Event: LPS (Bar vol_ratio=0.74x, spread_ratio=0.73x, close_pos=0.76. Candidate LPS: higher low=2553.50 vs prior Spring low=2471.70 (+3.3%), holding above range support=2471.70, low volume 0.74x avg (threshold < 0.75x), spread 0.73x ATR, close pos=0.76) | P&F Target: ₹3084.27 (+18.6% upside)",https://www.tradingview.com/chart/?symbol=NSE%3AGRSE&interval=D,https://www.tradingview.com/chart/?symbol=NSE%3AGRSE&interval=W,https://www.tradingview.com/chart/?symbol=NSE%3AGRSE&interval=75,pending,data/research_datasets/20260824,2026-08-24 10:05:13 UTC
CONCOR,CONCOR.NS,Container Corporation of India Limited,2026-08-21,901,QUALIFIED_CANDIDATE,True,True,47.5,False,None,False,True,False,False,True,True,515.05,54.1,491.57,490.11,,,1.01,0.059,,0.21,0.81,0.27,False,False,False,False,SOS,2026-08-13,False,True,False,False,115,"Bar vol_ratio=1.98x, spread_ratio=1.64x, close_pos=0.92. Candidate SOS: close=533.65 broke above range resistance=530.08 (+0.67%), strong close position=0.92 (threshold > 0.7), volume 1.98x avg (threshold >= 1.5x), spread 1.64x ATR",996.21,93.4,32,True,"[QUALIFIED_CANDIDATE] Score: 47.5/100.0 | Mech Qual: PASS (Daily DMA(50/100) Up (491.6>490.1), BBW Contraction) | VSA: Vol Ratio: 0.21x, Close Pos: 0.27 | Candidate Event: SOS (Bar vol_ratio=1.98x, spread_ratio=1.64x, close_pos=0.92. Candidate SOS: close=533.65 broke above range resistance=530.08 (+0.67%), strong close position=0.92 (threshold > 0.7), volume 1.98x avg (threshold >= 1.5x), spread 1.64x ATR) | P&F Target: ₹996.21 (+93.4% upside)",https://www.tradingview.com/chart/?symbol=NSE%3ACONCOR&interval=D,https://www.tradingview.com/chart/?symbol=NSE%3ACONCOR&interval=W,https://www.tradingview.com/chart/?symbol=NSE%3ACONCOR&interval=75,pending,data/research_datasets/20260824,2026-08-24 10:05:13 UTC
BRIGADE,BRIGADE.NS,Brigade Enterprises Limited,2026-08-21,901,QUALIFIED_CANDIDATE,True,True,47.5,False,None,False,True,False,False,True,True,639.3,72.0,554.99,544.69,,,1.0,0.152,,2.23,1.24,0.86,False,False,False,False,SOS,2026-08-21,False,True,False,False,110,"Bar vol_ratio=2.23x, spread_ratio=1.24x, close_pos=0.86. Candidate SOS: close=639.30 broke above range resistance=629.45 (+1.56%), strong close position=0.86 (threshold > 0.7), volume 2.23x avg (threshold >= 1.5x), spread 1.24x ATR",786.35,23.0,18,True,"[QUALIFIED_CANDIDATE] Score: 47.5/100.0 | Mech Qual: PASS (Daily DMA(50/100) Up (555.0>544.7), BBW Contraction) | VSA: Vol Ratio: 2.23x, Close Pos: 0.86 | Candidate Event: SOS (Bar vol_ratio=2.23x, spread_ratio=1.24x, close_pos=0.86. Candidate SOS: close=639.30 broke above range resistance=629.45 (+1.56%), strong close position=0.86 (threshold > 0.7), volume 2.23x avg (threshold >= 1.5x), spread 1.24x ATR) | P&F Target: ₹786.35 (+23.0% upside)",https://www.tradingview.com/chart/?symbol=NSE%3ABRIGADE&interval=D,https://www.tradingview.com/chart/?symbol=NSE%3ABRIGADE&interval=W,https://www.tradingview.com/chart/?symbol=NSE%3ABRIGADE&interval=75,pending,data/research_datasets/20260824,2026-08-24 10:05:13 UTC
M&MFIN,M&MFIN.NS,Mahindra & Mahindra Financial Services Limited,2026-08-21,901,QUALIFIED_CANDIDATE,True,True,46.0,False,None,False,True,False,True,True,True,381.6,52.9,348.12,322.51,,,1.0,0.115,,0.39,0.49,0.3,False,False,True,False,SOS,2026-07-22,False,True,False,False,95,"Bar vol_ratio=7.41x, spread_ratio=1.73x, close_pos=0.73. Candidate SOS: close=378.15 broke above range resistance=363.00 (+4.17%), strong close position=0.73 (threshold > 0.7), volume 7.41x avg (threshold >= 1.5x), spread 1.73x ATR",395.34,3.6,11,False,"[QUALIFIED_CANDIDATE] Score: 46.0/100.0 | Mech Qual: PASS (Daily DMA(50/100) Up (348.1>322.5), ATR Contraction (1.00<1.0), BBW Contraction) | VSA: Vol Ratio: 0.39x, Close Pos: 0.30, No Supply (Dry-up) | Candidate Event: SOS (Bar vol_ratio=7.41x, spread_ratio=1.73x, close_pos=0.73. Candidate SOS: close=378.15 broke above range resistance=363.00 (+4.17%), strong close position=0.73 (threshold > 0.7), volume 7.41x avg (threshold >= 1.5x), spread 1.73x ATR) | P&F Target: ₹395.34 (+3.6% upside)",https://www.tradingview.com/chart/?symbol=NSE%3AM%26MFIN&interval=D,https://www.tradingview.com/chart/?symbol=NSE%3AM%26MFIN&interval=W,https://www.tradingview.com/chart/?symbol=NSE%3AM%26MFIN&interval=75,pending,data/research_datasets/20260824,2026-08-24 10:05:13 UTC
TATVA,TATVA.NS,Tatva Chintan Pharma Chem Limited,2026-08-21,901,QUALIFIED_CANDIDATE,True,True,45.5,False,None,False,True,False,False,True,True,1616.4,47.5,1483.57,1360.28,,,1.01,0.119,,0.49,0.62,0.14,False,False,False,False,LPS,2026-07-24,True,False,False,False,146,"Bar vol_ratio=0.46x, spread_ratio=0.89x, close_pos=0.91. Candidate LPS: higher low=1658.40 vs prior ST low=1642.70 (+1.0%), holding above range support=1101.00, low volume 0.46x avg (threshold < 0.75x), spread 0.89x ATR, close pos=0.91",3222.4,99.4,25,False,"[QUALIFIED_CANDIDATE] Score: 45.5/100.0 | Mech Qual: PASS (Daily DMA(50/100) Up (1483.6>1360.3), BBW Contraction) | VSA: Vol Ratio: 0.49x, Close Pos: 0.14 | Candidate Event: LPS (Bar vol_ratio=0.46x, spread_ratio=0.89x, close_pos=0.91. Candidate LPS: higher low=1658.40 vs prior ST low=1642.70 (+1.0%), holding above range support=1101.00, low volume 0.46x avg (threshold < 0.75x), spread 0.89x ATR, close pos=0.91) | P&F Target: ₹3222.40 (+99.4% upside)",https://www.tradingview.com/chart/?symbol=NSE%3ATATVA&interval=D,https://www.tradingview.com/chart/?symbol=NSE%3ATATVA&interval=W,https://www.tradingview.com/chart/?symbol=NSE%3ATATVA&interval=75,pending,data/research_datasets/20260824,2026-08-24 10:05:13 UTC
SIMPLEXINF,SIMPLEXINF.NS,Simplex Infrastructures Limited,2026-08-21,899,QUALIFIED_CANDIDATE,True,True,45.5,False,None,False,True,False,False,True,True,255.71,54.5,254.68,239.14,,,1.03,0.181,,0.24,0.57,0.31,False,False,True,False,LPS,2026-08-05,True,False,False,False,108,"Bar vol_ratio=0.15x, spread_ratio=0.39x, close_pos=0.31. Candidate LPS: higher low=231.03 vs prior Spring low=223.85 (+3.2%), holding above range support=223.85, low volume 0.15x avg (threshold < 0.75x), spread 0.39x ATR, close pos=0.31",395.25,54.6,45,False,"[QUALIFIED_CANDIDATE] Score: 45.5/100.0 | Mech Qual: PASS (Daily DMA(50/100) Up (254.7>239.1), BBW Contraction) | VSA: Vol Ratio: 0.24x, Close Pos: 0.31, No Supply (Dry-up) | Candidate Event: LPS (Bar vol_ratio=0.15x, spread_ratio=0.39x, close_pos=0.31. Candidate LPS: higher low=231.03 vs prior Spring low=223.85 (+3.2%), holding above range support=223.85, low volume 0.15x avg (threshold < 0.75x), spread 0.39x ATR, close pos=0.31) | P&F Target: ₹395.25 (+54.6% upside)",https://www.tradingview.com/chart/?symbol=NSE%3ASIMPLEXINF&interval=D,https://www.tradingview.com/chart/?symbol=NSE%3ASIMPLEXINF&interval=W,https://www.tradingview.com/chart/?symbol=NSE%3ASIMPLEXINF&interval=75,pending,data/research_datasets/20260824,2026-08-24 10:05:13 UTC
BALKRISIND,BALKRISIND.NS,Balkrishna Industries Limited,2026-08-21,900,QUALIFIED_CANDIDATE,True,True,45.5,False,None,False,True,False,False,True,True,2350.8,51.9,2249.96,2215.11,,,1.06,0.26,,0.15,0.41,0.24,False,False,True,False,LPS,2026-08-04,True,False,False,False,104,"Bar vol_ratio=0.48x, spread_ratio=1.40x, close_pos=0.68. Candidate LPS: higher low=2412.40 vs prior ST low=2212.30 (+9.0%), holding above range support=1963.17, low volume 0.48x avg (threshold < 0.75x), spread 1.40x ATR, close pos=0.68",5911.9,151.5,57,False,"[QUALIFIED_CANDIDATE] Score: 45.5/100.0 | Mech Qual: PASS (Daily DMA(50/100) Up (2250.0>2215.1), BBW Contraction) | VSA: Vol Ratio: 0.15x, Close Pos: 0.24, No Supply (Dry-up) | Candidate Event: LPS (Bar vol_ratio=0.48x, spread_ratio=1.40x, close_pos=0.68. Candidate LPS: higher low=2412.40 vs prior ST low=2212.30 (+9.0%), holding above range support=1963.17, low volume 0.48x avg (threshold < 0.75x), spread 1.40x ATR, close pos=0.68) | P&F Target: ₹5911.90 (+151.5% upside)",https://www.tradingview.com/chart/?symbol=NSE%3ABALKRISIND&interval=D,https://www.tradingview.com/chart/?symbol=NSE%3ABALKRISIND&interval=W,https://www.tradingview.com/chart/?symbol=NSE%3ABALKRISIND&interval=75,pending,data/research_datasets/20260824,2026-08-24 10:05:13 UTC
AIIL,AIIL.NS,Authum Investment & Infrastructure Limited,2026-08-21,582,QUALIFIED_CANDIDATE,True,True,45.5,False,None,False,True,False,False,True,True,552.25,50.1,542.86,508.32,,,1.1,0.123,,1.31,1.44,0.6,False,False,False,False,SOS,2026-08-06,False,True,False,False,91,"Bar vol_ratio=5.47x, spread_ratio=1.58x, close_pos=0.70. Candidate SOS: close=596.20 broke above range resistance=584.85 (+1.94%), strong close position=0.70 (threshold > 0.7), volume 5.47x avg (threshold >= 1.5x), spread 1.58x ATR",785.7,42.3,39,False,"[QUALIFIED_CANDIDATE] Score: 45.5/100.0 | Mech Qual: PASS (Daily DMA(50/100) Up (542.9>508.3), BBW Contraction) | VSA: Vol Ratio: 1.31x, Close Pos: 0.60 | Candidate Event: SOS (Bar vol_ratio=5.47x, spread_ratio=1.58x, close_pos=0.70. Candidate SOS: close=596.20 broke above range resistance=584.85 (+1.94%), strong close position=0.70 (threshold > 0.7), volume 5.47x avg (threshold >= 1.5x), spread 1.58x ATR) | P&F Target: ₹785.70 (+42.3% upside)",https://www.tradingview.com/chart/?symbol=NSE%3AAIIL&interval=D,https://www.tradingview.com/chart/?symbol=NSE%3AAIIL&interval=W,https://www.tradingview.com/chart/?symbol=NSE%3AAIIL&interval=75,pending,data/research_datasets/20260824,2026-08-24 10:05:13 UTC
NIACL,NIACL.NS,The New India Assurance Company Limited,2026-08-21,901,QUALIFIED_CANDIDATE,True,True,45.0,False,None,True,True,True,True,False,True,184.13,57.6,178.94,167.56,,,0.8,0.16,,0.22,0.7,0.48,False,False,False,False,SOS,2026-06-19,False,True,False,False,96,"Bar vol_ratio=10.84x, spread_ratio=3.70x, close_pos=0.84. Candidate SOS: close=200.66 broke above range resistance=186.96 (+7.33%), strong close position=0.84 (threshold > 0.7), volume 10.84x avg (threshold >= 1.5x), spread 3.70x ATR",343.39,86.5,51,True,"[QUALIFIED_CANDIDATE] Score: 45.0/100.0 | Mech Qual: PASS (Weekly WMA Up, Daily DMA(50/100) Up (178.9>167.6), RSI(14) Bullish (57.6), ATR Contraction (0.80<1.0)) | VSA: Vol Ratio: 0.22x, Close Pos: 0.48 | Candidate Event: SOS (Bar vol_ratio=10.84x, spread_ratio=3.70x, close_pos=0.84. Candidate SOS: close=200.66 broke above range resistance=186.96 (+7.33%), strong close position=0.84 (threshold > 0.7), volume 10.84x avg (threshold >= 1.5x), spread 3.70x ATR) | P&F Target: ₹343.39 (+86.5% upside)",https://www.tradingview.com/chart/?symbol=NSE%3ANIACL&interval=D,https://www.tradingview.com/chart/?symbol=NSE%3ANIACL&interval=W,https://www.tradingview.com/chart/?symbol=NSE%3ANIACL&interval=75,pending,data/research_datasets/20260824,2026-08-24 10:05:13 UTC
MSTCLTD,MSTCLTD.NS,Mstc Limited,2026-08-21,901,QUALIFIED_CANDIDATE,True,True,45.0,False,None,True,True,True,True,False,True,701.45,66.6,645.99,548.01,,,0.78,0.273,,0.69,0.81,0.64,False,False,False,False,SOS,2026-06-16,False,True,False,False,111,"Bar vol_ratio=5.06x, spread_ratio=2.90x, close_pos=0.83. Candidate SOS: close=708.80 broke above range resistance=666.00 (+6.43%), strong close position=0.83 (threshold > 0.7), volume 5.06x avg (threshold >= 1.5x), spread 2.90x ATR",788.7,12.4,55,True,"[QUALIFIED_CANDIDATE] Score: 45.0/100.0 | Mech Qual: PASS (Weekly WMA Up, Daily DMA(50/100) Up (646.0>548.0), RSI(14) Bullish (66.6), ATR Contraction (0.78<1.0)) | VSA: Vol Ratio: 0.69x, Close Pos: 0.64 | Candidate Event: SOS (Bar vol_ratio=5.06x, spread_ratio=2.90x, close_pos=0.83. Candidate SOS: close=708.80 broke above range resistance=666.00 (+6.43%), strong close position=0.83 (threshold > 0.7), volume 5.06x avg (threshold >= 1.5x), spread 2.90x ATR) | P&F Target: ₹788.70 (+12.4% upside)",https://www.tradingview.com/chart/?symbol=NSE%3AMSTCLTD&interval=D,https://www.tradingview.com/chart/?symbol=NSE%3AMSTCLTD&interval=W,https://www.tradingview.com/chart/?symbol=NSE%3AMSTCLTD&interval=75,pending,data/research_datasets/20260824,2026-08-24 10:05:13 UTC
KPRMILL,KPRMILL.NS,K.P.R. Mill Limited,2026-08-21,901,QUALIFIED_CANDIDATE,True,True,45.0,False,None,True,True,True,True,False,True,1151.6,62.8,1112.32,1028.58,,,0.7,0.127,,0.82,0.99,0.47,False,False,False,False,SOS,2026-06-18,False,True,False,False,115,"Bar vol_ratio=8.94x, spread_ratio=3.65x, close_pos=0.86. Candidate SOS: close=1183.80 broke above range resistance=1120.54 (+5.65%), strong close position=0.86 (threshold > 0.7), volume 8.94x avg (threshold >= 1.5x), spread 3.65x ATR",1646.45,43.0,46,True,"[QUALIFIED_CANDIDATE] Score: 45.0/100.0 | Mech Qual: PASS (Weekly WMA Up, Daily DMA(50/100) Up (1112.3>1028.6), RSI(14) Bullish (62.8), ATR Contraction (0.70<1.0)) | VSA: Vol Ratio: 0.82x, Close Pos: 0.47 | Candidate Event: SOS (Bar vol_ratio=8.94x, spread_ratio=3.65x, close_pos=0.86. Candidate SOS: close=1183.80 broke above range resistance=1120.54 (+5.65%), strong close position=0.86 (threshold > 0.7), volume 8.94x avg (threshold >= 1.5x), spread 3.65x ATR) | P&F Target: ₹1646.45 (+43.0% upside)",https://www.tradingview.com/chart/?symbol=NSE%3AKPRMILL&interval=D,https://www.tradingview.com/chart/?symbol=NSE%3AKPRMILL&interval=W,https://www.tradingview.com/chart/?symbol=NSE%3AKPRMILL&interval=75,pending,data/research_datasets/20260824,2026-08-24 10:05:13 UTC
HFCL,HFCL.NS,HFCL Limited,2026-08-21,901,QUALIFIED_CANDIDATE,True,True,45.0,False,None,True,True,True,True,False,True,228.01,60.0,210.26,171.82,,,0.9,0.269,,0.52,0.59,0.86,False,True,False,False,SOS,2026-05-07,False,True,False,False,134,"Bar vol_ratio=1.73x, spread_ratio=1.16x, close_pos=0.81. Candidate SOS: close=146.24 broke above range resistance=142.95 (+2.30%), strong close position=0.81 (threshold > 0.7), volume 1.73x avg (threshold >= 1.5x), spread 1.16x ATR",179.16,-21.4,36,True,"[QUALIFIED_CANDIDATE] Score: 45.0/100.0 | Mech Qual: PASS (Weekly WMA Up, Daily DMA(50/100) Up (210.3>171.8), RSI(14) Bullish (60.0), ATR Contraction (0.90<1.0)) | VSA: Vol Ratio: 0.52x, Close Pos: 0.86, No Demand | Candidate Event: SOS (Bar vol_ratio=1.73x, spread_ratio=1.16x, close_pos=0.81. Candidate SOS: close=146.24 broke above range resistance=142.95 (+2.30%), strong close position=0.81 (threshold > 0.7), volume 1.73x avg (threshold >= 1.5x), spread 1.16x ATR) | P&F Target: ₹179.16 (+-21.4% upside)",https://www.tradingview.com/chart/?symbol=NSE%3AHFCL&interval=D,https://www.tradingview.com/chart/?symbol=NSE%3AHFCL&interval=W,https://www.tradingview.com/chart/?symbol=NSE%3AHFCL&interval=75,pending,data/research_datasets/20260824,2026-08-24 10:05:13 UTC
ELECTHERM,ELECTHERM.NS,Electrotherm (India) Limited,2026-08-21,900,QUALIFIED_CANDIDATE,True,True,45.0,False,None,True,False,True,True,True,True,1052.2,55.6,1064.74,933.81,,,0.84,0.059,,1.04,0.96,0.82,False,False,False,False,SOS,2026-06-10,False,True,False,False,114,"Bar vol_ratio=8.25x, spread_ratio=2.15x, close_pos=0.83. Candidate SOS: close=1146.80 broke above range resistance=1099.00 (+4.35%), strong close position=0.83 (threshold > 0.7), volume 8.25x avg (threshold >= 1.5x), spread 2.15x ATR",902.4,-14.2,41,True,"[QUALIFIED_CANDIDATE] Score: 45.0/100.0 | Mech Qual: PASS (Weekly WMA Up, RSI(14) Bullish (55.6), ATR Contraction (0.84<1.0), BBW Contraction) | VSA: Vol Ratio: 1.04x, Close Pos: 0.82 | Candidate Event: SOS (Bar vol_ratio=8.25x, spread_ratio=2.15x, close_pos=0.83. Candidate SOS: close=1146.80 broke above range resistance=1099.00 (+4.35%), strong close position=0.83 (threshold > 0.7), volume 8.25x avg (threshold >= 1.5x), spread 2.15x ATR) | P&F Target: ₹902.40 (+-14.2% upside)",https://www.tradingview.com/chart/?symbol=NSE%3AELECTHERM&interval=D,https://www.tradingview.com/chart/?symbol=NSE%3AELECTHERM&interval=W,https://www.tradingview.com/chart/?symbol=NSE%3AELECTHERM&interval=75,pending,data/research_datasets/20260824,2026-08-24 10:05:13 UTC
BLUSPRING,BLUSPRING.NS,Bluspring Enterprises Limited,2026-08-21,300,QUALIFIED_CANDIDATE,True,True,45.0,False,None,True,True,True,True,False,True,128.98,64.6,111.99,91.21,,,0.93,0.169,,4.77,1.72,0.94,False,False,False,False,SOS,2026-06-17,False,True,False,False,35,"Bar vol_ratio=7.90x, spread_ratio=2.76x, close_pos=0.95. Candidate SOS: close=109.35 broke above range resistance=98.30 (+11.24%), strong close position=0.95 (threshold > 0.7), volume 7.90x avg (threshold >= 1.5x), spread 2.76x ATR",77.44,-40.0,6,True,"[QUALIFIED_CANDIDATE] Score: 45.0/100.0 | Mech Qual: PASS (Weekly WMA Up, Daily DMA(50/100) Up (112.0>91.2), RSI(14) Bullish (64.6), ATR Contraction (0.93<1.0)) | VSA: Vol Ratio: 4.77x, Close Pos: 0.94 | Candidate Event: SOS (Bar vol_ratio=7.90x, spread_ratio=2.76x, close_pos=0.95. Candidate SOS: close=109.35 broke above range resistance=98.30 (+11.24%), strong close position=0.95 (threshold > 0.7), volume 7.90x avg (threshold >= 1.5x), spread 2.76x ATR) | P&F Target: ₹77.44 (+-40.0% upside)",https://www.tradingview.com/chart/?symbol=NSE%3ABLUSPRING&interval=D,https://www.tradingview.com/chart/?symbol=NSE%3ABLUSPRING&interval=W,https://www.tradingview.com/chart/?symbol=NSE%3ABLUSPRING&interval=75,pending,data/research_datasets/20260824,2026-08-24 10:05:13 UTC
ANANDRATHI,ANANDRATHI.NS,Anand Rathi Wealth Limited,2026-08-21,901,QUALIFIED_CANDIDATE,True,True,45.0,False,None,True,True,True,True,False,True,2188.0,66.3,2042.76,1908.0,,,0.83,0.122,,0.6,0.7,0.68,False,False,False,False,SOS,2026-07-10,False,True,False,False,109,"Bar vol_ratio=2.59x, spread_ratio=1.75x, close_pos=0.74. Candidate SOS: close=2146.80 broke above range resistance=2120.00 (+1.26%), strong close position=0.74 (threshold > 0.7), volume 2.59x avg (threshold >= 1.5x), spread 1.75x ATR",1804.6,-17.5,9,False,"[QUALIFIED_CANDIDATE] Score: 45.0/100.0 | Mech Qual: PASS (Weekly WMA Up, Daily DMA(50/100) Up (2042.8>1908.0), RSI(14) Bullish (66.3), ATR Contraction (0.83<1.0)) | VSA: Vol Ratio: 0.60x, Close Pos: 0.68 | Candidate Event: SOS (Bar vol_ratio=2.59x, spread_ratio=1.75x, close_pos=0.74. Candidate SOS: close=2146.80 broke above range resistance=2120.00 (+1.26%), strong close position=0.74 (threshold > 0.7), volume 2.59x avg (threshold >= 1.5x), spread 1.75x ATR) | P&F Target: ₹1804.60 (+-17.5% upside)",https://www.tradingview.com/chart/?symbol=NSE%3AANANDRATHI&interval=D,https://www.tradingview.com/chart/?symbol=NSE%3AANANDRATHI&interval=W,https://www.tradingview.com/chart/?symbol=NSE%3AANANDRATHI&interval=75,pending,data/research_datasets/20260824,2026-08-24 10:05:13 UTC
AETHER,AETHER.NS,Aether Industries Limited,2026-08-21,901,QUALIFIED_CANDIDATE,True,True,45.0,False,None,True,True,True,True,True,True,1626.6,64.0,1444.65,1294.43,,,0.95,0.144,,0.84,0.97,0.74,False,False,False,False,SOS,2026-07-09,False,True,False,False,110,"Bar vol_ratio=3.09x, spread_ratio=1.50x, close_pos=0.72. Candidate SOS: close=1485.80 broke above range resistance=1424.00 (+4.34%), strong close position=0.72 (threshold > 0.7), volume 3.09x avg (threshold >= 1.5x), spread 1.50x ATR",1429.3,-12.1,22,True,"[QUALIFIED_CANDIDATE] Score: 45.0/100.0 | Mech Qual: PASS (Weekly WMA Up, Daily DMA(50/100) Up (1444.7>1294.4), RSI(14) Bullish (64.0), ATR Contraction (0.95<1.0), BBW Contraction) | VSA: Vol Ratio: 0.84x, Close Pos: 0.74 | Candidate Event: SOS (Bar vol_ratio=3.09x, spread_ratio=1.50x, close_pos=0.72. Candidate SOS: close=1485.80 broke above range resistance=1424.00 (+4.34%), strong close position=0.72 (threshold > 0.7), volume 3.09x avg (threshold >= 1.5x), spread 1.50x ATR) | P&F Target: ₹1429.30 (+-12.1% upside)",https://www.tradingview.com/chart/?symbol=NSE%3AAETHER&interval=D,https://www.tradingview.com/chart/?symbol=NSE%3AAETHER&interval=W,https://www.tradingview.com/chart/?symbol=NSE%3AAETHER&interval=75,pending,data/research_datasets/20260824,2026-08-24 10:05:13 UTC
AEROFLEX,AEROFLEX.NS,Aeroflex Industries Limited,2026-08-21,737,QUALIFIED_CANDIDATE,True,True,45.0,False,None,True,True,True,True,False,True,503.0,66.4,449.13,400.13,,,0.92,0.2,,1.87,1.43,0.94,False,False,False,False,SOS,2026-06-17,False,True,False,False,61,"Bar vol_ratio=1.84x, spread_ratio=1.85x, close_pos=0.85. Candidate SOS: close=510.42 broke above range resistance=491.43 (+3.86%), strong close position=0.85 (threshold > 0.7), volume 1.84x avg (threshold >= 1.5x), spread 1.85x ATR",494.65,-1.7,52,True,"[QUALIFIED_CANDIDATE] Score: 45.0/100.0 | Mech Qual: PASS (Weekly WMA Up, Daily DMA(50/100) Up (449.1>400.1), RSI(14) Bullish (66.4), ATR Contraction (0.92<1.0)) | VSA: Vol Ratio: 1.87x, Close Pos: 0.94 | Candidate Event: SOS (Bar vol_ratio=1.84x, spread_ratio=1.85x, close_pos=0.85. Candidate SOS: close=510.42 broke above range resistance=491.43 (+3.86%), strong close position=0.85 (threshold > 0.7), volume 1.84x avg (threshold >= 1.5x), spread 1.85x ATR) | P&F Target: ₹494.65 (+-1.7% upside)",https://www.tradingview.com/chart/?symbol=NSE%3AAEROFLEX&interval=D,https://www.tradingview.com/chart/?symbol=NSE%3AAEROFLEX&interval=W,https://www.tradingview.com/chart/?symbol=NSE%3AAEROFLEX&interval=75,pending,data/research_datasets/20260824,2026-08-24 10:05:13 UTC
SOLARINDS,SOLARINDS.NS,Solar Industries India Limited,2026-08-21,900,QUALIFIED_CANDIDATE,True,True,43.5,False,None,True,True,True,False,False,True,19900.0,62.1,18507.78,17428.16,,,1.09,0.157,,0.63,0.8,0.56,False,False,False,False,ST,2026-08-18,False,False,False,False,139,"Bar vol_ratio=1.34x, spread_ratio=0.76x, close_pos=0.64. Candidate ST: retest of SC low area (SC low=19480.00, bar low=20030.00, diff=2.8%), volume 1.34x avg strictly lower than SC volume 3.65x, spread 0.76x ATR, close pos=0.64",21162.2,6.3,24,False,"[QUALIFIED_CANDIDATE] Score: 43.5/100.0 | Mech Qual: PASS (Weekly WMA Up, Daily DMA(50/100) Up (18507.8>17428.2), RSI(14) Bullish (62.1)) | VSA: Vol Ratio: 0.63x, Close Pos: 0.56 | Candidate Event: ST (Bar vol_ratio=1.34x, spread_ratio=0.76x, close_pos=0.64. Candidate ST: retest of SC low area (SC low=19480.00, bar low=20030.00, diff=2.8%), volume 1.34x avg strictly lower than SC volume 3.65x, spread 0.76x ATR, close pos=0.64) | P&F Target: ₹21162.20 (+6.3% upside)",https://www.tradingview.com/chart/?symbol=NSE%3ASOLARINDS&interval=D,https://www.tradingview.com/chart/?symbol=NSE%3ASOLARINDS&interval=W,https://www.tradingview.com/chart/?symbol=NSE%3ASOLARINDS&interval=75,pending,data/research_datasets/20260824,2026-08-24 10:05:13 UTC
VINATIORGA,VINATIORGA.NS,Vinati Organics Limited,2026-08-21,901,QUALIFIED_CANDIDATE,True,True,43.0,False,None,False,True,False,True,True,True,1329.4,51.0,1328.02,1319.88,,,0.94,0.043,,0.69,0.98,0.67,False,False,False,False,LPS,2026-07-30,True,False,False,False,153,"Bar vol_ratio=0.65x, spread_ratio=0.95x, close_pos=0.36. Candidate LPS: higher low=1286.00 vs prior Spring low=1270.50 (+1.2%), holding above range support=1270.50, low volume 0.65x avg (threshold < 0.75x), spread 0.95x ATR, close pos=0.36",3576.3,169.0,33,True,"[QUALIFIED_CANDIDATE] Score: 43.0/100.0 | Mech Qual: PASS (Daily DMA(50/100) Up (1328.0>1319.9), ATR Contraction (0.94<1.0), BBW Contraction) | VSA: Vol Ratio: 0.69x, Close Pos: 0.67 | Candidate Event: LPS (Bar vol_ratio=0.65x, spread_ratio=0.95x, close_pos=0.36. Candidate LPS: higher low=1286.00 vs prior Spring low=1270.50 (+1.2%), holding above range support=1270.50, low volume 0.65x avg (threshold < 0.75x), spread 0.95x ATR, close pos=0.36) | P&F Target: ₹3576.30 (+169.0% upside)",https://www.tradingview.com/chart/?symbol=NSE%3AVINATIORGA&interval=D,https://www.tradingview.com/chart/?symbol=NSE%3AVINATIORGA&interval=W,https://www.tradingview.com/chart/?symbol=NSE%3AVINATIORGA&interval=75,pending,data/research_datasets/20260824,2026-08-24 10:05:13 UTC
TFCILTD,TFCILTD.NS,Tourism Finance Corporation of India Limited,2026-08-21,901,QUALIFIED_CANDIDATE,True,True,43.0,False,None,True,True,False,False,True,True,130.99,85.4,92.27,82.72,,,1.22,0.391,,0.44,0.99,0.17,False,False,False,False,LPS,2026-07-30,True,False,False,False,123,"Bar vol_ratio=0.55x, spread_ratio=0.66x, close_pos=0.62. Candidate LPS: higher low=98.73 vs prior ST low=74.68 (+32.2%), holding above range support=70.83, low volume 0.55x avg (threshold < 0.75x), spread 0.66x ATR, close pos=0.62",101.22,-22.7,1,False,"[QUALIFIED_CANDIDATE] Score: 43.0/100.0 | Mech Qual: PASS (Weekly WMA Up, Daily DMA(50/100) Up (92.3>82.7), BBW Contraction) | VSA: Vol Ratio: 0.44x, Close Pos: 0.17 | Candidate Event: LPS (Bar vol_ratio=0.55x, spread_ratio=0.66x, close_pos=0.62. Candidate LPS: higher low=98.73 vs prior ST low=74.68 (+32.2%), holding above range support=70.83, low volume 0.55x avg (threshold < 0.75x), spread 0.66x ATR, close pos=0.62) | P&F Target: ₹101.22 (+-22.7% upside)",https://www.tradingview.com/chart/?symbol=NSE%3ATFCILTD&interval=D,https://www.tradingview.com/chart/?symbol=NSE%3ATFCILTD&interval=W,https://www.tradingview.com/chart/?symbol=NSE%3ATFCILTD&interval=75,pending,data/research_datasets/20260824,2026-08-24 10:05:13 UTC
SONATSOFTW,SONATSOFTW.NS,Sonata Software Limited,2026-08-21,901,QUALIFIED_CANDIDATE,True,True,43.0,False,None,False,True,False,True,True,True,304.0,46.1,299.19,278.89,,,0.93,0.183,,0.31,0.42,0.26,False,False,True,False,SOS,2026-08-03,False,True,False,False,92,"Bar vol_ratio=1.71x, spread_ratio=1.88x, close_pos=0.91. Candidate SOS: close=344.53 broke above range resistance=326.20 (+5.62%), strong close position=0.91 (threshold > 0.7), volume 1.71x avg (threshold >= 1.5x), spread 1.88x ATR",428.81,41.1,25,True,"[QUALIFIED_CANDIDATE] Score: 43.0/100.0 | Mech Qual: PASS (Daily DMA(50/100) Up (299.2>278.9), ATR Contraction (0.93<1.0), BBW Contraction) | VSA: Vol Ratio: 0.31x, Close Pos: 0.26, No Supply (Dry-up) | Candidate Event: SOS (Bar vol_ratio=1.71x, spread_ratio=1.88x, close_pos=0.91. Candidate SOS: close=344.53 broke above range resistance=326.20 (+5.62%), strong close position=0.91 (threshold > 0.7), volume 1.71x avg (threshold >= 1.5x), spread 1.88x ATR) | P&F Target: ₹428.81 (+41.1% upside)",https://www.tradingview.com/chart/?symbol=NSE%3ASONATSOFTW&interval=D,https://www.tradingview.com/chart/?symbol=NSE%3ASONATSOFTW&interval=W,https://www.tradingview.com/chart/?symbol=NSE%3ASONATSOFTW&interval=75,pending,data/research_datasets/20260824,2026-08-24 10:05:13 UTC
SIGACHI,SIGACHI.NS,Sigachi Industries Limited,2026-08-21,900,QUALIFIED_CANDIDATE,True,True,43.0,False,None,False,True,True,False,False,True,30.05,67.5,24.97,23.02,,,1.74,0.233,,1.42,0.99,0.52,False,False,False,False,AR,2026-08-20,False,False,False,False,118,"Bar vol_ratio=4.26x, spread_ratio=2.01x, close_pos=0.46. Candidate AR: up bar 1 bar(s) after SC (SC date=2026-08-19 00:00:00, SC price=28.88), Open=29.00, Close=30.31, close pos=0.46, volume 4.26x avg (threshold >= 1.0x), spread 2.01x ATR",43.5,44.8,24,False,"[QUALIFIED_CANDIDATE] Score: 43.0/100.0 | Mech Qual: PASS (Daily DMA(50/100) Up (25.0>23.0), RSI(14) Bullish (67.5)) | VSA: Vol Ratio: 1.42x, Close Pos: 0.52 | Candidate Event: AR (Bar vol_ratio=4.26x, spread_ratio=2.01x, close_pos=0.46. Candidate AR: up bar 1 bar(s) after SC (SC date=2026-08-19 00:00:00, SC price=28.88), Open=29.00, Close=30.31, close pos=0.46, volume 4.26x avg (threshold >= 1.0x), spread 2.01x ATR) | P&F Target: ₹43.50 (+44.8% upside)",https://www.tradingview.com/chart/?symbol=NSE%3ASIGACHI&interval=D,https://www.tradingview.com/chart/?symbol=NSE%3ASIGACHI&interval=W,https://www.tradingview.com/chart/?symbol=NSE%3ASIGACHI&interval=75,pending,data/research_datasets/20260824,2026-08-24 10:05:13 UTC
SCI,SCI.NS,Shipping Corporation Of India Limited,2026-08-21,901,QUALIFIED_CANDIDATE,True,True,43.0,False,None,True,False,False,True,True,True,290.55,48.4,294.77,296.28,,,0.99,0.111,,0.35,0.51,0.12,False,False,True,False,LPS,2026-07-28,True,False,False,False,82,"Bar vol_ratio=0.68x, spread_ratio=0.88x, close_pos=0.17. Candidate LPS: higher low=277.50 vs prior Spring low=266.05 (+4.3%), holding above range support=260.20, low volume 0.68x avg (threshold < 0.75x), spread 0.88x ATR, close pos=0.17",370.48,27.5,22,True,"[QUALIFIED_CANDIDATE] Score: 43.0/100.0 | Mech Qual: PASS (Weekly WMA Up, ATR Contraction (0.99<1.0), BBW Contraction) | VSA: Vol Ratio: 0.35x, Close Pos: 0.12, No Supply (Dry-up) | Candidate Event: LPS (Bar vol_ratio=0.68x, spread_ratio=0.88x, close_pos=0.17. Candidate LPS: higher low=277.50 vs prior Spring low=266.05 (+4.3%), holding above range support=260.20, low volume 0.68x avg (threshold < 0.75x), spread 0.88x ATR, close pos=0.17) | P&F Target: ₹370.48 (+27.5% upside)",https://www.tradingview.com/chart/?symbol=NSE%3ASCI&interval=D,https://www.tradingview.com/chart/?symbol=NSE%3ASCI&interval=W,https://www.tradingview.com/chart/?symbol=NSE%3ASCI&interval=75,pending,data/research_datasets/20260824,2026-08-24 10:05:13 UTC
SAREGAMA,SAREGAMA.NS,Saregama India Limited,2026-08-21,900,QUALIFIED_CANDIDATE,True,True,43.0,False,None,True,True,False,False,True,True,506.55,47.7,498.89,438.82,,,1.2,0.087,,0.33,0.78,0.14,False,False,False,False,SOS,2026-08-04,False,True,False,False,127,"Bar vol_ratio=6.60x, spread_ratio=2.41x, close_pos=0.91. Candidate SOS: close=542.55 broke above range resistance=535.90 (+1.24%), strong close position=0.91 (threshold > 0.7), volume 6.60x avg (threshold >= 1.5x), spread 2.41x ATR",810.95,60.1,24,True,"[QUALIFIED_CANDIDATE] Score: 43.0/100.0 | Mech Qual: PASS (Weekly WMA Up, Daily DMA(50/100) Up (498.9>438.8), BBW Contraction) | VSA: Vol Ratio: 0.33x, Close Pos: 0.14 | Candidate Event: SOS (Bar vol_ratio=6.60x, spread_ratio=2.41x, close_pos=0.91. Candidate SOS: close=542.55 broke above range resistance=535.90 (+1.24%), strong close position=0.91 (threshold > 0.7), volume 6.60x avg (threshold >= 1.5x), spread 2.41x ATR) | P&F Target: ₹810.95 (+60.1% upside)",https://www.tradingview.com/chart/?symbol=NSE%3ASAREGAMA&interval=D,https://www.tradingview.com/chart/?symbol=NSE%3ASAREGAMA&interval=W,https://www.tradingview.com/chart/?symbol=NSE%3ASAREGAMA&interval=75,pending,data/research_datasets/20260824,2026-08-24 10:05:13 UTC
RPGLIFE,RPGLIFE.NS,RPG Life Sciences Limited,2026-08-21,901,QUALIFIED_CANDIDATE,True,True,43.0,False,None,False,True,False,True,True,True,2636.6,44.6,2618.57,2376.46,,,0.81,0.128,,0.29,0.61,0.4,False,False,False,False,SOS,2026-07-20,False,True,False,False,85,"Bar vol_ratio=2.74x, spread_ratio=1.89x, close_pos=0.81. Candidate SOS: close=3017.10 broke above range resistance=2993.80 (+0.78%), strong close position=0.81 (threshold > 0.7), volume 2.74x avg (threshold >= 1.5x), spread 1.89x ATR",3937.5,49.3,52,True,"[QUALIFIED_CANDIDATE] Score: 43.0/100.0 | Mech Qual: PASS (Daily DMA(50/100) Up (2618.6>2376.5), ATR Contraction (0.81<1.0), BBW Contraction) | VSA: Vol Ratio: 0.29x, Close Pos: 0.40 | Candidate Event: SOS (Bar vol_ratio=2.74x, spread_ratio=1.89x, close_pos=0.81. Candidate SOS: close=3017.10 broke above range resistance=2993.80 (+0.78%), strong close position=0.81 (threshold > 0.7), volume 2.74x avg (threshold >= 1.5x), spread 1.89x ATR) | P&F Target: ₹3937.50 (+49.3% upside)",https://www.tradingview.com/chart/?symbol=NSE%3ARPGLIFE&interval=D,https://www.tradingview.com/chart/?symbol=NSE%3ARPGLIFE&interval=W,https://www.tradingview.com/chart/?symbol=NSE%3ARPGLIFE&interval=75,pending,data/research_datasets/20260824,2026-08-24 10:05:13 UTC
RGL,RGL.NS,Renaissance Global Limited,2026-08-21,901,QUALIFIED_CANDIDATE,True,True,43.0,False,None,False,True,True,False,False,True,131.26,64.9,118.29,111.11,,,1.5,0.193,,0.36,0.67,0.66,False,False,False,False,AR,2026-08-13,False,False,False,False,112,"Bar vol_ratio=5.65x, spread_ratio=1.51x, close_pos=0.13. Candidate AR: up bar 1 bar(s) after SC (SC date=2026-08-12 00:00:00, SC price=110.14), Open=110.67, Close=111.14, close pos=0.13, volume 5.65x avg (threshold >= 1.0x), spread 1.51x ATR",354.03,169.7,80,False,"[QUALIFIED_CANDIDATE] Score: 43.0/100.0 | Mech Qual: PASS (Daily DMA(50/100) Up (118.3>111.1), RSI(14) Bullish (64.9)) | VSA: Vol Ratio: 0.36x, Close Pos: 0.66 | Candidate Event: AR (Bar vol_ratio=5.65x, spread_ratio=1.51x, close_pos=0.13. Candidate AR: up bar 1 bar(s) after SC (SC date=2026-08-12 00:00:00, SC price=110.14), Open=110.67, Close=111.14, close pos=0.13, volume 5.65x avg (threshold >= 1.0x), spread 1.51x ATR) | P&F Target: ₹354.03 (+169.7% upside)",https://www.tradingview.com/chart/?symbol=NSE%3ARGL&interval=D,https://www.tradingview.com/chart/?symbol=NSE%3ARGL&interval=W,https://www.tradingview.com/chart/?symbol=NSE%3ARGL&interval=75,pending,data/research_datasets/20260824,2026-08-24 10:05:13 UTC
REDINGTON,REDINGTON.NS,Redington Limited,2026-08-21,901,QUALIFIED_CANDIDATE,True,True,43.0,False,None,False,True,True,False,True,True,350.55,66.6,294.93,256.63,,,1.13,0.293,,0.42,0.97,0.58,False,False,False,False,SOS,2026-08-03,False,True,False,False,110,"Bar vol_ratio=7.26x, spread_ratio=2.81x, close_pos=0.74. Candidate SOS: close=347.85 broke above range resistance=338.50 (+2.76%), strong close position=0.74 (threshold > 0.7), volume 7.26x avg (threshold >= 1.5x), spread 2.81x ATR",465.77,32.9,33,True,"[QUALIFIED_CANDIDATE] Score: 43.0/100.0 | Mech Qual: PASS (Daily DMA(50/100) Up (294.9>256.6), RSI(14) Bullish (66.6), BBW Contraction) | VSA: Vol Ratio: 0.42x, Close Pos: 0.58 | Candidate Event: SOS (Bar vol_ratio=7.26x, spread_ratio=2.81x, close_pos=0.74. Candidate SOS: close=347.85 broke above range resistance=338.50 (+2.76%), strong close position=0.74 (threshold > 0.7), volume 7.26x avg (threshold >= 1.5x), spread 2.81x ATR) | P&F Target: ₹465.77 (+32.9% upside)",https://www.tradingview.com/chart/?symbol=NSE%3AREDINGTON&interval=D,https://www.tradingview.com/chart/?symbol=NSE%3AREDINGTON&interval=W,https://www.tradingview.com/chart/?symbol=NSE%3AREDINGTON&interval=75,pending,data/research_datasets/20260824,2026-08-24 10:05:13 UTC
PFOCUS,PFOCUS.NS,Prime Focus Limited,2026-08-21,900,QUALIFIED_CANDIDATE,True,True,43.0,False,None,True,False,True,False,True,True,296.95,59.0,263.36,273.77,,,1.08,0.157,,4.16,1.51,0.65,False,False,False,False,SOS,2026-07-29,False,True,False,False,120,"Bar vol_ratio=3.15x, spread_ratio=2.04x, close_pos=0.91. Candidate SOS: close=308.72 broke above range resistance=297.50 (+3.77%), strong close position=0.91 (threshold > 0.7), volume 3.15x avg (threshold >= 1.5x), spread 2.04x ATR",319.88,7.7,25,True,"[QUALIFIED_CANDIDATE] Score: 43.0/100.0 | Mech Qual: PASS (Weekly WMA Up, RSI(14) Bullish (59.0), BBW Contraction) | VSA: Vol Ratio: 4.16x, Close Pos: 0.65 | Candidate Event: SOS (Bar vol_ratio=3.15x, spread_ratio=2.04x, close_pos=0.91. Candidate SOS: close=308.72 broke above range resistance=297.50 (+3.77%), strong close position=0.91 (threshold > 0.7), volume 3.15x avg (threshold >= 1.5x), spread 2.04x ATR) | P&F Target: ₹319.88 (+7.7% upside)",https://www.tradingview.com/chart/?symbol=NSE%3APFOCUS&interval=D,https://www.tradingview.com/chart/?symbol=NSE%3APFOCUS&interval=W,https://www.tradingview.com/chart/?symbol=NSE%3APFOCUS&interval=75,pending,data/research_datasets/20260824,2026-08-24 10:05:13 UTC
MPSLTD,MPSLTD.NS,MPS Limited,2026-08-21,899,QUALIFIED_CANDIDATE,True,True,43.0,False,None,False,True,True,False,True,True,2897.9,65.4,2317.11,2030.21,,,1.14,0.136,,0.31,0.56,0.37,False,False,True,False,SOS,2026-07-24,False,True,False,False,107,"Bar vol_ratio=2.48x, spread_ratio=1.78x, close_pos=0.85. Candidate SOS: close=2769.70 broke above range resistance=2728.80 (+1.50%), strong close position=0.85 (threshold > 0.7), volume 2.48x avg (threshold >= 1.5x), spread 1.78x ATR",2646.7,-8.7,28,False,"[QUALIFIED_CANDIDATE] Score: 43.0/100.0 | Mech Qual: PASS (Daily DMA(50/100) Up (2317.1>2030.2), RSI(14) Bullish (65.4), BBW Contraction) | VSA: Vol Ratio: 0.31x, Close Pos: 0.37, No Supply (Dry-up) | Candidate Event: SOS (Bar vol_ratio=2.48x, spread_ratio=1.78x, close_pos=0.85. Candidate SOS: close=2769.70 broke above range resistance=2728.80 (+1.50%), strong close position=0.85 (threshold > 0.7), volume 2.48x avg (threshold >= 1.5x), spread 1.78x ATR) | P&F Target: ₹2646.70 (+-8.7% upside)",https://www.tradingview.com/chart/?symbol=NSE%3AMPSLTD&interval=D,https://www.tradingview.com/chart/?symbol=NSE%3AMPSLTD&interval=W,https://www.tradingview.com/chart/?symbol=NSE%3AMPSLTD&interval=75,pending,data/research_datasets/20260824,2026-08-24 10:05:13 UTC
MAHSEAMLES,MAHSEAMLES.NS,Maharashtra Seamless Limited,2026-08-21,901,QUALIFIED_CANDIDATE,True,True,43.0,False,None,True,False,True,False,False,True,634.15,66.1,601.22,616.16,,,1.18,0.133,,5.98,2.77,0.46,False,False,False,False,LPS,2026-07-27,True,False,False,False,97,"Bar vol_ratio=0.32x, spread_ratio=0.61x, close_pos=0.43. Candidate LPS: higher low=573.40 vs prior Spring low=557.20 (+2.9%), holding above range support=557.20, low volume 0.32x avg (threshold < 0.75x), spread 0.61x ATR, close pos=0.43",1009.65,59.2,30,True,"[QUALIFIED_CANDIDATE] Score: 43.0/100.0 | Mech Qual: PASS (Weekly WMA Up, RSI(14) Bullish (66.1)) | VSA: Vol Ratio: 5.98x, Close Pos: 0.46 | Candidate Event: LPS (Bar vol_ratio=0.32x, spread_ratio=0.61x, close_pos=0.43. Candidate LPS: higher low=573.40 vs prior Spring low=557.20 (+2.9%), holding above range support=557.20, low volume 0.32x avg (threshold < 0.75x), spread 0.61x ATR, close pos=0.43) | P&F Target: ₹1009.65 (+59.2% upside)",https://www.tradingview.com/chart/?symbol=NSE%3AMAHSEAMLES&interval=D,https://www.tradingview.com/chart/?symbol=NSE%3AMAHSEAMLES&interval=W,https://www.tradingview.com/chart/?symbol=NSE%3AMAHSEAMLES&interval=75,pending,data/research_datasets/20260824,2026-08-24 10:05:13 UTC
KMSUGAR,KMSUGAR.NS,K.M.Sugar Mills Limited,2026-08-21,901,QUALIFIED_CANDIDATE,True,True,43.0,False,None,True,False,True,False,False,True,33.55,68.9,28.02,28.11,,,1.43,0.303,,3.25,1.64,0.29,False,False,False,False,SC,2026-08-21,False,False,False,False,98,"Bar vol_ratio=3.25x, spread_ratio=1.64x, close_pos=0.29. Candidate SC: volume 3.25x 20-period avg (threshold >= 2.0x), spread 1.64x 20-period ATR (threshold >= 1.5x), down-close (Open=35.01, Close=33.55, close pos=0.29), Prior peak=36.00, bar low=32.85, decline=8.8% over prior 10 bars (threshold >= 3.0%)",88.66,164.3,80,False,"[QUALIFIED_CANDIDATE] Score: 43.0/100.0 | Mech Qual: PASS (Weekly WMA Up, RSI(14) Bullish (68.9)) | VSA: Vol Ratio: 3.25x, Close Pos: 0.29 | Candidate Event: SC (Bar vol_ratio=3.25x, spread_ratio=1.64x, close_pos=0.29. Candidate SC: volume 3.25x 20-period avg (threshold >= 2.0x), spread 1.64x 20-period ATR (threshold >= 1.5x), down-close (Open=35.01, Close=33.55, close pos=0.29), Prior peak=36.00, bar low=32.85, decline=8.8% over prior 10 bars (threshold >= 3.0%)) | P&F Target: ₹88.66 (+164.3% upside)",https://www.tradingview.com/chart/?symbol=NSE%3AKMSUGAR&interval=D,https://www.tradingview.com/chart/?symbol=NSE%3AKMSUGAR&interval=W,https://www.tradingview.com/chart/?symbol=NSE%3AKMSUGAR&interval=75,pending,data/research_datasets/20260824,2026-08-24 10:05:13 UTC
KECL,KECL.NS,Kirloskar Electric Company Limited,2026-08-21,901,QUALIFIED_CANDIDATE,True,True,43.0,False,None,True,True,False,False,True,True,132.23,47.3,125.1,121.1,,,1.44,0.173,,0.46,0.87,0.3,False,False,False,False,ST,2026-08-17,False,False,False,False,97,"Bar vol_ratio=0.78x, spread_ratio=1.00x, close_pos=0.25. Candidate ST: retest of SC low area (SC low=133.25, bar low=135.15, diff=1.4%), volume 0.78x avg strictly lower than SC volume 3.53x, spread 1.00x ATR, close pos=0.25",322.85,144.2,66,False,"[QUALIFIED_CANDIDATE] Score: 43.0/100.0 | Mech Qual: PASS (Weekly WMA Up, Daily DMA(50/100) Up (125.1>121.1), BBW Contraction) | VSA: Vol Ratio: 0.46x, Close Pos: 0.30 | Candidate Event: ST (Bar vol_ratio=0.78x, spread_ratio=1.00x, close_pos=0.25. Candidate ST: retest of SC low area (SC low=133.25, bar low=135.15, diff=1.4%), volume 0.78x avg strictly lower than SC volume 3.53x, spread 1.00x ATR, close pos=0.25) | P&F Target: ₹322.85 (+144.2% upside)",https://www.tradingview.com/chart/?symbol=NSE%3AKECL&interval=D,https://www.tradingview.com/chart/?symbol=NSE%3AKECL&interval=W,https://www.tradingview.com/chart/?symbol=NSE%3AKECL&interval=75,pending,data/research_datasets/20260824,2026-08-24 10:05:13 UTC
JINDWORLD,JINDWORLD.NS,Jindal Worldwide Limited,2026-08-21,901,QUALIFIED_CANDIDATE,True,True,43.0,False,None,False,True,False,True,True,True,35.33,48.2,33.74,30.28,,,0.8,0.181,,0.08,0.53,0.35,False,True,False,False,ST,2026-08-10,False,False,False,False,173,"Bar vol_ratio=0.14x, spread_ratio=0.88x, close_pos=0.29. Candidate ST: retest of SC low area (SC low=35.70, bar low=36.55, diff=2.4%), volume 0.14x avg strictly lower than SC volume 4.28x, spread 0.88x ATR, close pos=0.29",57.53,62.8,9,False,"[QUALIFIED_CANDIDATE] Score: 43.0/100.0 | Mech Qual: PASS (Daily DMA(50/100) Up (33.7>30.3), ATR Contraction (0.80<1.0), BBW Contraction) | VSA: Vol Ratio: 0.08x, Close Pos: 0.35, No Demand | Candidate Event: ST (Bar vol_ratio=0.14x, spread_ratio=0.88x, close_pos=0.29. Candidate ST: retest of SC low area (SC low=35.70, bar low=36.55, diff=2.4%), volume 0.14x avg strictly lower than SC volume 4.28x, spread 0.88x ATR, close pos=0.29) | P&F Target: ₹57.53 (+62.8% upside)",https://www.tradingview.com/chart/?symbol=NSE%3AJINDWORLD&interval=D,https://www.tradingview.com/chart/?symbol=NSE%3AJINDWORLD&interval=W,https://www.tradingview.com/chart/?symbol=NSE%3AJINDWORLD&interval=75,pending,data/research_datasets/20260824,2026-08-24 10:05:13 UTC
IRMENERGY,IRMENERGY.NS,IRM Energy Limited,2026-08-21,700,QUALIFIED_CANDIDATE,True,True,43.0,False,None,False,True,True,False,False,True,286.15,56.8,272.04,270.16,,,1.29,0.227,,0.25,0.49,0.31,False,True,False,False,ST,2026-08-11,False,False,False,False,105,"Bar vol_ratio=2.15x, spread_ratio=1.49x, close_pos=0.54. Candidate ST: retest of SC low area (SC low=288.80, bar low=294.55, diff=2.0%), volume 2.15x avg strictly lower than SC volume 8.67x, spread 1.49x ATR, close pos=0.54",833.95,191.4,37,False,"[QUALIFIED_CANDIDATE] Score: 43.0/100.0 | Mech Qual: PASS (Daily DMA(50/100) Up (272.0>270.2), RSI(14) Bullish (56.8)) | VSA: Vol Ratio: 0.25x, Close Pos: 0.31, No Demand | Candidate Event: ST (Bar vol_ratio=2.15x, spread_ratio=1.49x, close_pos=0.54. Candidate ST: retest of SC low area (SC low=288.80, bar low=294.55, diff=2.0%), volume 2.15x avg strictly lower than SC volume 8.67x, spread 1.49x ATR, close pos=0.54) | P&F Target: ₹833.95 (+191.4% upside)",https://www.tradingview.com/chart/?symbol=NSE%3AIRMENERGY&interval=D,https://www.tradingview.com/chart/?symbol=NSE%3AIRMENERGY&interval=W,https://www.tradingview.com/chart/?symbol=NSE%3AIRMENERGY&interval=75,pending,data/research_datasets/20260824,2026-08-24 10:05:13 UTC
GULPOLY,GULPOLY.NS,Gulshan Polyols Limited,2026-08-21,900,QUALIFIED_CANDIDATE,True,True,43.0,False,None,True,False,False,False,True,True,190.71,48.1,193.98,189.23,,,1.05,0.14,,0.34,0.59,0.59,False,False,True,False,ST,2026-08-11,False,False,False,False,110,"Bar vol_ratio=0.18x, spread_ratio=0.52x, close_pos=0.03. Candidate ST: retest of SC low area (SC low=203.00, bar low=198.00, diff=2.5%), volume 0.18x avg strictly lower than SC volume 3.60x, spread 0.52x ATR, close pos=0.03",673.78,253.3,81,False,"[QUALIFIED_CANDIDATE] Score: 43.0/100.0 | Mech Qual: PASS (Weekly WMA Up, BBW Contraction) | VSA: Vol Ratio: 0.34x, Close Pos: 0.59, No Supply (Dry-up) | Candidate Event: ST (Bar vol_ratio=0.18x, spread_ratio=0.52x, close_pos=0.03. Candidate ST: retest of SC low area (SC low=203.00, bar low=198.00, diff=2.5%), volume 0.18x avg strictly lower than SC volume 3.60x, spread 0.52x ATR, close pos=0.03) | P&F Target: ₹673.78 (+253.3% upside)",https://www.tradingview.com/chart/?symbol=NSE%3AGULPOLY&interval=D,https://www.tradingview.com/chart/?symbol=NSE%3AGULPOLY&interval=W,https://www.tradingview.com/chart/?symbol=NSE%3AGULPOLY&interval=75,pending,data/research_datasets/20260824,2026-08-24 10:05:13 UTC
GROWW,GROWW.NS,Billionbrains Garage Ventures Limited,2026-08-21,196,QUALIFIED_CANDIDATE,True,True,43.0,False,None,True,False,False,True,True,True,197.01,50.3,199.25,197.7,,,0.78,0.062,,1.18,1.35,0.3,False,False,False,False,ST,2026-08-20,False,False,False,False,12,"Bar vol_ratio=2.04x, spread_ratio=1.71x, close_pos=0.85. Candidate ST: retest of SC low area (SC low=190.86, bar low=193.71, diff=1.5%), volume 2.04x avg strictly lower than SC volume 2.59x, spread 1.71x ATR, close pos=0.85",241.79,22.7,14,False,"[QUALIFIED_CANDIDATE] Score: 43.0/100.0 | Mech Qual: PASS (Weekly WMA Up, ATR Contraction (0.78<1.0), BBW Contraction) | VSA: Vol Ratio: 1.18x, Close Pos: 0.30 | Candidate Event: ST (Bar vol_ratio=2.04x, spread_ratio=1.71x, close_pos=0.85. Candidate ST: retest of SC low area (SC low=190.86, bar low=193.71, diff=1.5%), volume 2.04x avg strictly lower than SC volume 2.59x, spread 1.71x ATR, close pos=0.85) | P&F Target: ₹241.79 (+22.7% upside)",https://www.tradingview.com/chart/?symbol=NSE%3AGROWW&interval=D,https://www.tradingview.com/chart/?symbol=NSE%3AGROWW&interval=W,https://www.tradingview.com/chart/?symbol=NSE%3AGROWW&interval=75,pending,data/research_datasets/20260824,2026-08-24 10:05:13 UTC
GRAPHITE,GRAPHITE.NS,Graphite India Limited,2026-08-21,901,QUALIFIED_CANDIDATE,True,True,43.0,False,None,True,False,True,False,True,True,710.75,56.1,655.08,677.74,,,1.15,0.168,,0.48,0.94,0.2,False,False,False,False,LPS,2026-07-20,True,False,False,False,102,"Bar vol_ratio=0.57x, spread_ratio=0.60x, close_pos=0.76. Candidate LPS: higher low=627.35 vs prior Spring low=563.81 (+11.3%), holding above range support=563.81, low volume 0.57x avg (threshold < 0.75x), spread 0.60x ATR, close pos=0.76",1171.38,64.8,37,True,"[QUALIFIED_CANDIDATE] Score: 43.0/100.0 | Mech Qual: PASS (Weekly WMA Up, RSI(14) Bullish (56.1), BBW Contraction) | VSA: Vol Ratio: 0.48x, Close Pos: 0.20 | Candidate Event: LPS (Bar vol_ratio=0.57x, spread_ratio=0.60x, close_pos=0.76. Candidate LPS: higher low=627.35 vs prior Spring low=563.81 (+11.3%), holding above range support=563.81, low volume 0.57x avg (threshold < 0.75x), spread 0.60x ATR, close pos=0.76) | P&F Target: ₹1171.38 (+64.8% upside)",https://www.tradingview.com/chart/?symbol=NSE%3AGRAPHITE&interval=D,https://www.tradingview.com/chart/?symbol=NSE%3AGRAPHITE&interval=W,https://www.tradingview.com/chart/?symbol=NSE%3AGRAPHITE&interval=75,pending,data/research_datasets/20260824,2026-08-24 10:05:13 UTC
ETHOSLTD,ETHOSLTD.NS,Ethos Limited,2026-08-21,900,QUALIFIED_CANDIDATE,True,True,43.0,False,None,False,True,True,False,False,True,2840.5,58.6,2613.46,2507.44,,,1.14,0.185,,0.11,0.47,0.29,False,False,True,False,ST,2026-08-20,False,False,False,False,138,"Bar vol_ratio=0.16x, spread_ratio=0.54x, close_pos=0.26. Candidate ST: retest of SC low area (SC low=2850.10, bar low=2849.10, diff=0.0%), volume 0.16x avg strictly lower than SC volume 5.53x, spread 0.54x ATR, close pos=0.26",4869.3,71.4,68,False,"[QUALIFIED_CANDIDATE] Score: 43.0/100.0 | Mech Qual: PASS (Daily DMA(50/100) Up (2613.5>2507.4), RSI(14) Bullish (58.6)) | VSA: Vol Ratio: 0.11x, Close Pos: 0.29, No Supply (Dry-up) | Candidate Event: ST (Bar vol_ratio=0.16x, spread_ratio=0.54x, close_pos=0.26. Candidate ST: retest of SC low area (SC low=2850.10, bar low=2849.10, diff=0.0%), volume 0.16x avg strictly lower than SC volume 5.53x, spread 0.54x ATR, close pos=0.26) | P&F Target: ₹4869.30 (+71.4% upside)",https://www.tradingview.com/chart/?symbol=NSE%3AETHOSLTD&interval=D,https://www.tradingview.com/chart/?symbol=NSE%3AETHOSLTD&interval=W,https://www.tradingview.com/chart/?symbol=NSE%3AETHOSLTD&interval=75,pending,data/research_datasets/20260824,2026-08-24 10:05:13 UTC
DVL,DVL.NS,Dhunseri Ventures Limited,2026-08-21,899,QUALIFIED_CANDIDATE,True,True,43.0,False,None,False,True,True,False,False,True,269.49,59.7,246.96,243.2,,,1.66,0.239,,0.27,0.6,0.69,False,False,False,False,SOS,2026-08-05,False,True,False,False,117,"Bar vol_ratio=2.05x, spread_ratio=2.50x, close_pos=0.75. Candidate SOS: close=262.60 broke above range resistance=250.61 (+4.78%), strong close position=0.75 (threshold > 0.7), volume 2.05x avg (threshold >= 1.5x), spread 2.50x ATR",737.39,173.6,66,True,"[QUALIFIED_CANDIDATE] Score: 43.0/100.0 | Mech Qual: PASS (Daily DMA(50/100) Up (247.0>243.2), RSI(14) Bullish (59.7)) | VSA: Vol Ratio: 0.27x, Close Pos: 0.69 | Candidate Event: SOS (Bar vol_ratio=2.05x, spread_ratio=2.50x, close_pos=0.75. Candidate SOS: close=262.60 broke above range resistance=250.61 (+4.78%), strong close position=0.75 (threshold > 0.7), volume 2.05x avg (threshold >= 1.5x), spread 2.50x ATR) | P&F Target: ₹737.39 (+173.6% upside)",https://www.tradingview.com/chart/?symbol=NSE%3ADVL&interval=D,https://www.tradingview.com/chart/?symbol=NSE%3ADVL&interval=W,https://www.tradingview.com/chart/?symbol=NSE%3ADVL&interval=75,pending,data/research_datasets/20260824,2026-08-24 10:05:13 UTC
DBOL,DBOL.NS,Dhampur Bio Organics Limited,2026-08-21,900,QUALIFIED_CANDIDATE,True,True,43.0,False,None,True,False,True,False,False,True,131.15,69.8,111.54,111.89,,,1.29,0.385,,1.31,1.06,0.41,False,False,False,False,AR,2026-08-19,False,False,False,False,124,"Bar vol_ratio=3.17x, spread_ratio=1.35x, close_pos=0.75. Candidate AR: up bar 1 bar(s) after SC (SC date=2026-08-18 00:00:00, SC price=121.99), Open=123.00, Close=129.26, close pos=0.75, volume 3.17x avg (threshold >= 1.0x), spread 1.35x ATR",264.64,101.8,25,False,"[QUALIFIED_CANDIDATE] Score: 43.0/100.0 | Mech Qual: PASS (Weekly WMA Up, RSI(14) Bullish (69.8)) | VSA: Vol Ratio: 1.31x, Close Pos: 0.41 | Candidate Event: AR (Bar vol_ratio=3.17x, spread_ratio=1.35x, close_pos=0.75. Candidate AR: up bar 1 bar(s) after SC (SC date=2026-08-18 00:00:00, SC price=121.99), Open=123.00, Close=129.26, close pos=0.75, volume 3.17x avg (threshold >= 1.0x), spread 1.35x ATR) | P&F Target: ₹264.64 (+101.8% upside)",https://www.tradingview.com/chart/?symbol=NSE%3ADBOL&interval=D,https://www.tradingview.com/chart/?symbol=NSE%3ADBOL&interval=W,https://www.tradingview.com/chart/?symbol=NSE%3ADBOL&interval=75,pending,data/research_datasets/20260824,2026-08-24 10:05:13 UTC
CUB,CUB.NS,City Union Bank Limited,2026-08-21,901,QUALIFIED_CANDIDATE,True,True,43.0,False,None,False,True,False,True,False,True,217.3,52.4,213.09,201.93,,,0.85,0.15,,0.17,0.52,0.18,False,False,True,False,SOS,2026-07-28,False,True,False,False,122,"Bar vol_ratio=6.31x, spread_ratio=3.26x, close_pos=0.74. Candidate SOS: close=235.93 broke above range resistance=232.22 (+1.60%), strong close position=0.74 (threshold > 0.7), volume 6.31x avg (threshold >= 1.5x), spread 3.26x ATR",285.43,31.4,25,True,"[QUALIFIED_CANDIDATE] Score: 43.0/100.0 | Mech Qual: PASS (Daily DMA(50/100) Up (213.1>201.9), ATR Contraction (0.85<1.0)) | VSA: Vol Ratio: 0.17x, Close Pos: 0.18, No Supply (Dry-up) | Candidate Event: SOS (Bar vol_ratio=6.31x, spread_ratio=3.26x, close_pos=0.74. Candidate SOS: close=235.93 broke above range resistance=232.22 (+1.60%), strong close position=0.74 (threshold > 0.7), volume 6.31x avg (threshold >= 1.5x), spread 3.26x ATR) | P&F Target: ₹285.43 (+31.4% upside)",https://www.tradingview.com/chart/?symbol=NSE%3ACUB&interval=D,https://www.tradingview.com/chart/?symbol=NSE%3ACUB&interval=W,https://www.tradingview.com/chart/?symbol=NSE%3ACUB&interval=75,pending,data/research_datasets/20260824,2026-08-24 10:05:13 UTC
COFORGE,COFORGE.NS,Coforge Limited,2026-08-21,901,QUALIFIED_CANDIDATE,True,True,43.0,False,None,False,True,False,True,True,True,1891.7,73.0,1593.24,1451.34,,,0.83,0.174,,0.59,0.76,1.0,False,False,False,False,SOS,2026-07-28,False,True,False,False,106,"Bar vol_ratio=4.47x, spread_ratio=2.09x, close_pos=0.95. Candidate SOS: close=1678.23 broke above range resistance=1561.77 (+7.46%), strong close position=0.95 (threshold > 0.7), volume 4.47x avg (threshold >= 1.5x), spread 2.09x ATR",2322.16,22.8,26,True,"[QUALIFIED_CANDIDATE] Score: 43.0/100.0 | Mech Qual: PASS (Daily DMA(50/100) Up (1593.2>1451.3), ATR Contraction (0.83<1.0), BBW Contraction) | VSA: Vol Ratio: 0.59x, Close Pos: 1.00 | Candidate Event: SOS (Bar vol_ratio=4.47x, spread_ratio=2.09x, close_pos=0.95. Candidate SOS: close=1678.23 broke above range resistance=1561.77 (+7.46%), strong close position=0.95 (threshold > 0.7), volume 4.47x avg (threshold >= 1.5x), spread 2.09x ATR) | P&F Target: ₹2322.16 (+22.8% upside)",https://www.tradingview.com/chart/?symbol=NSE%3ACOFORGE&interval=D,https://www.tradingview.com/chart/?symbol=NSE%3ACOFORGE&interval=W,https://www.tradingview.com/chart/?symbol=NSE%3ACOFORGE&interval=75,pending,data/research_datasets/20260824,2026-08-24 10:05:13 UTC
CHOLAFIN,CHOLAFIN.NS,Cholamandalam Investment and Finance Company Limited,2026-08-21,901,QUALIFIED_CANDIDATE,True,True,43.0,False,None,False,True,False,True,True,True,1862.9,52.3,1805.8,1674.96,,,0.85,0.109,,0.61,0.67,0.23,False,False,False,False,SOS,2026-08-06,False,True,False,False,85,"Bar vol_ratio=1.67x, spread_ratio=1.44x, close_pos=0.85. Candidate SOS: close=1940.00 broke above range resistance=1913.00 (+1.41%), strong close position=0.85 (threshold > 0.7), volume 1.67x avg (threshold >= 1.5x), spread 1.44x ATR",2026.3,8.8,36,True,"[QUALIFIED_CANDIDATE] Score: 43.0/100.0 | Mech Qual: PASS (Daily DMA(50/100) Up (1805.8>1675.0), ATR Contraction (0.85<1.0), BBW Contraction) | VSA: Vol Ratio: 0.61x, Close Pos: 0.23 | Candidate Event: SOS (Bar vol_ratio=1.67x, spread_ratio=1.44x, close_pos=0.85. Candidate SOS: close=1940.00 broke above range resistance=1913.00 (+1.41%), strong close position=0.85 (threshold > 0.7), volume 1.67x avg (threshold >= 1.5x), spread 1.44x ATR) | P&F Target: ₹2026.30 (+8.8% upside)",https://www.tradingview.com/chart/?symbol=NSE%3ACHOLAFIN&interval=D,https://www.tradingview.com/chart/?symbol=NSE%3ACHOLAFIN&interval=W,https://www.tradingview.com/chart/?symbol=NSE%3ACHOLAFIN&interval=75,pending,data/research_datasets/20260824,2026-08-24 10:05:13 UTC
ASKAUTOLTD,ASKAUTOLTD.NS,ASK Automotive Limited,2026-08-21,687,QUALIFIED_CANDIDATE,True,True,43.0,False,None,False,True,True,False,False,True,621.15,59.2,522.41,481.48,,,1.63,0.384,,0.33,1.05,0.11,False,False,False,False,SOS,2026-08-06,False,True,False,False,56,"Bar vol_ratio=5.52x, spread_ratio=2.51x, close_pos=0.86. Candidate SOS: close=678.80 broke above range resistance=648.00 (+4.75%), strong close position=0.86 (threshold > 0.7), volume 5.52x avg (threshold >= 1.5x), spread 2.51x ATR",1267.13,104.0,54,True,"[QUALIFIED_CANDIDATE] Score: 43.0/100.0 | Mech Qual: PASS (Daily DMA(50/100) Up (522.4>481.5), RSI(14) Bullish (59.2)) | VSA: Vol Ratio: 0.33x, Close Pos: 0.11 | Candidate Event: SOS (Bar vol_ratio=5.52x, spread_ratio=2.51x, close_pos=0.86. Candidate SOS: close=678.80 broke above range resistance=648.00 (+4.75%), strong close position=0.86 (threshold > 0.7), volume 5.52x avg (threshold >= 1.5x), spread 2.51x ATR) | P&F Target: ₹1267.13 (+104.0% upside)",https://www.tradingview.com/chart/?symbol=NSE%3AASKAUTOLTD&interval=D,https://www.tradingview.com/chart/?symbol=NSE%3AASKAUTOLTD&interval=W,https://www.tradingview.com/chart/?symbol=NSE%3AASKAUTOLTD&interval=75,pending,data/research_datasets/20260824,2026-08-24 10:05:13 UTC
AFFLE,AFFLE.NS,Affle 3i Limited,2026-08-21,901,QUALIFIED_CANDIDATE,True,True,43.0,False,None,False,True,True,False,True,True,1718.7,61.4,1548.46,1502.95,,,1.11,0.128,,0.15,0.42,0.51,False,False,True,False,SOS,2026-07-28,False,True,False,False,124,"Bar vol_ratio=10.41x, spread_ratio=3.25x, close_pos=0.86. Candidate SOS: close=1631.80 broke above range resistance=1590.00 (+2.63%), strong close position=0.86 (threshold > 0.7), volume 10.41x avg (threshold >= 1.5x), spread 3.25x ATR",2471.6,43.8,35,True,"[QUALIFIED_CANDIDATE] Score: 43.0/100.0 | Mech Qual: PASS (Daily DMA(50/100) Up (1548.5>1503.0), RSI(14) Bullish (61.4), BBW Contraction) | VSA: Vol Ratio: 0.15x, Close Pos: 0.51, No Supply (Dry-up) | Candidate Event: SOS (Bar vol_ratio=10.41x, spread_ratio=3.25x, close_pos=0.86. Candidate SOS: close=1631.80 broke above range resistance=1590.00 (+2.63%), strong close position=0.86 (threshold > 0.7), volume 10.41x avg (threshold >= 1.5x), spread 3.25x ATR) | P&F Target: ₹2471.60 (+43.8% upside)",https://www.tradingview.com/chart/?symbol=NSE%3AAFFLE&interval=D,https://www.tradingview.com/chart/?symbol=NSE%3AAFFLE&interval=W,https://www.tradingview.com/chart/?symbol=NSE%3AAFFLE&interval=75,pending,data/research_datasets/20260824,2026-08-24 10:05:13 UTC
OFSS,OFSS.NS,Oracle Financial Services Software Limited,2026-08-21,901,QUALIFIED_CANDIDATE,True,True,41.0,False,None,True,True,True,True,True,True,11724.0,55.7,11119.77,10031.7,,,0.79,0.088,,0.48,0.68,0.34,False,False,False,False,SC,2026-07-23,False,False,False,False,106,"Bar vol_ratio=7.75x, spread_ratio=3.54x, close_pos=0.62. Candidate SC: volume 7.75x 20-period avg (threshold >= 2.0x), spread 3.54x 20-period ATR (threshold >= 1.5x), down-close (Open=11299.00, Close=10843.00, close pos=0.62), Prior peak=11979.00, bar low=9937.00, decline=17.0% over prior 10 bars (threshold >= 3.0%)",12654.5,7.9,28,False,"[QUALIFIED_CANDIDATE] Score: 41.0/100.0 | Mech Qual: PASS (Weekly WMA Up, Daily DMA(50/100) Up (11119.8>10031.7), RSI(14) Bullish (55.7), ATR Contraction (0.79<1.0), BBW Contraction) | VSA: Vol Ratio: 0.48x, Close Pos: 0.34 | Candidate Event: SC (Bar vol_ratio=7.75x, spread_ratio=3.54x, close_pos=0.62. Candidate SC: volume 7.75x 20-period avg (threshold >= 2.0x), spread 3.54x 20-period ATR (threshold >= 1.5x), down-close (Open=11299.00, Close=10843.00, close pos=0.62), Prior peak=11979.00, bar low=9937.00, decline=17.0% over prior 10 bars (threshold >= 3.0%)) | P&F Target: ₹12654.50 (+7.9% upside)",https://www.tradingview.com/chart/?symbol=NSE%3AOFSS&interval=D,https://www.tradingview.com/chart/?symbol=NSE%3AOFSS&interval=W,https://www.tradingview.com/chart/?symbol=NSE%3AOFSS&interval=75,pending,data/research_datasets/20260824,2026-08-24 10:05:13 UTC
VIDHIING,VIDHIING.NS,Vidhi Specialty Food Ingredients Limited,2026-08-21,899,QUALIFIED_CANDIDATE,True,True,40.5,False,None,False,True,True,True,True,True,328.55,58.9,303.11,302.38,,,0.95,0.114,,0.24,0.87,0.66,False,False,False,False,AR,2026-07-30,False,False,False,False,112,"Bar vol_ratio=4.71x, spread_ratio=0.93x, close_pos=0.82. Candidate AR: up bar 1 bar(s) after SC (SC date=2026-07-29 00:00:00, SC price=300.50), Open=304.00, Close=309.90, close pos=0.82, volume 4.71x avg (threshold >= 1.0x), spread 0.93x ATR",562.95,71.3,18,True,"[QUALIFIED_CANDIDATE] Score: 40.5/100.0 | Mech Qual: PASS (Daily DMA(50/100) Up (303.1>302.4), RSI(14) Bullish (58.9), ATR Contraction (0.95<1.0), BBW Contraction) | VSA: Vol Ratio: 0.24x, Close Pos: 0.66 | Candidate Event: AR (Bar vol_ratio=4.71x, spread_ratio=0.93x, close_pos=0.82. Candidate AR: up bar 1 bar(s) after SC (SC date=2026-07-29 00:00:00, SC price=300.50), Open=304.00, Close=309.90, close pos=0.82, volume 4.71x avg (threshold >= 1.0x), spread 0.93x ATR) | P&F Target: ₹562.95 (+71.3% upside)",https://www.tradingview.com/chart/?symbol=NSE%3AVIDHIING&interval=D,https://www.tradingview.com/chart/?symbol=NSE%3AVIDHIING&interval=W,https://www.tradingview.com/chart/?symbol=NSE%3AVIDHIING&interval=75,pending,data/research_datasets/20260824,2026-08-24 10:05:13 UTC
TBZ,TBZ.NS,Tribhovandas Bhimji Zaveri Limited,2026-08-21,901,QUALIFIED_CANDIDATE,True,True,40.5,False,None,True,True,True,False,True,True,279.5,60.2,236.41,192.26,,,1.09,0.239,,3.68,2.38,0.72,False,False,False,False,SC,2026-08-12,False,False,False,False,120,"Bar vol_ratio=2.41x, spread_ratio=2.31x, close_pos=0.11. Candidate SC: volume 2.41x 20-period avg (threshold >= 2.0x), spread 2.31x 20-period ATR (threshold >= 1.5x), down-close (Open=270.70, Close=236.90, close pos=0.11), Prior peak=295.70, bar low=232.50, decline=21.4% over prior 10 bars (threshold >= 3.0%)",287.75,3.0,41,True,"[QUALIFIED_CANDIDATE] Score: 40.5/100.0 | Mech Qual: PASS (Weekly WMA Up, Daily DMA(50/100) Up (236.4>192.3), RSI(14) Bullish (60.2), BBW Contraction) | VSA: Vol Ratio: 3.68x, Close Pos: 0.72 | Candidate Event: SC (Bar vol_ratio=2.41x, spread_ratio=2.31x, close_pos=0.11. Candidate SC: volume 2.41x 20-period avg (threshold >= 2.0x), spread 2.31x 20-period ATR (threshold >= 1.5x), down-close (Open=270.70, Close=236.90, close pos=0.11), Prior peak=295.70, bar low=232.50, decline=21.4% over prior 10 bars (threshold >= 3.0%)) | P&F Target: ₹287.75 (+3.0% upside)",https://www.tradingview.com/chart/?symbol=NSE%3ATBZ&interval=D,https://www.tradingview.com/chart/?symbol=NSE%3ATBZ&interval=W,https://www.tradingview.com/chart/?symbol=NSE%3ATBZ&interval=75,pending,data/research_datasets/20260824,2026-08-24 10:05:13 UTC
TASTYBITE,TASTYBITE.NS,Tasty Bite Eatables Limited,2026-08-21,900,QUALIFIED_CANDIDATE,True,True,40.5,False,None,True,True,True,False,False,True,10135.5,63.0,9001.22,8212.23,,,1.31,0.184,,0.17,0.61,0.68,False,False,False,False,AR,2026-08-14,False,False,False,False,162,"Bar vol_ratio=15.18x, spread_ratio=3.42x, close_pos=0.66. Candidate AR: up bar 1 bar(s) after SC (SC date=2026-08-13 00:00:00, SC price=9090.50), Open=9100.50, Close=10005.00, close pos=0.66, volume 15.18x avg (threshold >= 1.0x), spread 3.42x ATR",8711.75,-14.0,6,True,"[QUALIFIED_CANDIDATE] Score: 40.5/100.0 | Mech Qual: PASS (Weekly WMA Up, Daily DMA(50/100) Up (9001.2>8212.2), RSI(14) Bullish (63.0)) | VSA: Vol Ratio: 0.17x, Close Pos: 0.68 | Candidate Event: AR (Bar vol_ratio=15.18x, spread_ratio=3.42x, close_pos=0.66. Candidate AR: up bar 1 bar(s) after SC (SC date=2026-08-13 00:00:00, SC price=9090.50), Open=9100.50, Close=10005.00, close pos=0.66, volume 15.18x avg (threshold >= 1.0x), spread 3.42x ATR) | P&F Target: ₹8711.75 (+-14.0% upside)",https://www.tradingview.com/chart/?symbol=NSE%3ATASTYBITE&interval=D,https://www.tradingview.com/chart/?symbol=NSE%3ATASTYBITE&interval=W,https://www.tradingview.com/chart/?symbol=NSE%3ATASTYBITE&interval=75,pending,data/research_datasets/20260824,2026-08-24 10:05:13 UTC
NYKAA,NYKAA.NS,FSN E-Commerce Ventures Limited,2026-08-21,901,QUALIFIED_CANDIDATE,True,True,40.5,False,None,True,True,True,False,True,True,334.0,57.8,319.22,292.23,,,1.04,0.068,,0.94,0.9,0.84,False,False,False,False,ST,2026-08-07,False,False,False,False,86,"Bar vol_ratio=0.69x, spread_ratio=0.90x, close_pos=0.47. Candidate ST: retest of SC low area (SC low=327.70, bar low=328.65, diff=0.3%), volume 0.69x avg strictly lower than SC volume 4.83x, spread 0.90x ATR, close pos=0.47",481.4,44.1,52,True,"[QUALIFIED_CANDIDATE] Score: 40.5/100.0 | Mech Qual: PASS (Weekly WMA Up, Daily DMA(50/100) Up (319.2>292.2), RSI(14) Bullish (57.8), BBW Contraction) | VSA: Vol Ratio: 0.94x, Close Pos: 0.84 | Candidate Event: ST (Bar vol_ratio=0.69x, spread_ratio=0.90x, close_pos=0.47. Candidate ST: retest of SC low area (SC low=327.70, bar low=328.65, diff=0.3%), volume 0.69x avg strictly lower than SC volume 4.83x, spread 0.90x ATR, close pos=0.47) | P&F Target: ₹481.40 (+44.1% upside)",https://www.tradingview.com/chart/?symbol=NSE%3ANYKAA&interval=D,https://www.tradingview.com/chart/?symbol=NSE%3ANYKAA&interval=W,https://www.tradingview.com/chart/?symbol=NSE%3ANYKAA&interval=75,pending,data/research_datasets/20260824,2026-08-24 10:05:13 UTC
MUNJALAU,MUNJALAU.NS,Munjal Auto Industries Limited,2026-08-21,900,QUALIFIED_CANDIDATE,True,True,40.5,False,None,True,True,True,False,False,True,115.35,63.8,102.35,93.64,,,1.24,0.277,,0.2,0.9,0.28,False,False,False,False,ST,2026-08-21,False,False,False,False,129,"Bar vol_ratio=0.20x, spread_ratio=0.90x, close_pos=0.28. Candidate ST: retest of SC low area (SC low=117.37, bar low=114.09, diff=2.8%), volume 0.20x avg strictly lower than SC volume 2.37x, spread 0.90x ATR, close pos=0.28",120.33,4.3,42,True,"[QUALIFIED_CANDIDATE] Score: 40.5/100.0 | Mech Qual: PASS (Weekly WMA Up, Daily DMA(50/100) Up (102.3>93.6), RSI(14) Bullish (63.8)) | VSA: Vol Ratio: 0.20x, Close Pos: 0.28 | Candidate Event: ST (Bar vol_ratio=0.20x, spread_ratio=0.90x, close_pos=0.28. Candidate ST: retest of SC low area (SC low=117.37, bar low=114.09, diff=2.8%), volume 0.20x avg strictly lower than SC volume 2.37x, spread 0.90x ATR, close pos=0.28) | P&F Target: ₹120.33 (+4.3% upside)",https://www.tradingview.com/chart/?symbol=NSE%3AMUNJALAU&interval=D,https://www.tradingview.com/chart/?symbol=NSE%3AMUNJALAU&interval=W,https://www.tradingview.com/chart/?symbol=NSE%3AMUNJALAU&interval=75,pending,data/research_datasets/20260824,2026-08-24 10:05:13 UTC
MASTERTR,MASTERTR.NS,Master Trust Limited,2026-08-21,425,QUALIFIED_CANDIDATE,True,True,40.5,False,None,False,True,True,True,True,True,84.99,59.2,81.47,81.3,,,0.96,0.122,,9.32,3.3,0.64,False,False,False,False,ST,2026-07-14,False,False,False,False,77,"Bar vol_ratio=0.46x, spread_ratio=1.27x, close_pos=0.63. Candidate ST: retest of SC low area (SC low=90.00, bar low=89.78, diff=0.2%), volume 0.46x avg strictly lower than SC volume 3.91x, spread 1.27x ATR, close pos=0.63",114.23,34.4,6,False,"[QUALIFIED_CANDIDATE] Score: 40.5/100.0 | Mech Qual: PASS (Daily DMA(50/100) Up (81.5>81.3), RSI(14) Bullish (59.2), ATR Contraction (0.96<1.0), BBW Contraction) | VSA: Vol Ratio: 9.32x, Close Pos: 0.64 | Candidate Event: ST (Bar vol_ratio=0.46x, spread_ratio=1.27x, close_pos=0.63. Candidate ST: retest of SC low area (SC low=90.00, bar low=89.78, diff=0.2%), volume 0.46x avg strictly lower than SC volume 3.91x, spread 1.27x ATR, close pos=0.63) | P&F Target: ₹114.23 (+34.4% upside)",https://www.tradingview.com/chart/?symbol=NSE%3AMASTERTR&interval=D,https://www.tradingview.com/chart/?symbol=NSE%3AMASTERTR&interval=W,https://www.tradingview.com/chart/?symbol=NSE%3AMASTERTR&interval=75,pending,data/research_datasets/20260824,2026-08-24 10:05:13 UTC
MANKIND,MANKIND.NS,Mankind Pharma Limited,2026-08-21,816,QUALIFIED_CANDIDATE,True,True,40.5,False,None,True,False,False,True,False,True,2384.0,39.7,2480.13,2390.29,,,0.72,0.116,,0.74,0.76,0.44,False,False,False,False,ST,2026-08-04,False,False,False,False,99,"Bar vol_ratio=0.71x, spread_ratio=0.70x, close_pos=0.00. Candidate ST: retest of SC low area (SC low=2422.00, bar low=2438.00, diff=0.7%), volume 0.71x avg strictly lower than SC volume 5.11x, spread 0.70x ATR, close pos=0.00",3311.9,38.9,41,True,"[QUALIFIED_CANDIDATE] Score: 40.5/100.0 | Mech Qual: PASS (Weekly WMA Up, ATR Contraction (0.72<1.0)) | VSA: Vol Ratio: 0.74x, Close Pos: 0.44 | Candidate Event: ST (Bar vol_ratio=0.71x, spread_ratio=0.70x, close_pos=0.00. Candidate ST: retest of SC low area (SC low=2422.00, bar low=2438.00, diff=0.7%), volume 0.71x avg strictly lower than SC volume 5.11x, spread 0.70x ATR, close pos=0.00) | P&F Target: ₹3311.90 (+38.9% upside)",https://www.tradingview.com/chart/?symbol=NSE%3AMANKIND&interval=D,https://www.tradingview.com/chart/?symbol=NSE%3AMANKIND&interval=W,https://www.tradingview.com/chart/?symbol=NSE%3AMANKIND&interval=75,pending,data/research_datasets/20260824,2026-08-24 10:05:13 UTC
KRN,KRN.NS,KRN Heat Exchanger and Refrigeration Limited,2026-08-21,471,QUALIFIED_CANDIDATE,True,True,40.5,False,None,True,True,True,False,False,True,1482.1,68.5,1265.08,1212.76,,,1.15,0.409,,0.88,1.22,0.12,False,False,False,False,ST,2026-08-21,False,False,False,False,49,"Bar vol_ratio=0.88x, spread_ratio=1.22x, close_pos=0.12. Candidate ST: retest of SC low area (SC low=1461.10, bar low=1474.00, diff=0.9%), volume 0.88x avg strictly lower than SC volume 3.07x, spread 1.22x ATR, close pos=0.12",1480.85,-0.1,45,True,"[QUALIFIED_CANDIDATE] Score: 40.5/100.0 | Mech Qual: PASS (Weekly WMA Up, Daily DMA(50/100) Up (1265.1>1212.8), RSI(14) Bullish (68.5)) | VSA: Vol Ratio: 0.88x, Close Pos: 0.12 | Candidate Event: ST (Bar vol_ratio=0.88x, spread_ratio=1.22x, close_pos=0.12. Candidate ST: retest of SC low area (SC low=1461.10, bar low=1474.00, diff=0.9%), volume 0.88x avg strictly lower than SC volume 3.07x, spread 1.22x ATR, close pos=0.12) | P&F Target: ₹1480.85 (+-0.1% upside)",https://www.tradingview.com/chart/?symbol=NSE%3AKRN&interval=D,https://www.tradingview.com/chart/?symbol=NSE%3AKRN&interval=W,https://www.tradingview.com/chart/?symbol=NSE%3AKRN&interval=75,pending,data/research_datasets/20260824,2026-08-24 10:05:13 UTC
KAPSTON,KAPSTON.NS,Kapston Services Limited,2026-08-21,901,QUALIFIED_CANDIDATE,True,True,40.5,False,None,True,True,True,False,True,True,528.2,58.3,441.71,384.59,,,1.39,0.315,,0.31,0.33,0.35,False,True,False,False,AR,2026-08-18,False,False,False,False,91,"Bar vol_ratio=1.02x, spread_ratio=0.92x, close_pos=0.14. Candidate AR: up bar 1 bar(s) after SC (SC date=2026-08-17 00:00:00, SC price=522.70), Open=528.00, Close=528.40, close pos=0.14, volume 1.02x avg (threshold >= 1.0x), spread 0.92x ATR",368.25,-30.3,17,True,"[QUALIFIED_CANDIDATE] Score: 40.5/100.0 | Mech Qual: PASS (Weekly WMA Up, Daily DMA(50/100) Up (441.7>384.6), RSI(14) Bullish (58.3), BBW Contraction) | VSA: Vol Ratio: 0.31x, Close Pos: 0.35, No Demand | Candidate Event: AR (Bar vol_ratio=1.02x, spread_ratio=0.92x, close_pos=0.14. Candidate AR: up bar 1 bar(s) after SC (SC date=2026-08-17 00:00:00, SC price=522.70), Open=528.00, Close=528.40, close pos=0.14, volume 1.02x avg (threshold >= 1.0x), spread 0.92x ATR) | P&F Target: ₹368.25 (+-30.3% upside)",https://www.tradingview.com/chart/?symbol=NSE%3AKAPSTON&interval=D,https://www.tradingview.com/chart/?symbol=NSE%3AKAPSTON&interval=W,https://www.tradingview.com/chart/?symbol=NSE%3AKAPSTON&interval=75,pending,data/research_datasets/20260824,2026-08-24 10:05:13 UTC
JINDRILL,JINDRILL.NS,Jindal Drilling And Industries Limited,2026-08-21,901,QUALIFIED_CANDIDATE,True,True,40.5,False,None,True,True,True,False,False,True,642.75,59.6,593.25,584.46,,,1.17,0.135,,0.61,1.06,0.73,False,False,False,False,ST,2026-08-21,False,False,False,False,112,"Bar vol_ratio=0.61x, spread_ratio=1.06x, close_pos=0.73. Candidate ST: retest of SC low area (SC low=626.00, bar low=623.05, diff=0.5%), volume 0.61x avg strictly lower than SC volume 2.31x, spread 1.06x ATR, close pos=0.73",602.05,-6.3,21,True,"[QUALIFIED_CANDIDATE] Score: 40.5/100.0 | Mech Qual: PASS (Weekly WMA Up, Daily DMA(50/100) Up (593.2>584.5), RSI(14) Bullish (59.6)) | VSA: Vol Ratio: 0.61x, Close Pos: 0.73 | Candidate Event: ST (Bar vol_ratio=0.61x, spread_ratio=1.06x, close_pos=0.73. Candidate ST: retest of SC low area (SC low=626.00, bar low=623.05, diff=0.5%), volume 0.61x avg strictly lower than SC volume 2.31x, spread 1.06x ATR, close pos=0.73) | P&F Target: ₹602.05 (+-6.3% upside)",https://www.tradingview.com/chart/?symbol=NSE%3AJINDRILL&interval=D,https://www.tradingview.com/chart/?symbol=NSE%3AJINDRILL&interval=W,https://www.tradingview.com/chart/?symbol=NSE%3AJINDRILL&interval=75,pending,data/research_datasets/20260824,2026-08-24 10:05:13 UTC
INDOTECH,INDOTECH.NS,Indo Tech Transformers Limited,2026-08-21,900,QUALIFIED_CANDIDATE,True,True,40.5,False,None,True,True,True,False,False,True,3902.5,66.4,3308.0,2815.48,,,1.13,0.164,,2.22,0.77,0.92,True,False,False,False,AR,2026-08-21,False,False,False,False,120,"Bar vol_ratio=2.22x, spread_ratio=0.77x, close_pos=0.92. Candidate AR: up bar 1 bar(s) after SC (SC date=2026-08-20 00:00:00, SC price=3727.80), Open=3800.00, Close=3902.50, close pos=0.92, volume 2.22x avg (threshold >= 1.0x), spread 0.77x ATR",1487.8,-61.9,23,True,"[QUALIFIED_CANDIDATE] Score: 40.5/100.0 | Mech Qual: PASS (Weekly WMA Up, Daily DMA(50/100) Up (3308.0>2815.5), RSI(14) Bullish (66.4)) | VSA: Vol Ratio: 2.22x, Close Pos: 0.92, Stopping Volume (Absorption) | Candidate Event: AR (Bar vol_ratio=2.22x, spread_ratio=0.77x, close_pos=0.92. Candidate AR: up bar 1 bar(s) after SC (SC date=2026-08-20 00:00:00, SC price=3727.80), Open=3800.00, Close=3902.50, close pos=0.92, volume 2.22x avg (threshold >= 1.0x), spread 0.77x ATR) | P&F Target: ₹1487.80 (+-61.9% upside)",https://www.tradingview.com/chart/?symbol=NSE%3AINDOTECH&interval=D,https://www.tradingview.com/chart/?symbol=NSE%3AINDOTECH&interval=W,https://www.tradingview.com/chart/?symbol=NSE%3AINDOTECH&interval=75,pending,data/research_datasets/20260824,2026-08-24 10:05:13 UTC
INDNIPPON,INDNIPPON.NS,India Nippon Electricals Limited,2026-08-21,900,QUALIFIED_CANDIDATE,True,True,40.5,False,None,True,True,False,True,True,True,1105.7,45.6,1091.29,948.59,,,0.97,0.096,,0.29,0.59,0.37,False,True,False,False,SC,2026-08-10,False,False,False,False,118,"Bar vol_ratio=3.50x, spread_ratio=1.97x, close_pos=0.65. Candidate SC: volume 3.50x 20-period avg (threshold >= 2.0x), spread 1.97x 20-period ATR (threshold >= 1.5x), down-close (Open=1130.00, Close=1124.30, close pos=0.65), Prior peak=1229.20, bar low=1053.10, decline=14.3% over prior 10 bars (threshold >= 3.0%)",1227.55,11.0,34,True,"[QUALIFIED_CANDIDATE] Score: 40.5/100.0 | Mech Qual: PASS (Weekly WMA Up, Daily DMA(50/100) Up (1091.3>948.6), ATR Contraction (0.97<1.0), BBW Contraction) | VSA: Vol Ratio: 0.29x, Close Pos: 0.37, No Demand | Candidate Event: SC (Bar vol_ratio=3.50x, spread_ratio=1.97x, close_pos=0.65. Candidate SC: volume 3.50x 20-period avg (threshold >= 2.0x), spread 1.97x 20-period ATR (threshold >= 1.5x), down-close (Open=1130.00, Close=1124.30, close pos=0.65), Prior peak=1229.20, bar low=1053.10, decline=14.3% over prior 10 bars (threshold >= 3.0%)) | P&F Target: ₹1227.55 (+11.0% upside)",https://www.tradingview.com/chart/?symbol=NSE%3AINDNIPPON&interval=D,https://www.tradingview.com/chart/?symbol=NSE%3AINDNIPPON&interval=W,https://www.tradingview.com/chart/?symbol=NSE%3AINDNIPPON&interval=75,pending,data/research_datasets/20260824,2026-08-24 10:05:13 UTC
GRASIM,GRASIM.NS,Grasim Industries Limited,2026-08-21,901,QUALIFIED_CANDIDATE,True,True,40.5,False,None,True,True,True,False,False,True,3308.0,59.7,3170.77,3038.99,,,1.36,0.11,,1.59,1.08,0.59,False,False,False,False,ST,2026-08-14,False,False,False,False,67,"Bar vol_ratio=0.68x, spread_ratio=0.56x, close_pos=0.63. Candidate ST: retest of SC low area (SC low=3270.60, bar low=3221.00, diff=1.5%), volume 0.68x avg strictly lower than SC volume 3.36x, spread 0.56x ATR, close pos=0.63",5647.18,70.7,48,True,"[QUALIFIED_CANDIDATE] Score: 40.5/100.0 | Mech Qual: PASS (Weekly WMA Up, Daily DMA(50/100) Up (3170.8>3039.0), RSI(14) Bullish (59.7)) | VSA: Vol Ratio: 1.59x, Close Pos: 0.59 | Candidate Event: ST (Bar vol_ratio=0.68x, spread_ratio=0.56x, close_pos=0.63. Candidate ST: retest of SC low area (SC low=3270.60, bar low=3221.00, diff=1.5%), volume 0.68x avg strictly lower than SC volume 3.36x, spread 0.56x ATR, close pos=0.63) | P&F Target: ₹5647.18 (+70.7% upside)",https://www.tradingview.com/chart/?symbol=NSE%3AGRASIM&interval=D,https://www.tradingview.com/chart/?symbol=NSE%3AGRASIM&interval=W,https://www.tradingview.com/chart/?symbol=NSE%3AGRASIM&interval=75,pending,data/research_datasets/20260824,2026-08-24 10:05:13 UTC
FINEORG,FINEORG.NS,Fine Organic Industries Limited,2026-08-21,901,QUALIFIED_CANDIDATE,True,True,40.5,False,None,True,True,True,False,False,True,5159.9,56.8,5044.32,4851.73,,,1.15,0.114,,0.99,1.16,0.88,False,False,False,False,AR,2026-08-11,False,False,False,False,97,"Bar vol_ratio=8.64x, spread_ratio=1.41x, close_pos=0.45. Candidate AR: up bar 1 bar(s) after SC (SC date=2026-08-10 00:00:00, SC price=5027.80), Open=5027.00, Close=5120.70, close pos=0.45, volume 8.64x avg (threshold >= 1.0x), spread 1.41x ATR",12766.75,147.4,45,True,"[QUALIFIED_CANDIDATE] Score: 40.5/100.0 | Mech Qual: PASS (Weekly WMA Up, Daily DMA(50/100) Up (5044.3>4851.7), RSI(14) Bullish (56.8)) | VSA: Vol Ratio: 0.99x, Close Pos: 0.88 | Candidate Event: AR (Bar vol_ratio=8.64x, spread_ratio=1.41x, close_pos=0.45. Candidate AR: up bar 1 bar(s) after SC (SC date=2026-08-10 00:00:00, SC price=5027.80), Open=5027.00, Close=5120.70, close pos=0.45, volume 8.64x avg (threshold >= 1.0x), spread 1.41x ATR) | P&F Target: ₹12766.75 (+147.4% upside)",https://www.tradingview.com/chart/?symbol=NSE%3AFINEORG&interval=D,https://www.tradingview.com/chart/?symbol=NSE%3AFINEORG&interval=W,https://www.tradingview.com/chart/?symbol=NSE%3AFINEORG&interval=75,pending,data/research_datasets/20260824,2026-08-24 10:05:13 UTC
ENGINERSIN,ENGINERSIN.NS,Engineers India Limited,2026-08-21,901,QUALIFIED_CANDIDATE,True,True,40.5,False,None,True,True,True,False,False,True,244.91,57.2,237.68,236.99,,,1.16,0.147,,1.11,1.34,0.85,False,False,False,False,AR,2026-08-18,False,False,False,False,82,"Bar vol_ratio=1.14x, spread_ratio=1.37x, close_pos=0.57. Candidate AR: up bar 2 bar(s) after SC (SC date=2026-08-14 00:00:00, SC price=243.68), Open=239.25, Close=244.78, close pos=0.57, volume 1.14x avg (threshold >= 1.0x), spread 1.37x ATR",399.33,63.1,62,True,"[QUALIFIED_CANDIDATE] Score: 40.5/100.0 | Mech Qual: PASS (Weekly WMA Up, Daily DMA(50/100) Up (237.7>237.0), RSI(14) Bullish (57.2)) | VSA: Vol Ratio: 1.11x, Close Pos: 0.85 | Candidate Event: AR (Bar vol_ratio=1.14x, spread_ratio=1.37x, close_pos=0.57. Candidate AR: up bar 2 bar(s) after SC (SC date=2026-08-14 00:00:00, SC price=243.68), Open=239.25, Close=244.78, close pos=0.57, volume 1.14x avg (threshold >= 1.0x), spread 1.37x ATR) | P&F Target: ₹399.33 (+63.1% upside)",https://www.tradingview.com/chart/?symbol=NSE%3AENGINERSIN&interval=D,https://www.tradingview.com/chart/?symbol=NSE%3AENGINERSIN&interval=W,https://www.tradingview.com/chart/?symbol=NSE%3AENGINERSIN&interval=75,pending,data/research_datasets/20260824,2026-08-24 10:05:13 UTC
CERA,CERA.NS,Cera Sanitaryware Limited,2026-08-21,900,QUALIFIED_CANDIDATE,True,True,40.5,False,None,True,False,False,True,False,True,5865.5,42.4,6165.01,5796.51,,,0.96,0.128,,0.27,0.51,0.6,False,True,False,False,ST,2026-08-11,False,False,False,False,135,"Bar vol_ratio=0.58x, spread_ratio=1.05x, close_pos=0.30. Candidate ST: retest of SC low area (SC low=5962.00, bar low=5934.00, diff=0.5%), volume 0.58x avg strictly lower than SC volume 5.18x, spread 1.05x ATR, close pos=0.30",8731.33,48.9,20,True,"[QUALIFIED_CANDIDATE] Score: 40.5/100.0 | Mech Qual: PASS (Weekly WMA Up, ATR Contraction (0.96<1.0)) | VSA: Vol Ratio: 0.27x, Close Pos: 0.60, No Demand | Candidate Event: ST (Bar vol_ratio=0.58x, spread_ratio=1.05x, close_pos=0.30. Candidate ST: retest of SC low area (SC low=5962.00, bar low=5934.00, diff=0.5%), volume 0.58x avg strictly lower than SC volume 5.18x, spread 1.05x ATR, close pos=0.30) | P&F Target: ₹8731.33 (+48.9% upside)",https://www.tradingview.com/chart/?symbol=NSE%3ACERA&interval=D,https://www.tradingview.com/chart/?symbol=NSE%3ACERA&interval=W,https://www.tradingview.com/chart/?symbol=NSE%3ACERA&interval=75,pending,data/research_datasets/20260824,2026-08-24 10:05:13 UTC
CEMPRO,CEMPRO.NS,Cemindia Projects Limited,2026-08-21,901,QUALIFIED_CANDIDATE,True,True,40.5,False,None,True,False,False,True,True,True,1276.4,43.2,1367.43,1109.24,,,0.91,0.143,,0.13,0.47,0.45,False,True,False,False,ST,2026-07-24,False,False,False,False,108,"Bar vol_ratio=0.33x, spread_ratio=0.38x, close_pos=0.00. Candidate ST: retest of SC low area (SC low=1445.40, bar low=1441.00, diff=0.3%), volume 0.33x avg strictly lower than SC volume 2.15x, spread 0.38x ATR, close pos=0.00",658.77,-48.4,14,True,"[QUALIFIED_CANDIDATE] Score: 40.5/100.0 | Mech Qual: PASS (Weekly WMA Up, ATR Contraction (0.91<1.0), BBW Contraction) | VSA: Vol Ratio: 0.13x, Close Pos: 0.45, No Demand | Candidate Event: ST (Bar vol_ratio=0.33x, spread_ratio=0.38x, close_pos=0.00. Candidate ST: retest of SC low area (SC low=1445.40, bar low=1441.00, diff=0.3%), volume 0.33x avg strictly lower than SC volume 2.15x, spread 0.38x ATR, close pos=0.00) | P&F Target: ₹658.77 (+-48.4% upside)",https://www.tradingview.com/chart/?symbol=NSE%3ACEMPRO&interval=D,https://www.tradingview.com/chart/?symbol=NSE%3ACEMPRO&interval=W,https://www.tradingview.com/chart/?symbol=NSE%3ACEMPRO&interval=75,pending,data/research_datasets/20260824,2026-08-24 10:05:13 UTC
BFINVEST,BFINVEST.NS,BF Investment Limited,2026-08-21,900,QUALIFIED_CANDIDATE,True,True,40.5,False,None,True,False,False,True,True,True,451.55,45.1,458.53,431.13,,,0.97,0.097,,0.37,0.33,0.37,False,True,False,False,ST,2026-08-18,False,False,False,False,71,"Bar vol_ratio=0.41x, spread_ratio=0.66x, close_pos=0.44. Candidate ST: retest of SC low area (SC low=456.60, bar low=455.70, diff=0.2%), volume 0.41x avg strictly lower than SC volume 4.03x, spread 0.66x ATR, close pos=0.44",930.63,106.1,36,True,"[QUALIFIED_CANDIDATE] Score: 40.5/100.0 | Mech Qual: PASS (Weekly WMA Up, ATR Contraction (0.97<1.0), BBW Contraction) | VSA: Vol Ratio: 0.37x, Close Pos: 0.37, No Demand | Candidate Event: ST (Bar vol_ratio=0.41x, spread_ratio=0.66x, close_pos=0.44. Candidate ST: retest of SC low area (SC low=456.60, bar low=455.70, diff=0.2%), volume 0.41x avg strictly lower than SC volume 4.03x, spread 0.66x ATR, close pos=0.44) | P&F Target: ₹930.63 (+106.1% upside)",https://www.tradingview.com/chart/?symbol=NSE%3ABFINVEST&interval=D,https://www.tradingview.com/chart/?symbol=NSE%3ABFINVEST&interval=W,https://www.tradingview.com/chart/?symbol=NSE%3ABFINVEST&interval=75,pending,data/research_datasets/20260824,2026-08-24 10:05:13 UTC
BALRAMCHIN,BALRAMCHIN.NS,Balrampur Chini Mills Limited,2026-08-21,901,QUALIFIED_CANDIDATE,True,True,40.5,False,None,True,True,True,False,False,True,729.35,66.6,597.01,559.02,,,1.49,0.263,,5.83,1.59,0.3,False,False,False,False,SC,2026-08-21,False,False,False,False,112,"Bar vol_ratio=5.83x, spread_ratio=1.59x, close_pos=0.30. Candidate SC: volume 5.83x 20-period avg (threshold >= 2.0x), spread 1.59x 20-period ATR (threshold >= 1.5x), down-close (Open=747.35, Close=729.35, close pos=0.30), Prior peak=780.95, bar low=714.00, decline=8.6% over prior 10 bars (threshold >= 3.0%)",846.0,16.0,24,True,"[QUALIFIED_CANDIDATE] Score: 40.5/100.0 | Mech Qual: PASS (Weekly WMA Up, Daily DMA(50/100) Up (597.0>559.0), RSI(14) Bullish (66.6)) | VSA: Vol Ratio: 5.83x, Close Pos: 0.30 | Candidate Event: SC (Bar vol_ratio=5.83x, spread_ratio=1.59x, close_pos=0.30. Candidate SC: volume 5.83x 20-period avg (threshold >= 2.0x), spread 1.59x 20-period ATR (threshold >= 1.5x), down-close (Open=747.35, Close=729.35, close pos=0.30), Prior peak=780.95, bar low=714.00, decline=8.6% over prior 10 bars (threshold >= 3.0%)) | P&F Target: ₹846.00 (+16.0% upside)",https://www.tradingview.com/chart/?symbol=NSE%3ABALRAMCHIN&interval=D,https://www.tradingview.com/chart/?symbol=NSE%3ABALRAMCHIN&interval=W,https://www.tradingview.com/chart/?symbol=NSE%3ABALRAMCHIN&interval=75,pending,data/research_datasets/20260824,2026-08-24 10:05:13 UTC
BALAMINES,BALAMINES.NS,Balaji Amines Limited,2026-08-21,901,QUALIFIED_CANDIDATE,True,True,40.5,False,None,True,False,False,True,True,True,2078.2,45.9,2157.49,1847.32,,,0.74,0.158,,0.54,0.6,0.3,False,False,False,False,ST,2026-07-30,False,False,False,False,115,"Bar vol_ratio=0.28x, spread_ratio=0.34x, close_pos=0.63. Candidate ST: retest of SC low area (SC low=2185.00, bar low=2215.30, diff=1.4%), volume 0.28x avg strictly lower than SC volume 2.44x, spread 0.34x ATR, close pos=0.63",2221.74,6.9,18,True,"[QUALIFIED_CANDIDATE] Score: 40.5/100.0 | Mech Qual: PASS (Weekly WMA Up, ATR Contraction (0.74<1.0), BBW Contraction) | VSA: Vol Ratio: 0.54x, Close Pos: 0.30 | Candidate Event: ST (Bar vol_ratio=0.28x, spread_ratio=0.34x, close_pos=0.63. Candidate ST: retest of SC low area (SC low=2185.00, bar low=2215.30, diff=1.4%), volume 0.28x avg strictly lower than SC volume 2.44x, spread 0.34x ATR, close pos=0.63) | P&F Target: ₹2221.74 (+6.9% upside)",https://www.tradingview.com/chart/?symbol=NSE%3ABALAMINES&interval=D,https://www.tradingview.com/chart/?symbol=NSE%3ABALAMINES&interval=W,https://www.tradingview.com/chart/?symbol=NSE%3ABALAMINES&interval=75,pending,data/research_datasets/20260824,2026-08-24 10:05:13 UTC
BAJEL,BAJEL.NS,Bajel Projects Limited,2026-08-21,664,QUALIFIED_CANDIDATE,True,True,40.5,False,None,True,True,True,False,False,True,191.78,57.1,187.63,184.13,,,1.2,0.147,,3.11,1.8,0.92,False,False,False,False,AR,2026-08-12,False,False,False,False,76,"Bar vol_ratio=1.81x, spread_ratio=1.62x, close_pos=0.51. Candidate AR: up bar 2 bar(s) after SC (SC date=2026-08-10 00:00:00, SC price=191.93), Open=191.99, Close=192.77, close pos=0.51, volume 1.81x avg (threshold >= 1.0x), spread 1.62x ATR",468.01,144.0,48,True,"[QUALIFIED_CANDIDATE] Score: 40.5/100.0 | Mech Qual: PASS (Weekly WMA Up, Daily DMA(50/100) Up (187.6>184.1), RSI(14) Bullish (57.1)) | VSA: Vol Ratio: 3.11x, Close Pos: 0.92 | Candidate Event: AR (Bar vol_ratio=1.81x, spread_ratio=1.62x, close_pos=0.51. Candidate AR: up bar 2 bar(s) after SC (SC date=2026-08-10 00:00:00, SC price=191.93), Open=191.99, Close=192.77, close pos=0.51, volume 1.81x avg (threshold >= 1.0x), spread 1.62x ATR) | P&F Target: ₹468.01 (+144.0% upside)",https://www.tradingview.com/chart/?symbol=NSE%3ABAJEL&interval=D,https://www.tradingview.com/chart/?symbol=NSE%3ABAJEL&interval=W,https://www.tradingview.com/chart/?symbol=NSE%3ABAJEL&interval=75,pending,data/research_datasets/20260824,2026-08-24 10:05:13 UTC
AYE,AYE.NS,Aye Finance Limited,2026-08-21,130,QUALIFIED_CANDIDATE,True,True,40.5,False,None,False,True,False,True,True,True,170.02,49.7,169.79,151.72,,,0.8,0.11,,0.89,0.81,0.35,False,False,False,False,ST,2026-08-11,False,False,False,False,13,"Bar vol_ratio=0.31x, spread_ratio=0.82x, close_pos=0.30. Candidate ST: retest of SC low area (SC low=174.52, bar low=176.59, diff=1.2%), volume 0.31x avg strictly lower than SC volume 2.60x, spread 0.82x ATR, close pos=0.30",120.29,-29.2,6,True,"[QUALIFIED_CANDIDATE] Score: 40.5/100.0 | Mech Qual: PASS (Daily DMA(50/100) Up (169.8>151.7), ATR Contraction (0.80<1.0), BBW Contraction) | VSA: Vol Ratio: 0.89x, Close Pos: 0.35 | Candidate Event: ST (Bar vol_ratio=0.31x, spread_ratio=0.82x, close_pos=0.30. Candidate ST: retest of SC low area (SC low=174.52, bar low=176.59, diff=1.2%), volume 0.31x avg strictly lower than SC volume 2.60x, spread 0.82x ATR, close pos=0.30) | P&F Target: ₹120.29 (+-29.2% upside)",https://www.tradingview.com/chart/?symbol=NSE%3AAYE&interval=D,https://www.tradingview.com/chart/?symbol=NSE%3AAYE&interval=W,https://www.tradingview.com/chart/?symbol=NSE%3AAYE&interval=75,pending,data/research_datasets/20260824,2026-08-24 10:05:13 UTC
TCIEXP,TCIEXP.NS,TCI Express Limited,2026-08-21,899,QUALIFIED_CANDIDATE,True,True,40.0,False,None,False,True,False,True,True,True,550.95,49.2,547.77,534.37,,,0.99,0.078,,0.15,0.65,0.58,False,False,False,False,LPS,2026-07-10,True,False,False,False,144,"Bar vol_ratio=0.63x, spread_ratio=1.33x, close_pos=0.46. Candidate LPS: higher low=543.20 vs prior ST low=513.00 (+5.9%), holding above range support=487.00, low volume 0.63x avg (threshold < 0.75x), spread 1.33x ATR, close pos=0.46",1219.75,121.4,11,False,"[QUALIFIED_CANDIDATE] Score: 40.0/100.0 | Mech Qual: PASS (Daily DMA(50/100) Up (547.8>534.4), ATR Contraction (0.99<1.0), BBW Contraction) | VSA: Vol Ratio: 0.15x, Close Pos: 0.58 | Candidate Event: LPS (Bar vol_ratio=0.63x, spread_ratio=1.33x, close_pos=0.46. Candidate LPS: higher low=543.20 vs prior ST low=513.00 (+5.9%), holding above range support=487.00, low volume 0.63x avg (threshold < 0.75x), spread 1.33x ATR, close pos=0.46) | P&F Target: ₹1219.75 (+121.4% upside)",https://www.tradingview.com/chart/?symbol=NSE%3ATCIEXP&interval=D,https://www.tradingview.com/chart/?symbol=NSE%3ATCIEXP&interval=W,https://www.tradingview.com/chart/?symbol=NSE%3ATCIEXP&interval=75,pending,data/research_datasets/20260824,2026-08-24 10:05:13 UTC
PFIZER,PFIZER.NS,Pfizer Limited,2026-08-21,900,QUALIFIED_CANDIDATE,True,True,40.0,False,None,False,True,True,False,True,True,4978.2,63.6,4646.94,4645.6,,,1.18,0.069,,1.0,0.89,0.48,False,False,False,False,LPS,2026-07-06,True,False,False,False,128,"Bar vol_ratio=0.57x, spread_ratio=0.60x, close_pos=0.50. Candidate LPS: higher low=4478.84 vs prior ST low=4375.02 (+2.4%), holding above range support=4290.49, low volume 0.57x avg (threshold < 0.75x), spread 0.60x ATR, close pos=0.50",8104.62,62.8,30,False,"[QUALIFIED_CANDIDATE] Score: 40.0/100.0 | Mech Qual: PASS (Daily DMA(50/100) Up (4646.9>4645.6), RSI(14) Bullish (63.6), BBW Contraction) | VSA: Vol Ratio: 1.00x, Close Pos: 0.48 | Candidate Event: LPS (Bar vol_ratio=0.57x, spread_ratio=0.60x, close_pos=0.50. Candidate LPS: higher low=4478.84 vs prior ST low=4375.02 (+2.4%), holding above range support=4290.49, low volume 0.57x avg (threshold < 0.75x), spread 0.60x ATR, close pos=0.50) | P&F Target: ₹8104.62 (+62.8% upside)",https://www.tradingview.com/chart/?symbol=NSE%3APFIZER&interval=D,https://www.tradingview.com/chart/?symbol=NSE%3APFIZER&interval=W,https://www.tradingview.com/chart/?symbol=NSE%3APFIZER&interval=75,pending,data/research_datasets/20260824,2026-08-24 10:05:13 UTC
LANDMARK,LANDMARK.NS,Landmark Cars Limited,2026-08-21,900,QUALIFIED_CANDIDATE,True,True,40.0,False,None,False,True,False,True,True,True,504.95,45.6,488.51,444.47,,,0.9,0.135,,0.31,0.69,0.42,False,False,False,False,SOS,2026-07-14,False,True,False,False,123,"Bar vol_ratio=15.42x, spread_ratio=4.04x, close_pos=0.88. Candidate SOS: close=496.40 broke above range resistance=464.95 (+6.76%), strong close position=0.88 (threshold > 0.7), volume 15.42x avg (threshold >= 1.5x), spread 4.04x ATR",984.5,95.0,38,False,"[QUALIFIED_CANDIDATE] Score: 40.0/100.0 | Mech Qual: PASS (Daily DMA(50/100) Up (488.5>444.5), ATR Contraction (0.90<1.0), BBW Contraction) | VSA: Vol Ratio: 0.31x, Close Pos: 0.42 | Candidate Event: SOS (Bar vol_ratio=15.42x, spread_ratio=4.04x, close_pos=0.88. Candidate SOS: close=496.40 broke above range resistance=464.95 (+6.76%), strong close position=0.88 (threshold > 0.7), volume 15.42x avg (threshold >= 1.5x), spread 4.04x ATR) | P&F Target: ₹984.50 (+95.0% upside)",https://www.tradingview.com/chart/?symbol=NSE%3ALANDMARK&interval=D,https://www.tradingview.com/chart/?symbol=NSE%3ALANDMARK&interval=W,https://www.tradingview.com/chart/?symbol=NSE%3ALANDMARK&interval=75,pending,data/research_datasets/20260824,2026-08-24 10:05:13 UTC
ANDHRSUGAR,ANDHRSUGAR.NS,The Andhra Sugars Limited,2026-08-21,901,QUALIFIED_CANDIDATE,True,True,40.0,False,None,True,False,True,False,False,True,98.84,61.3,87.32,87.83,,,1.34,0.331,,0.87,1.28,0.33,False,False,False,False,LPS,2026-07-03,True,False,False,False,81,"Bar vol_ratio=0.44x, spread_ratio=0.49x, close_pos=0.39. Candidate LPS: higher low=82.90 vs prior Spring low=75.60 (+9.7%), holding above range support=75.60, low volume 0.44x avg (threshold < 0.75x), spread 0.49x ATR, close pos=0.39",166.27,68.2,29,False,"[QUALIFIED_CANDIDATE] Score: 40.0/100.0 | Mech Qual: PASS (Weekly WMA Up, RSI(14) Bullish (61.3)) | VSA: Vol Ratio: 0.87x, Close Pos: 0.33 | Candidate Event: LPS (Bar vol_ratio=0.44x, spread_ratio=0.49x, close_pos=0.39. Candidate LPS: higher low=82.90 vs prior Spring low=75.60 (+9.7%), holding above range support=75.60, low volume 0.44x avg (threshold < 0.75x), spread 0.49x ATR, close pos=0.39) | P&F Target: ₹166.27 (+68.2% upside)",https://www.tradingview.com/chart/?symbol=NSE%3AANDHRSUGAR&interval=D,https://www.tradingview.com/chart/?symbol=NSE%3AANDHRSUGAR&interval=W,https://www.tradingview.com/chart/?symbol=NSE%3AANDHRSUGAR&interval=75,pending,data/research_datasets/20260824,2026-08-24 10:05:13 UTC
