symbol,yfinance_ticker,company_name,as_of_date,data_bars,candidate_category,is_research_eligible,is_mechanically_qualified,composite_score,is_disqualified,disqualifying_flags,weekly_uptrend,dma_50_above_100,rsi_in_band,atr_contracting,vcp_bbw_contracting,min_liquidity_passed,close,rsi_14,dma_50,dma_100,wma_30,wma_40,atr_contraction_ratio,bb_width_20,avg_20_turnover_cr,vsa_volume_ratio,vsa_spread_ratio,vsa_close_position,is_stopping_volume,is_no_demand,is_no_supply,is_effort_vs_result,most_recent_event_type,most_recent_event_date,possible_LPS,possible_SOS,possible_Spring,is_UTAD_warning,total_events_detected,numeric_evidence,pf_target_price,pf_upside_pct,pf_count_columns,pf_is_stale_anchor,explanation_summary,tradingview_daily_url,tradingview_weekly_url,tradingview_75m_url,chart_review_status,dataset_snapshot_path,dataset_date
ELPROINTL,ELPROINTL.NS,Elpro International Limited,2026-08-21,87,DISQUALIFIED,True,False,65.0,True,"No base accumulation structure detected (no SC, Spring, or LPS in dataset).",False,False,False,False,True,True,175.47,51.1,174.42,,,,1.25,0.036,,0.21,0.61,0.2,False,False,False,False,SOS,2026-08-07,False,True,False,False,2,"Bar vol_ratio=5.95x, spread_ratio=1.22x, close_pos=0.71. Candidate SOS: close=180.06 broke above range resistance=179.80 (+0.14%), strong close position=0.71 (threshold > 0.7), volume 5.95x avg (threshold >= 1.5x), spread 1.22x ATR",217.47,23.9,14,False,"[DISQUALIFIED] Score: 65.0/100.0 | DISQUALIFIED: No base accumulation structure detected (no SC, Spring, or LPS in dataset).",https://www.tradingview.com/chart/?symbol=NSE%3AELPROINTL&interval=D,https://www.tradingview.com/chart/?symbol=NSE%3AELPROINTL&interval=W,https://www.tradingview.com/chart/?symbol=NSE%3AELPROINTL&interval=75,pending,data/research_datasets/20260824,2026-08-24 10:05:13 UTC
ZENITHSTL,ZENITHSTL.NS,Zenith Steel Pipes & Industries Limited,2026-08-21,900,DISQUALIFIED,True,False,50.0,True,Failed all mechanical trend & momentum filters.,False,False,False,False,True,False,5.41,44.4,5.6,5.83,,,1.0,0.079,,1.07,1.47,0.19,False,False,False,False,LPS,2026-08-11,True,False,False,False,154,"Bar vol_ratio=0.53x, spread_ratio=0.72x, close_pos=0.81. Candidate LPS: higher low=5.20 vs prior Spring low=4.66 (+11.6%), holding above range support=4.66, low volume 0.53x avg (threshold < 0.75x), spread 0.72x ATR, close pos=0.81",19.83,266.5,19,False,[DISQUALIFIED] Score: 50.0/100.0 | DISQUALIFIED: Failed all mechanical trend & momentum filters.,https://www.tradingview.com/chart/?symbol=NSE%3AZENITHSTL&interval=D,https://www.tradingview.com/chart/?symbol=NSE%3AZENITHSTL&interval=W,https://www.tradingview.com/chart/?symbol=NSE%3AZENITHSTL&interval=75,pending,data/research_datasets/20260824,2026-08-24 10:05:13 UTC
ZENITHEXPO,ZENITHEXPO.NS,Zenith Exports Limited,2026-08-21,899,DISQUALIFIED,True,False,50.0,True,Failed all mechanical trend & momentum filters.,False,False,False,False,False,False,205.18,47.9,205.71,206.44,,,1.5,0.306,,0.2,0.03,0.09,False,False,True,False,SOS,2026-08-10,False,True,False,False,141,"Bar vol_ratio=12.58x, spread_ratio=1.54x, close_pos=1.00. Candidate SOS: close=238.16 broke above range resistance=221.19 (+7.67%), strong close position=1.00 (threshold > 0.7), volume 12.58x avg (threshold >= 1.5x), spread 1.54x ATR",347.9,69.6,49,False,[DISQUALIFIED] Score: 50.0/100.0 | DISQUALIFIED: Failed all mechanical trend & momentum filters.,https://www.tradingview.com/chart/?symbol=NSE%3AZENITHEXPO&interval=D,https://www.tradingview.com/chart/?symbol=NSE%3AZENITHEXPO&interval=W,https://www.tradingview.com/chart/?symbol=NSE%3AZENITHEXPO&interval=75,pending,data/research_datasets/20260824,2026-08-24 10:05:13 UTC
VOLTAS,VOLTAS.NS,Voltas Limited,2026-08-21,901,DISQUALIFIED,True,False,50.0,True,Failed all mechanical trend & momentum filters.,False,False,False,False,False,True,1235.0,38.5,1306.8,1316.65,,,1.02,0.108,,0.62,0.48,0.92,False,True,False,False,ST,2026-08-21,False,False,False,False,83,"Bar vol_ratio=0.62x, spread_ratio=0.48x, close_pos=0.92. Candidate ST: retest of SC low area (SC low=1256.10, bar low=1220.00, diff=2.9%), volume 0.62x avg strictly lower than SC volume 5.41x, spread 0.48x ATR, close pos=0.92",2221.13,79.8,33,False,[DISQUALIFIED] Score: 50.0/100.0 | DISQUALIFIED: Failed all mechanical trend & momentum filters.,https://www.tradingview.com/chart/?symbol=NSE%3AVOLTAS&interval=D,https://www.tradingview.com/chart/?symbol=NSE%3AVOLTAS&interval=W,https://www.tradingview.com/chart/?symbol=NSE%3AVOLTAS&interval=75,pending,data/research_datasets/20260824,2026-08-24 10:05:13 UTC
VASCONEQ,VASCONEQ.NS,Vascon Engineers Limited,2026-08-21,901,DISQUALIFIED,True,False,50.0,True,Failed all mechanical trend & momentum filters.,False,False,False,False,False,True,31.84,47.3,33.21,34.55,,,1.19,0.133,,1.01,1.07,0.81,False,False,False,False,LPS,2026-08-14,True,False,False,False,109,"Bar vol_ratio=0.58x, spread_ratio=0.60x, close_pos=0.84. Candidate LPS: higher low=31.10 vs prior Spring low=29.53 (+5.3%), holding above range support=29.53, low volume 0.58x avg (threshold < 0.75x), spread 0.60x ATR, close pos=0.84",60.32,89.4,38,False,[DISQUALIFIED] Score: 50.0/100.0 | DISQUALIFIED: Failed all mechanical trend & momentum filters.,https://www.tradingview.com/chart/?symbol=NSE%3AVASCONEQ&interval=D,https://www.tradingview.com/chart/?symbol=NSE%3AVASCONEQ&interval=W,https://www.tradingview.com/chart/?symbol=NSE%3AVASCONEQ&interval=75,pending,data/research_datasets/20260824,2026-08-24 10:05:13 UTC
VALIANTLAB,VALIANTLAB.NS,Valiant Laboratories Limited,2026-08-21,712,DISQUALIFIED,True,False,50.0,True,Failed all mechanical trend & momentum filters.,False,False,False,False,False,False,95.74,89.6,67.97,70.2,,,1.31,0.697,,3.85,1.45,0.91,False,False,False,False,AR,2026-08-21,False,False,False,False,119,"Bar vol_ratio=3.85x, spread_ratio=1.45x, close_pos=0.91. Candidate AR: up bar 2 bar(s) after SC (SC date=2026-08-19 00:00:00, SC price=91.96), Open=93.90, Close=95.74, close pos=0.91, volume 3.85x avg (threshold >= 1.0x), spread 1.45x ATR",152.73,59.5,14,False,[DISQUALIFIED] Score: 50.0/100.0 | DISQUALIFIED: Failed all mechanical trend & momentum filters.,https://www.tradingview.com/chart/?symbol=NSE%3AVALIANTLAB&interval=D,https://www.tradingview.com/chart/?symbol=NSE%3AVALIANTLAB&interval=W,https://www.tradingview.com/chart/?symbol=NSE%3AVALIANTLAB&interval=75,pending,data/research_datasets/20260824,2026-08-24 10:05:13 UTC
UTTAMSUGAR,UTTAMSUGAR.NS,Uttam Sugar Mills Limited,2026-08-21,901,DISQUALIFIED,True,False,50.0,True,Failed all mechanical trend & momentum filters.,False,False,False,False,False,True,323.3,77.2,244.45,245.33,,,1.73,0.487,,2.22,1.33,0.27,False,False,False,False,SOS,2026-08-20,False,True,False,False,140,"Bar vol_ratio=6.18x, spread_ratio=3.10x, close_pos=0.82. Candidate SOS: close=336.22 broke above range resistance=306.79 (+9.59%), strong close position=0.82 (threshold > 0.7), volume 6.18x avg (threshold >= 1.5x), spread 3.10x ATR",506.8,56.8,45,False,[DISQUALIFIED] Score: 50.0/100.0 | DISQUALIFIED: Failed all mechanical trend & momentum filters.,https://www.tradingview.com/chart/?symbol=NSE%3AUTTAMSUGAR&interval=D,https://www.tradingview.com/chart/?symbol=NSE%3AUTTAMSUGAR&interval=W,https://www.tradingview.com/chart/?symbol=NSE%3AUTTAMSUGAR&interval=75,pending,data/research_datasets/20260824,2026-08-24 10:05:13 UTC
UNIECOM,UNIECOM.NS,Unicommerce Esolutions Limited,2026-08-21,506,DISQUALIFIED,True,False,50.0,True,Failed all mechanical trend & momentum filters.,False,False,False,False,False,True,87.47,51.7,87.28,89.36,,,1.21,0.101,,0.37,1.22,0.29,False,False,False,False,LPS,2026-08-21,True,False,False,False,69,"Bar vol_ratio=0.37x, spread_ratio=1.22x, close_pos=0.29. Candidate LPS: higher low=86.42 vs prior ST low=84.10 (+2.8%), holding above range support=83.10, low volume 0.37x avg (threshold < 0.75x), spread 1.22x ATR, close pos=0.29",147.47,68.6,10,False,[DISQUALIFIED] Score: 50.0/100.0 | DISQUALIFIED: Failed all mechanical trend & momentum filters.,https://www.tradingview.com/chart/?symbol=NSE%3AUNIECOM&interval=D,https://www.tradingview.com/chart/?symbol=NSE%3AUNIECOM&interval=W,https://www.tradingview.com/chart/?symbol=NSE%3AUNIECOM&interval=75,pending,data/research_datasets/20260824,2026-08-24 10:05:13 UTC
TRU,TRU.NS,TruCap Finance Limited,2026-08-21,899,DISQUALIFIED,True,False,50.0,True,Failed all mechanical trend & momentum filters.,False,False,False,False,False,False,4.17,32.8,4.99,5.5,,,1.09,0.195,,1.57,1.15,0.39,False,False,False,False,LPS,2026-08-19,True,False,False,False,151,"Bar vol_ratio=0.70x, spread_ratio=1.34x, close_pos=0.42. Candidate LPS: higher low=4.12 vs prior Spring low=4.00 (+3.0%), holding above range support=4.00, low volume 0.70x avg (threshold < 0.75x), spread 1.34x ATR, close pos=0.42",8.5,103.8,1,False,[DISQUALIFIED] Score: 50.0/100.0 | DISQUALIFIED: Failed all mechanical trend & momentum filters.,https://www.tradingview.com/chart/?symbol=NSE%3ATRU&interval=D,https://www.tradingview.com/chart/?symbol=NSE%3ATRU&interval=W,https://www.tradingview.com/chart/?symbol=NSE%3ATRU&interval=75,pending,data/research_datasets/20260824,2026-08-24 10:05:13 UTC
SURAKSHA,SURAKSHA.NS,Suraksha Diagnostic Limited,2026-08-21,426,DISQUALIFIED,True,False,50.0,True,Failed all mechanical trend & momentum filters.,False,False,False,False,False,True,325.8,75.0,269.06,276.22,,,1.53,0.412,,0.53,1.73,0.87,False,False,False,False,LPS,2026-08-18,True,False,False,False,67,"Bar vol_ratio=0.69x, spread_ratio=1.05x, close_pos=0.63. Candidate LPS: higher low=309.50 vs prior Spring low=254.60 (+21.6%), holding above range support=240.40, low volume 0.69x avg (threshold < 0.75x), spread 1.05x ATR, close pos=0.63",402.1,23.4,10,False,[DISQUALIFIED] Score: 50.0/100.0 | DISQUALIFIED: Failed all mechanical trend & momentum filters.,https://www.tradingview.com/chart/?symbol=NSE%3ASURAKSHA&interval=D,https://www.tradingview.com/chart/?symbol=NSE%3ASURAKSHA&interval=W,https://www.tradingview.com/chart/?symbol=NSE%3ASURAKSHA&interval=75,pending,data/research_datasets/20260824,2026-08-24 10:05:13 UTC
SUNDARAM,SUNDARAM.NS,Sundaram Multi Pap Limited,2026-08-21,900,DISQUALIFIED,True,False,50.0,True,Failed all mechanical trend & momentum filters.,False,False,False,False,False,False,1.23,49.6,1.27,1.33,,,1.47,0.207,,0.83,0.85,0.17,False,False,False,False,LPS,2026-08-20,True,False,False,False,120,"Bar vol_ratio=0.74x, spread_ratio=1.14x, close_pos=0.00. Candidate LPS: higher low=1.26 vs prior ST low=1.23 (+2.4%), holding above range support=1.03, low volume 0.74x avg (threshold < 0.75x), spread 1.14x ATR, close pos=0.00",2.01,63.4,1,False,[DISQUALIFIED] Score: 50.0/100.0 | DISQUALIFIED: Failed all mechanical trend & momentum filters.,https://www.tradingview.com/chart/?symbol=NSE%3ASUNDARAM&interval=D,https://www.tradingview.com/chart/?symbol=NSE%3ASUNDARAM&interval=W,https://www.tradingview.com/chart/?symbol=NSE%3ASUNDARAM&interval=75,pending,data/research_datasets/20260824,2026-08-24 10:05:13 UTC
STARCEMENT,STARCEMENT.NS,Star Cement Limited,2026-08-21,900,DISQUALIFIED,True,False,50.0,True,Failed all mechanical trend & momentum filters.,False,False,False,False,False,True,194.62,31.6,205.32,212.51,,,1.08,0.064,,0.71,0.94,0.63,False,False,False,False,LPS,2026-08-21,True,False,False,False,118,"Bar vol_ratio=0.71x, spread_ratio=0.94x, close_pos=0.63. Candidate LPS: higher low=192.31 vs prior Spring low=191.50 (+0.4%), holding above range support=191.50, low volume 0.71x avg (threshold < 0.75x), spread 0.94x ATR, close pos=0.63",366.3,88.2,55,False,[DISQUALIFIED] Score: 50.0/100.0 | DISQUALIFIED: Failed all mechanical trend & momentum filters.,https://www.tradingview.com/chart/?symbol=NSE%3ASTARCEMENT&interval=D,https://www.tradingview.com/chart/?symbol=NSE%3ASTARCEMENT&interval=W,https://www.tradingview.com/chart/?symbol=NSE%3ASTARCEMENT&interval=75,pending,data/research_datasets/20260824,2026-08-24 10:05:13 UTC
SSDL,SSDL.NS,Saraswati Saree Depot Limited,2026-08-21,501,DISQUALIFIED,True,False,50.0,True,Failed all mechanical trend & momentum filters.,False,False,False,False,False,False,58.6,52.4,56.31,58.44,,,1.53,0.328,,0.53,0.99,0.19,False,False,False,False,SOS,2026-08-12,False,True,False,False,100,"Bar vol_ratio=10.49x, spread_ratio=5.28x, close_pos=0.93. Candidate SOS: close=65.03 broke above range resistance=59.90 (+8.56%), strong close position=0.93 (threshold > 0.7), volume 10.49x avg (threshold >= 1.5x), spread 5.28x ATR",80.5,37.4,4,False,[DISQUALIFIED] Score: 50.0/100.0 | DISQUALIFIED: Failed all mechanical trend & momentum filters.,https://www.tradingview.com/chart/?symbol=NSE%3ASSDL&interval=D,https://www.tradingview.com/chart/?symbol=NSE%3ASSDL&interval=W,https://www.tradingview.com/chart/?symbol=NSE%3ASSDL&interval=75,pending,data/research_datasets/20260824,2026-08-24 10:05:13 UTC
SRD,SRD.NS,Shankar Lal Rampal Dye-Chem Limited,2026-08-21,464,DISQUALIFIED,True,False,50.0,True,Failed all mechanical trend & momentum filters.,False,False,False,False,False,False,39.43,51.2,39.28,40.96,,,1.07,0.156,,0.72,0.74,0.58,False,False,False,False,LPS,2026-08-19,True,False,False,False,82,"Bar vol_ratio=0.48x, spread_ratio=0.56x, close_pos=0.43. Candidate LPS: higher low=40.52 vs prior Spring low=36.75 (+10.3%), holding above range support=36.00, low volume 0.48x avg (threshold < 0.75x), spread 0.56x ATR, close pos=0.43",72.16,83.0,11,False,[DISQUALIFIED] Score: 50.0/100.0 | DISQUALIFIED: Failed all mechanical trend & momentum filters.,https://www.tradingview.com/chart/?symbol=NSE%3ASRD&interval=D,https://www.tradingview.com/chart/?symbol=NSE%3ASRD&interval=W,https://www.tradingview.com/chart/?symbol=NSE%3ASRD&interval=75,pending,data/research_datasets/20260824,2026-08-24 10:05:13 UTC
SPENCERS,SPENCERS.NS,Spencer's Retail Limited,2026-08-21,901,DISQUALIFIED,True,False,50.0,True,Failed all mechanical trend & momentum filters.,False,False,False,False,True,False,30.4,32.3,34.29,34.79,,,1.02,0.121,,0.92,0.73,0.13,False,False,False,False,LPS,2026-08-20,True,False,False,False,98,"Bar vol_ratio=0.38x, spread_ratio=0.47x, close_pos=0.04. Candidate LPS: higher low=30.50 vs prior Spring low=30.22 (+0.9%), holding above range support=30.22, low volume 0.38x avg (threshold < 0.75x), spread 0.47x ATR, close pos=0.04",57.27,88.4,8,False,[DISQUALIFIED] Score: 50.0/100.0 | DISQUALIFIED: Failed all mechanical trend & momentum filters.,https://www.tradingview.com/chart/?symbol=NSE%3ASPENCERS&interval=D,https://www.tradingview.com/chart/?symbol=NSE%3ASPENCERS&interval=W,https://www.tradingview.com/chart/?symbol=NSE%3ASPENCERS&interval=75,pending,data/research_datasets/20260824,2026-08-24 10:05:13 UTC
SNOWMAN,SNOWMAN.NS,Snowman Logistics Limited,2026-08-21,901,DISQUALIFIED,True,False,50.0,True,Failed all mechanical trend & momentum filters.,False,False,False,False,False,True,37.84,48.5,37.84,38.49,,,1.2,0.133,,0.38,0.43,0.45,False,True,False,False,LPS,2026-08-10,True,False,False,False,118,"Bar vol_ratio=0.47x, spread_ratio=0.63x, close_pos=0.18. Candidate LPS: higher low=39.02 vs prior ST low=38.81 (+0.5%), holding above range support=34.46, low volume 0.47x avg (threshold < 0.75x), spread 0.63x ATR, close pos=0.18",61.7,63.1,30,False,[DISQUALIFIED] Score: 50.0/100.0 | DISQUALIFIED: Failed all mechanical trend & momentum filters.,https://www.tradingview.com/chart/?symbol=NSE%3ASNOWMAN&interval=D,https://www.tradingview.com/chart/?symbol=NSE%3ASNOWMAN&interval=W,https://www.tradingview.com/chart/?symbol=NSE%3ASNOWMAN&interval=75,pending,data/research_datasets/20260824,2026-08-24 10:05:13 UTC
SILLYMONKS,SILLYMONKS.NS,Silly Monks Entertainment Limited,2026-08-21,899,DISQUALIFIED,True,False,50.0,True,Failed all mechanical trend & momentum filters.,False,False,False,False,False,False,15.69,47.2,16.2,16.43,,,1.08,0.099,,0.16,0.72,0.36,False,False,False,False,LPS,2026-08-10,True,False,False,False,146,"Bar vol_ratio=0.15x, spread_ratio=0.76x, close_pos=0.07. Candidate LPS: higher low=16.07 vs prior Spring low=14.90 (+7.9%), holding above range support=14.90, low volume 0.15x avg (threshold < 0.75x), spread 0.76x ATR, close pos=0.07",78.62,401.1,84,False,[DISQUALIFIED] Score: 50.0/100.0 | DISQUALIFIED: Failed all mechanical trend & momentum filters.,https://www.tradingview.com/chart/?symbol=NSE%3ASILLYMONKS&interval=D,https://www.tradingview.com/chart/?symbol=NSE%3ASILLYMONKS&interval=W,https://www.tradingview.com/chart/?symbol=NSE%3ASILLYMONKS&interval=75,pending,data/research_datasets/20260824,2026-08-24 10:05:13 UTC
SILINV,SILINV.NS,SIL Investments Limited,2026-08-21,900,DISQUALIFIED,True,False,50.0,True,Failed all mechanical trend & momentum filters.,False,False,False,False,False,False,475.25,71.2,425.41,431.16,,,1.25,0.135,,2.39,2.04,0.72,False,False,False,False,SOS,2026-08-21,False,True,False,False,151,"Bar vol_ratio=2.39x, spread_ratio=2.04x, close_pos=0.72. Candidate SOS: close=475.25 broke above range resistance=462.75 (+2.70%), strong close position=0.72 (threshold > 0.7), volume 2.39x avg (threshold >= 1.5x), spread 2.04x ATR",1191.5,150.7,51,False,[DISQUALIFIED] Score: 50.0/100.0 | DISQUALIFIED: Failed all mechanical trend & momentum filters.,https://www.tradingview.com/chart/?symbol=NSE%3ASILINV&interval=D,https://www.tradingview.com/chart/?symbol=NSE%3ASILINV&interval=W,https://www.tradingview.com/chart/?symbol=NSE%3ASILINV&interval=75,pending,data/research_datasets/20260824,2026-08-24 10:05:13 UTC
SHREYANIND,SHREYANIND.NS,Shreyans Industries Limited,2026-08-21,899,DISQUALIFIED,True,False,50.0,True,Failed all mechanical trend & momentum filters.,False,False,False,False,False,False,125.33,31.5,136.65,145.78,,,1.01,0.171,,1.44,1.65,0.03,False,False,False,False,LPS,2026-08-18,True,False,False,False,147,"Bar vol_ratio=0.55x, spread_ratio=0.77x, close_pos=0.27. Candidate LPS: higher low=130.12 vs prior Spring low=129.01 (+0.9%), holding above range support=128.00, low volume 0.55x avg (threshold < 0.75x), spread 0.77x ATR, close pos=0.27",265.35,111.7,42,False,[DISQUALIFIED] Score: 50.0/100.0 | DISQUALIFIED: Failed all mechanical trend & momentum filters.,https://www.tradingview.com/chart/?symbol=NSE%3ASHREYANIND&interval=D,https://www.tradingview.com/chart/?symbol=NSE%3ASHREYANIND&interval=W,https://www.tradingview.com/chart/?symbol=NSE%3ASHREYANIND&interval=75,pending,data/research_datasets/20260824,2026-08-24 10:05:13 UTC
SHANTIGEAR,SHANTIGEAR.NS,Shanthi Gears Limited,2026-08-21,900,DISQUALIFIED,True,False,50.0,True,Failed all mechanical trend & momentum filters.,False,False,False,False,False,True,464.25,73.1,425.66,439.14,,,1.24,0.166,,15.15,4.58,1.0,False,False,False,False,SOS,2026-08-21,False,True,False,False,148,"Bar vol_ratio=15.15x, spread_ratio=4.58x, close_pos=1.00. Candidate SOS: close=464.25 broke above range resistance=460.67 (+0.78%), strong close position=1.00 (threshold > 0.7), volume 15.15x avg (threshold >= 1.5x), spread 4.58x ATR",624.35,34.5,15,False,[DISQUALIFIED] Score: 50.0/100.0 | DISQUALIFIED: Failed all mechanical trend & momentum filters.,https://www.tradingview.com/chart/?symbol=NSE%3ASHANTIGEAR&interval=D,https://www.tradingview.com/chart/?symbol=NSE%3ASHANTIGEAR&interval=W,https://www.tradingview.com/chart/?symbol=NSE%3ASHANTIGEAR&interval=75,pending,data/research_datasets/20260824,2026-08-24 10:05:13 UTC
SELMC,SELMC.NS,SEL Manufacturing Company Limited,2026-08-21,899,DISQUALIFIED,True,False,50.0,True,Failed all mechanical trend & momentum filters.,False,False,False,False,True,False,28.01,51.4,28.46,29.61,,,1.1,0.04,,0.65,1.47,0.19,False,False,False,False,LPS,2026-08-21,True,False,False,False,164,"Bar vol_ratio=0.65x, spread_ratio=1.47x, close_pos=0.19. Candidate LPS: higher low=27.60 vs prior ST low=26.55 (+4.0%), holding above range support=26.00, low volume 0.65x avg (threshold < 0.75x), spread 1.47x ATR, close pos=0.19",58.01,107.1,2,False,[DISQUALIFIED] Score: 50.0/100.0 | DISQUALIFIED: Failed all mechanical trend & momentum filters.,https://www.tradingview.com/chart/?symbol=NSE%3ASELMC&interval=D,https://www.tradingview.com/chart/?symbol=NSE%3ASELMC&interval=W,https://www.tradingview.com/chart/?symbol=NSE%3ASELMC&interval=75,pending,data/research_datasets/20260824,2026-08-24 10:05:13 UTC
SAURASHCEM,SAURASHCEM.NS,Saurashtra Cement Limited,2026-08-21,616,DISQUALIFIED,True,False,50.0,True,Failed all mechanical trend & momentum filters.,False,False,False,False,True,True,58.22,45.8,58.71,59.63,,,1.11,0.214,,0.14,0.46,0.33,False,False,True,False,LPS,2026-08-10,True,False,False,False,85,"Bar vol_ratio=0.19x, spread_ratio=0.82x, close_pos=0.20. Candidate LPS: higher low=60.00 vs prior ST low=59.40 (+1.0%), holding above range support=53.00, low volume 0.19x avg (threshold < 0.75x), spread 0.82x ATR, close pos=0.20",132.7,127.9,24,False,[DISQUALIFIED] Score: 50.0/100.0 | DISQUALIFIED: Failed all mechanical trend & momentum filters.,https://www.tradingview.com/chart/?symbol=NSE%3ASAURASHCEM&interval=D,https://www.tradingview.com/chart/?symbol=NSE%3ASAURASHCEM&interval=W,https://www.tradingview.com/chart/?symbol=NSE%3ASAURASHCEM&interval=75,pending,data/research_datasets/20260824,2026-08-24 10:05:13 UTC
RUCHIRA,RUCHIRA.NS,Ruchira Papers Limited,2026-08-21,900,DISQUALIFIED,True,False,50.0,True,Failed all mechanical trend & momentum filters.,False,False,False,False,False,False,102.9,41.7,107.33,111.93,,,1.02,0.128,,0.83,0.85,0.24,False,False,False,False,LPS,2026-08-20,True,False,False,False,106,"Bar vol_ratio=0.56x, spread_ratio=0.74x, close_pos=0.27. Candidate LPS: higher low=102.00 vs prior ST low=101.00 (+1.0%), holding above range support=99.91, low volume 0.56x avg (threshold < 0.75x), spread 0.74x ATR, close pos=0.27",210.63,104.7,36,False,[DISQUALIFIED] Score: 50.0/100.0 | DISQUALIFIED: Failed all mechanical trend & momentum filters.,https://www.tradingview.com/chart/?symbol=NSE%3ARUCHIRA&interval=D,https://www.tradingview.com/chart/?symbol=NSE%3ARUCHIRA&interval=W,https://www.tradingview.com/chart/?symbol=NSE%3ARUCHIRA&interval=75,pending,data/research_datasets/20260824,2026-08-24 10:05:13 UTC
RUBFILA,RUBFILA.NS,Rubfila International Limited,2026-08-21,505,DISQUALIFIED,True,False,50.0,True,Failed all mechanical trend & momentum filters.,False,False,False,False,False,False,69.45,45.4,72.02,72.45,,,1.26,0.117,,0.59,0.58,0.27,False,True,False,False,LPS,2026-08-20,True,False,False,False,87,"Bar vol_ratio=0.52x, spread_ratio=0.82x, close_pos=0.39. Candidate LPS: higher low=67.51 vs prior ST low=67.50 (+0.0%), holding above range support=65.65, low volume 0.52x avg (threshold < 0.75x), spread 0.82x ATR, close pos=0.39",107.43,54.7,13,False,[DISQUALIFIED] Score: 50.0/100.0 | DISQUALIFIED: Failed all mechanical trend & momentum filters.,https://www.tradingview.com/chart/?symbol=NSE%3ARUBFILA&interval=D,https://www.tradingview.com/chart/?symbol=NSE%3ARUBFILA&interval=W,https://www.tradingview.com/chart/?symbol=NSE%3ARUBFILA&interval=75,pending,data/research_datasets/20260824,2026-08-24 10:05:13 UTC
RMC,RMC.NS,RMC Switchgears Limited,2026-08-21,100,DISQUALIFIED,True,False,50.0,True,Failed all mechanical trend & momentum filters.,False,False,False,False,False,True,258.0,41.2,295.33,355.03,,,1.37,0.488,,0.26,0.47,0.67,False,True,False,False,LPS,2026-08-07,True,False,False,False,8,"Bar vol_ratio=0.65x, spread_ratio=1.67x, close_pos=0.14. Candidate LPS: higher low=331.10 vs prior Spring low=245.40 (+34.9%), holding above range support=245.40, low volume 0.65x avg (threshold < 0.75x), spread 1.67x ATR, close pos=0.14",410.5,59.1,5,False,[DISQUALIFIED] Score: 50.0/100.0 | DISQUALIFIED: Failed all mechanical trend & momentum filters.,https://www.tradingview.com/chart/?symbol=NSE%3ARMC&interval=D,https://www.tradingview.com/chart/?symbol=NSE%3ARMC&interval=W,https://www.tradingview.com/chart/?symbol=NSE%3ARMC&interval=75,pending,data/research_datasets/20260824,2026-08-24 10:05:13 UTC
RETAIL,RETAIL.NS,JHS Svendgaard Retail Ventures Limited,2026-08-21,537,DISQUALIFIED,True,False,50.0,True,Failed all mechanical trend & momentum filters.,False,False,False,False,False,False,17.01,45.9,17.58,18.83,,,1.17,0.155,,0.69,0.97,0.32,False,False,False,False,LPS,2026-08-13,True,False,False,False,91,"Bar vol_ratio=0.47x, spread_ratio=1.30x, close_pos=0.93. Candidate LPS: higher low=16.68 vs prior Spring low=15.90 (+4.9%), holding above range support=15.90, low volume 0.47x avg (threshold < 0.75x), spread 1.30x ATR, close pos=0.93",39.56,132.6,29,False,[DISQUALIFIED] Score: 50.0/100.0 | DISQUALIFIED: Failed all mechanical trend & momentum filters.,https://www.tradingview.com/chart/?symbol=NSE%3ARETAIL&interval=D,https://www.tradingview.com/chart/?symbol=NSE%3ARETAIL&interval=W,https://www.tradingview.com/chart/?symbol=NSE%3ARETAIL&interval=75,pending,data/research_datasets/20260824,2026-08-24 10:05:13 UTC
REPRO,REPRO.NS,Repro India Limited,2026-08-21,899,DISQUALIFIED,True,False,50.0,True,Failed all mechanical trend & momentum filters.,False,False,False,False,False,True,324.0,33.6,362.29,362.31,,,1.32,0.302,,0.17,0.36,0.55,False,False,True,False,LPS,2026-08-17,True,False,False,False,121,"Bar vol_ratio=0.30x, spread_ratio=0.59x, close_pos=0.53. Candidate LPS: higher low=320.05 vs prior Spring low=309.05 (+3.6%), holding above range support=309.05, low volume 0.30x avg (threshold < 0.75x), spread 0.59x ATR, close pos=0.53",604.75,86.7,17,False,[DISQUALIFIED] Score: 50.0/100.0 | DISQUALIFIED: Failed all mechanical trend & momentum filters.,https://www.tradingview.com/chart/?symbol=NSE%3AREPRO&interval=D,https://www.tradingview.com/chart/?symbol=NSE%3AREPRO&interval=W,https://www.tradingview.com/chart/?symbol=NSE%3AREPRO&interval=75,pending,data/research_datasets/20260824,2026-08-24 10:05:13 UTC
RAYMONDLSL,RAYMONDLSL.NS,Raymond Lifestyle Limited,2026-08-21,490,DISQUALIFIED,True,False,50.0,True,Failed all mechanical trend & momentum filters.,False,False,False,False,True,True,726.95,46.5,751.45,762.74,,,1.02,0.082,,0.4,0.46,0.25,False,False,True,False,LPS,2026-08-18,True,False,False,False,64,"Bar vol_ratio=0.57x, spread_ratio=0.66x, close_pos=0.19. Candidate LPS: higher low=745.00 vs prior ST low=725.00 (+2.8%), holding above range support=677.00, low volume 0.57x avg (threshold < 0.75x), spread 0.66x ATR, close pos=0.19",1108.4,52.5,6,False,[DISQUALIFIED] Score: 50.0/100.0 | DISQUALIFIED: Failed all mechanical trend & momentum filters.,https://www.tradingview.com/chart/?symbol=NSE%3ARAYMONDLSL&interval=D,https://www.tradingview.com/chart/?symbol=NSE%3ARAYMONDLSL&interval=W,https://www.tradingview.com/chart/?symbol=NSE%3ARAYMONDLSL&interval=75,pending,data/research_datasets/20260824,2026-08-24 10:05:13 UTC
RAJSREESUG,RAJSREESUG.NS,Rajshree Sugars & Chemicals Limited,2026-08-21,900,DISQUALIFIED,True,False,50.0,True,Failed all mechanical trend & momentum filters.,False,False,False,False,False,False,39.1,73.0,32.09,32.73,,,1.42,0.392,,2.92,1.19,0.46,False,False,False,False,SOS,2026-08-20,False,True,False,False,117,"Bar vol_ratio=7.81x, spread_ratio=1.98x, close_pos=0.89. Candidate SOS: close=40.38 broke above range resistance=38.44 (+5.05%), strong close position=0.89 (threshold > 0.7), volume 7.81x avg (threshold >= 1.5x), spread 1.98x ATR",75.4,92.8,14,False,[DISQUALIFIED] Score: 50.0/100.0 | DISQUALIFIED: Failed all mechanical trend & momentum filters.,https://www.tradingview.com/chart/?symbol=NSE%3ARAJSREESUG&interval=D,https://www.tradingview.com/chart/?symbol=NSE%3ARAJSREESUG&interval=W,https://www.tradingview.com/chart/?symbol=NSE%3ARAJSREESUG&interval=75,pending,data/research_datasets/20260824,2026-08-24 10:05:13 UTC
PRSMJOHNSN,PRSMJOHNSN.NS,Prism Johnson Limited,2026-08-21,899,DISQUALIFIED,True,False,50.0,True,Failed all mechanical trend & momentum filters.,False,False,False,False,False,True,107.97,46.5,112.42,118.9,,,1.69,0.092,,1.36,0.56,0.53,False,False,False,False,LPS,2026-08-20,True,False,False,False,119,"Bar vol_ratio=0.37x, spread_ratio=0.85x, close_pos=0.36. Candidate LPS: higher low=108.25 vs prior ST low=105.40 (+2.7%), holding above range support=97.10, low volume 0.37x avg (threshold < 0.75x), spread 0.85x ATR, close pos=0.36",163.88,51.8,18,False,[DISQUALIFIED] Score: 50.0/100.0 | DISQUALIFIED: Failed all mechanical trend & momentum filters.,https://www.tradingview.com/chart/?symbol=NSE%3APRSMJOHNSN&interval=D,https://www.tradingview.com/chart/?symbol=NSE%3APRSMJOHNSN&interval=W,https://www.tradingview.com/chart/?symbol=NSE%3APRSMJOHNSN&interval=75,pending,data/research_datasets/20260824,2026-08-24 10:05:13 UTC
PRABHA,PRABHA.NS,Prabha Energy Limited,2026-08-21,355,DISQUALIFIED,True,False,50.0,True,Failed all mechanical trend & momentum filters.,False,False,False,False,False,True,217.66,89.5,156.05,158.94,,,1.61,0.547,,0.9,1.66,0.94,False,False,False,False,SOS,2026-08-20,False,True,False,False,64,"Bar vol_ratio=2.12x, spread_ratio=1.72x, close_pos=0.89. Candidate SOS: close=212.89 broke above range resistance=210.57 (+1.10%), strong close position=0.89 (threshold > 0.7), volume 2.12x avg (threshold >= 1.5x), spread 1.72x ATR",311.33,43.0,27,False,[DISQUALIFIED] Score: 50.0/100.0 | DISQUALIFIED: Failed all mechanical trend & momentum filters.,https://www.tradingview.com/chart/?symbol=NSE%3APRABHA&interval=D,https://www.tradingview.com/chart/?symbol=NSE%3APRABHA&interval=W,https://www.tradingview.com/chart/?symbol=NSE%3APRABHA&interval=75,pending,data/research_datasets/20260824,2026-08-24 10:05:13 UTC
POLICYBZR,POLICYBZR.NS,PB Fintech Limited,2026-08-21,900,DISQUALIFIED,True,False,50.0,True,Failed all mechanical trend & momentum filters.,False,False,False,False,False,True,1795.2,70.6,1628.54,1629.67,,,1.11,0.188,,0.46,0.89,0.91,False,False,False,False,SOS,2026-08-19,False,True,False,False,136,"Bar vol_ratio=1.83x, spread_ratio=1.22x, close_pos=0.71. Candidate SOS: close=1782.10 broke above range resistance=1767.50 (+0.83%), strong close position=0.71 (threshold > 0.7), volume 1.83x avg (threshold >= 1.5x), spread 1.22x ATR",2609.0,45.3,58,False,[DISQUALIFIED] Score: 50.0/100.0 | DISQUALIFIED: Failed all mechanical trend & momentum filters.,https://www.tradingview.com/chart/?symbol=NSE%3APOLICYBZR&interval=D,https://www.tradingview.com/chart/?symbol=NSE%3APOLICYBZR&interval=W,https://www.tradingview.com/chart/?symbol=NSE%3APOLICYBZR&interval=75,pending,data/research_datasets/20260824,2026-08-24 10:05:13 UTC
OSWALAGRO,OSWALAGRO.NS,Oswal Agro Mills Limited,2026-08-21,901,DISQUALIFIED,True,False,50.0,True,Failed all mechanical trend & momentum filters.,False,False,False,False,True,False,36.93,39.3,40.34,43.6,,,1.14,0.142,,0.57,0.68,0.13,False,False,False,False,LPS,2026-08-19,True,False,False,False,120,"Bar vol_ratio=0.24x, spread_ratio=0.73x, close_pos=0.73. Candidate LPS: higher low=36.41 vs prior Spring low=36.36 (+0.1%), holding above range support=36.36, low volume 0.24x avg (threshold < 0.75x), spread 0.73x ATR, close pos=0.73",56.41,52.7,25,False,[DISQUALIFIED] Score: 50.0/100.0 | DISQUALIFIED: Failed all mechanical trend & momentum filters.,https://www.tradingview.com/chart/?symbol=NSE%3AOSWALAGRO&interval=D,https://www.tradingview.com/chart/?symbol=NSE%3AOSWALAGRO&interval=W,https://www.tradingview.com/chart/?symbol=NSE%3AOSWALAGRO&interval=75,pending,data/research_datasets/20260824,2026-08-24 10:05:13 UTC
NDL,NDL.NS,Nandan Denim Limited,2026-08-21,901,DISQUALIFIED,True,False,50.0,True,Failed all mechanical trend & momentum filters.,False,False,False,False,False,False,2.71,74.5,2.4,2.54,,,1.16,0.156,,5.39,5.17,1.0,False,False,False,False,SOS,2026-08-21,False,True,False,False,113,"Bar vol_ratio=5.39x, spread_ratio=5.17x, close_pos=1.00. Candidate SOS: close=2.71 broke above range resistance=2.66 (+1.88%), strong close position=1.00 (threshold > 0.7), volume 5.39x avg (threshold >= 1.5x), spread 5.17x ATR",6.16,127.3,5,False,[DISQUALIFIED] Score: 50.0/100.0 | DISQUALIFIED: Failed all mechanical trend & momentum filters.,https://www.tradingview.com/chart/?symbol=NSE%3ANDL&interval=D,https://www.tradingview.com/chart/?symbol=NSE%3ANDL&interval=W,https://www.tradingview.com/chart/?symbol=NSE%3ANDL&interval=75,pending,data/research_datasets/20260824,2026-08-24 10:05:13 UTC
MBEL,MBEL.NS,M & B Engineering Limited,2026-08-21,261,DISQUALIFIED,True,False,50.0,True,Failed all mechanical trend & momentum filters.,False,False,False,False,True,True,273.75,39.3,302.28,305.21,,,1.14,0.162,,0.33,1.09,0.18,False,False,False,False,LPS,2026-08-13,True,False,False,False,41,"Bar vol_ratio=0.46x, spread_ratio=0.40x, close_pos=0.74. Candidate LPS: higher low=266.10 vs prior Spring low=258.25 (+3.0%), holding above range support=258.25, low volume 0.46x avg (threshold < 0.75x), spread 0.40x ATR, close pos=0.74",405.0,47.9,9,False,[DISQUALIFIED] Score: 50.0/100.0 | DISQUALIFIED: Failed all mechanical trend & momentum filters.,https://www.tradingview.com/chart/?symbol=NSE%3AMBEL&interval=D,https://www.tradingview.com/chart/?symbol=NSE%3AMBEL&interval=W,https://www.tradingview.com/chart/?symbol=NSE%3AMBEL&interval=75,pending,data/research_datasets/20260824,2026-08-24 10:05:13 UTC
MANINFRA,MANINFRA.NS,Man Infraconstruction Limited,2026-08-21,900,DISQUALIFIED,True,False,50.0,True,Failed all mechanical trend & momentum filters.,False,False,False,False,False,True,108.67,54.4,104.65,108.36,,,1.43,0.226,,0.26,0.71,0.3,False,False,False,False,LPS,2026-08-20,True,False,False,False,119,"Bar vol_ratio=0.58x, spread_ratio=0.56x, close_pos=0.68. Candidate LPS: higher low=108.51 vs prior ST low=105.11 (+3.2%), holding above range support=95.52, low volume 0.58x avg (threshold < 0.75x), spread 0.56x ATR, close pos=0.68",173.29,59.5,21,False,[DISQUALIFIED] Score: 50.0/100.0 | DISQUALIFIED: Failed all mechanical trend & momentum filters.,https://www.tradingview.com/chart/?symbol=NSE%3AMANINFRA&interval=D,https://www.tradingview.com/chart/?symbol=NSE%3AMANINFRA&interval=W,https://www.tradingview.com/chart/?symbol=NSE%3AMANINFRA&interval=75,pending,data/research_datasets/20260824,2026-08-24 10:05:13 UTC
KRITI,KRITI.NS,Kriti Industries (India) Limited,2026-08-21,899,DISQUALIFIED,True,False,50.0,True,Failed all mechanical trend & momentum filters.,False,False,False,False,True,False,64.34,37.0,69.05,73.29,,,1.3,0.113,,0.4,0.99,0.21,False,False,False,False,ST,2026-08-14,False,False,False,False,168,"Bar vol_ratio=0.39x, spread_ratio=1.59x, close_pos=0.28. Candidate ST: retest of SC low area (SC low=65.00, bar low=66.25, diff=1.9%), volume 0.39x avg strictly lower than SC volume 2.52x, spread 1.59x ATR, close pos=0.28",127.77,98.6,20,False,[DISQUALIFIED] Score: 50.0/100.0 | DISQUALIFIED: Failed all mechanical trend & momentum filters.,https://www.tradingview.com/chart/?symbol=NSE%3AKRITI&interval=D,https://www.tradingview.com/chart/?symbol=NSE%3AKRITI&interval=W,https://www.tradingview.com/chart/?symbol=NSE%3AKRITI&interval=75,pending,data/research_datasets/20260824,2026-08-24 10:05:13 UTC
KPEL,KPEL.NS,K.P. Energy Limited,2026-08-21,437,DISQUALIFIED,True,False,50.0,True,Failed all mechanical trend & momentum filters.,False,False,False,False,False,True,259.3,34.4,314.3,332.51,,,1.32,0.362,,0.73,0.65,0.27,False,False,False,False,LPS,2026-08-21,True,False,False,False,70,"Bar vol_ratio=0.73x, spread_ratio=0.65x, close_pos=0.27. Candidate LPS: higher low=257.00 vs prior Spring low=255.05 (+0.8%), holding above range support=240.00, low volume 0.73x avg (threshold < 0.75x), spread 0.65x ATR, close pos=0.27",349.3,34.7,6,False,[DISQUALIFIED] Score: 50.0/100.0 | DISQUALIFIED: Failed all mechanical trend & momentum filters.,https://www.tradingview.com/chart/?symbol=NSE%3AKPEL&interval=D,https://www.tradingview.com/chart/?symbol=NSE%3AKPEL&interval=W,https://www.tradingview.com/chart/?symbol=NSE%3AKPEL&interval=75,pending,data/research_datasets/20260824,2026-08-24 10:05:13 UTC
KAVDEFENCE,KAVDEFENCE.NS,Kavveri Defence & Wireless Technologies Limited,2026-08-21,901,DISQUALIFIED,True,False,50.0,True,Failed all mechanical trend & momentum filters.,False,False,False,False,True,False,56.9,43.2,60.31,61.82,,,1.03,0.067,,1.03,0.74,0.2,False,False,False,False,LPS,2026-08-20,True,False,False,False,108,"Bar vol_ratio=0.68x, spread_ratio=0.97x, close_pos=0.38. Candidate LPS: higher low=56.21 vs prior Spring low=55.05 (+2.1%), holding above range support=54.16, low volume 0.68x avg (threshold < 0.75x), spread 0.97x ATR, close pos=0.38",97.55,71.4,45,False,[DISQUALIFIED] Score: 50.0/100.0 | DISQUALIFIED: Failed all mechanical trend & momentum filters.,https://www.tradingview.com/chart/?symbol=NSE%3AKAVDEFENCE&interval=D,https://www.tradingview.com/chart/?symbol=NSE%3AKAVDEFENCE&interval=W,https://www.tradingview.com/chart/?symbol=NSE%3AKAVDEFENCE&interval=75,pending,data/research_datasets/20260824,2026-08-24 10:05:13 UTC
KARMAENG,KARMAENG.NS,Karma Energy Limited,2026-08-21,899,DISQUALIFIED,True,False,50.0,True,Failed all mechanical trend & momentum filters.,False,False,False,False,False,False,38.59,46.3,39.88,43.07,,,1.13,0.125,,0.74,0.75,0.11,False,False,False,False,LPS,2026-08-14,True,False,False,False,150,"Bar vol_ratio=0.47x, spread_ratio=1.28x, close_pos=0.06. Candidate LPS: higher low=39.51 vs prior ST low=39.42 (+0.2%), holding above range support=36.60, low volume 0.47x avg (threshold < 0.75x), spread 1.28x ATR, close pos=0.06",65.21,69.0,34,False,[DISQUALIFIED] Score: 50.0/100.0 | DISQUALIFIED: Failed all mechanical trend & momentum filters.,https://www.tradingview.com/chart/?symbol=NSE%3AKARMAENG&interval=D,https://www.tradingview.com/chart/?symbol=NSE%3AKARMAENG&interval=W,https://www.tradingview.com/chart/?symbol=NSE%3AKARMAENG&interval=75,pending,data/research_datasets/20260824,2026-08-24 10:05:13 UTC
KANANIIND,KANANIIND.NS,Kanani Industries Limited,2026-08-21,900,DISQUALIFIED,True,False,50.0,True,Failed all mechanical trend & momentum filters.,False,False,False,False,False,False,1.5,49.3,1.52,1.56,,,1.08,0.055,,0.33,0.37,0.67,False,True,False,False,LPS,2026-08-20,True,False,False,False,132,"Bar vol_ratio=0.71x, spread_ratio=0.61x, close_pos=0.40. Candidate LPS: higher low=1.46 vs prior ST low=1.44 (+1.4%), holding above range support=1.31, low volume 0.71x avg (threshold < 0.75x), spread 0.61x ATR, close pos=0.40",2.23,48.7,1,False,[DISQUALIFIED] Score: 50.0/100.0 | DISQUALIFIED: Failed all mechanical trend & momentum filters.,https://www.tradingview.com/chart/?symbol=NSE%3AKANANIIND&interval=D,https://www.tradingview.com/chart/?symbol=NSE%3AKANANIIND&interval=W,https://www.tradingview.com/chart/?symbol=NSE%3AKANANIIND&interval=75,pending,data/research_datasets/20260824,2026-08-24 10:05:13 UTC
KAKATCEM,KAKATCEM.NS,Kakatiya Cement Sugar & Industries Limited,2026-08-21,900,DISQUALIFIED,True,False,50.0,True,Failed all mechanical trend & momentum filters.,False,False,False,False,False,False,115.84,51.8,116.09,118.35,,,1.25,0.161,,0.75,0.83,0.33,False,False,False,False,LPS,2026-08-17,True,False,False,False,138,"Bar vol_ratio=0.68x, spread_ratio=0.93x, close_pos=0.87. Candidate LPS: higher low=106.00 vs prior ST low=105.71 (+0.3%), holding above range support=102.35, low volume 0.68x avg (threshold < 0.75x), spread 0.93x ATR, close pos=0.87",163.49,41.1,9,False,[DISQUALIFIED] Score: 50.0/100.0 | DISQUALIFIED: Failed all mechanical trend & momentum filters.,https://www.tradingview.com/chart/?symbol=NSE%3AKAKATCEM&interval=D,https://www.tradingview.com/chart/?symbol=NSE%3AKAKATCEM&interval=W,https://www.tradingview.com/chart/?symbol=NSE%3AKAKATCEM&interval=75,pending,data/research_datasets/20260824,2026-08-24 10:05:13 UTC
JISLJALEQS,JISLJALEQS.NS,Jain Irrigation Systems Limited,2026-08-21,901,DISQUALIFIED,True,False,50.0,True,Failed all mechanical trend & momentum filters.,False,False,False,False,False,True,27.86,39.7,31.37,31.49,,,1.01,0.22,,0.51,0.6,0.09,False,False,False,False,LPS,2026-08-18,True,False,False,False,97,"Bar vol_ratio=0.50x, spread_ratio=0.35x, close_pos=0.29. Candidate LPS: higher low=27.41 vs prior Spring low=26.85 (+2.1%), holding above range support=26.11, low volume 0.50x avg (threshold < 0.75x), spread 0.35x ATR, close pos=0.29",36.53,31.1,12,False,[DISQUALIFIED] Score: 50.0/100.0 | DISQUALIFIED: Failed all mechanical trend & momentum filters.,https://www.tradingview.com/chart/?symbol=NSE%3AJISLJALEQS&interval=D,https://www.tradingview.com/chart/?symbol=NSE%3AJISLJALEQS&interval=W,https://www.tradingview.com/chart/?symbol=NSE%3AJISLJALEQS&interval=75,pending,data/research_datasets/20260824,2026-08-24 10:05:13 UTC
JISLDVREQS,JISLDVREQS.NS,Jain Irrigation Systems Limited,2026-08-21,900,DISQUALIFIED,True,False,50.0,True,Failed all mechanical trend & momentum filters.,False,False,False,False,False,False,21.14,43.1,22.73,23.0,,,1.1,0.136,,0.07,0.42,0.25,False,False,True,False,LPS,2026-08-12,True,False,False,False,111,"Bar vol_ratio=0.52x, spread_ratio=1.39x, close_pos=0.21. Candidate LPS: higher low=20.70 vs prior Spring low=19.60 (+5.6%), holding above range support=19.60, low volume 0.52x avg (threshold < 0.75x), spread 1.39x ATR, close pos=0.21",57.99,174.3,46,False,[DISQUALIFIED] Score: 50.0/100.0 | DISQUALIFIED: Failed all mechanical trend & momentum filters.,https://www.tradingview.com/chart/?symbol=NSE%3AJISLDVREQS&interval=D,https://www.tradingview.com/chart/?symbol=NSE%3AJISLDVREQS&interval=W,https://www.tradingview.com/chart/?symbol=NSE%3AJISLDVREQS&interval=75,pending,data/research_datasets/20260824,2026-08-24 10:05:13 UTC
INTLCONV,INTLCONV.NS,International Conveyors Limited,2026-08-21,901,DISQUALIFIED,True,False,50.0,True,Failed all mechanical trend & momentum filters.,False,False,False,False,True,False,77.54,54.5,78.02,78.18,,,1.09,0.075,,0.82,0.99,0.51,False,False,False,False,LPS,2026-08-13,True,False,False,False,141,"Bar vol_ratio=0.60x, spread_ratio=0.85x, close_pos=0.17. Candidate LPS: higher low=72.66 vs prior Spring low=72.09 (+0.8%), holding above range support=72.09, low volume 0.60x avg (threshold < 0.75x), spread 0.85x ATR, close pos=0.17",205.06,164.5,44,False,[DISQUALIFIED] Score: 50.0/100.0 | DISQUALIFIED: Failed all mechanical trend & momentum filters.,https://www.tradingview.com/chart/?symbol=NSE%3AINTLCONV&interval=D,https://www.tradingview.com/chart/?symbol=NSE%3AINTLCONV&interval=W,https://www.tradingview.com/chart/?symbol=NSE%3AINTLCONV&interval=75,pending,data/research_datasets/20260824,2026-08-24 10:05:13 UTC
INTERARCH,INTERARCH.NS,Interarch Building Solutions Limited,2026-08-21,496,DISQUALIFIED,True,False,50.0,True,Failed all mechanical trend & momentum filters.,False,False,False,False,False,True,1676.3,33.2,1824.39,1857.62,,,1.15,0.139,,1.09,0.74,0.15,False,False,False,False,LPS,2026-08-14,True,False,False,False,52,"Bar vol_ratio=0.49x, spread_ratio=0.58x, close_pos=0.75. Candidate LPS: higher low=1709.00 vs prior ST low=1680.20 (+1.7%), holding above range support=1651.20, low volume 0.49x avg (threshold < 0.75x), spread 0.58x ATR, close pos=0.75",2996.2,78.7,42,False,[DISQUALIFIED] Score: 50.0/100.0 | DISQUALIFIED: Failed all mechanical trend & momentum filters.,https://www.tradingview.com/chart/?symbol=NSE%3AINTERARCH&interval=D,https://www.tradingview.com/chart/?symbol=NSE%3AINTERARCH&interval=W,https://www.tradingview.com/chart/?symbol=NSE%3AINTERARCH&interval=75,pending,data/research_datasets/20260824,2026-08-24 10:05:13 UTC
INDTERRAIN,INDTERRAIN.NS,Indian Terrain Fashions Limited,2026-08-21,899,DISQUALIFIED,True,False,50.0,True,Failed all mechanical trend & momentum filters.,False,False,False,False,True,False,30.34,45.9,31.38,31.58,,,1.13,0.2,,0.15,0.51,0.11,False,False,True,False,LPS,2026-08-07,True,False,False,False,125,"Bar vol_ratio=0.47x, spread_ratio=0.53x, close_pos=0.18. Candidate LPS: higher low=31.52 vs prior ST low=31.00 (+1.7%), holding above range support=27.50, low volume 0.47x avg (threshold < 0.75x), spread 0.53x ATR, close pos=0.18",85.7,182.5,18,False,[DISQUALIFIED] Score: 50.0/100.0 | DISQUALIFIED: Failed all mechanical trend & momentum filters.,https://www.tradingview.com/chart/?symbol=NSE%3AINDTERRAIN&interval=D,https://www.tradingview.com/chart/?symbol=NSE%3AINDTERRAIN&interval=W,https://www.tradingview.com/chart/?symbol=NSE%3AINDTERRAIN&interval=75,pending,data/research_datasets/20260824,2026-08-24 10:05:13 UTC
INDOUS,INDOUS.NS,Indo Us Biotech Limited,2026-08-21,472,DISQUALIFIED,True,False,50.0,True,Failed all mechanical trend & momentum filters.,False,False,False,False,False,False,85.56,52.9,86.21,94.67,,,1.03,0.119,,0.16,0.68,0.16,False,False,False,False,LPS,2026-08-21,True,False,False,False,95,"Bar vol_ratio=0.16x, spread_ratio=0.68x, close_pos=0.16. Candidate LPS: higher low=85.10 vs prior Spring low=84.60 (+0.6%), holding above range support=74.98, low volume 0.16x avg (threshold < 0.75x), spread 0.68x ATR, close pos=0.16",114.03,33.3,4,False,[DISQUALIFIED] Score: 50.0/100.0 | DISQUALIFIED: Failed all mechanical trend & momentum filters.,https://www.tradingview.com/chart/?symbol=NSE%3AINDOUS&interval=D,https://www.tradingview.com/chart/?symbol=NSE%3AINDOUS&interval=W,https://www.tradingview.com/chart/?symbol=NSE%3AINDOUS&interval=75,pending,data/research_datasets/20260824,2026-08-24 10:05:13 UTC
INDIASHLTR,INDIASHLTR.NS,India Shelter Finance Corporation Limited,2026-08-21,661,DISQUALIFIED,True,False,50.0,True,Failed all mechanical trend & momentum filters.,False,False,False,False,True,True,675.25,39.2,747.3,764.34,,,1.1,0.181,,0.31,0.85,0.33,False,False,False,False,LPS,2026-08-13,True,False,False,False,128,"Bar vol_ratio=0.37x, spread_ratio=0.55x, close_pos=0.39. Candidate LPS: higher low=668.85 vs prior Spring low=640.00 (+4.5%), holding above range support=640.00, low volume 0.37x avg (threshold < 0.75x), spread 0.55x ATR, close pos=0.39",1289.15,90.9,41,False,[DISQUALIFIED] Score: 50.0/100.0 | DISQUALIFIED: Failed all mechanical trend & momentum filters.,https://www.tradingview.com/chart/?symbol=NSE%3AINDIASHLTR&interval=D,https://www.tradingview.com/chart/?symbol=NSE%3AINDIASHLTR&interval=W,https://www.tradingview.com/chart/?symbol=NSE%3AINDIASHLTR&interval=75,pending,data/research_datasets/20260824,2026-08-24 10:05:13 UTC
HPIL,HPIL.NS,Hindprakash Industries Limited,2026-08-21,900,DISQUALIFIED,True,False,50.0,True,Failed all mechanical trend & momentum filters.,False,False,False,False,False,False,126.1,48.4,126.15,128.91,,,1.28,0.084,,0.29,0.81,0.02,False,False,False,False,LPS,2026-08-17,True,False,False,False,139,"Bar vol_ratio=0.22x, spread_ratio=0.81x, close_pos=1.00. Candidate LPS: higher low=122.10 vs prior ST low=120.30 (+1.5%), holding above range support=117.00, low volume 0.22x avg (threshold < 0.75x), spread 0.81x ATR, close pos=1.00",439.35,248.4,104,False,[DISQUALIFIED] Score: 50.0/100.0 | DISQUALIFIED: Failed all mechanical trend & momentum filters.,https://www.tradingview.com/chart/?symbol=NSE%3AHPIL&interval=D,https://www.tradingview.com/chart/?symbol=NSE%3AHPIL&interval=W,https://www.tradingview.com/chart/?symbol=NSE%3AHPIL&interval=75,pending,data/research_datasets/20260824,2026-08-24 10:05:13 UTC
HMAAGRO,HMAAGRO.NS,HMA Agro Industries Limited,2026-08-21,777,DISQUALIFIED,True,False,50.0,True,Failed all mechanical trend & momentum filters.,False,False,False,False,False,True,21.97,50.3,21.89,22.87,,,1.75,0.155,,0.46,0.33,0.56,False,True,False,False,ST,2026-08-20,False,False,False,False,145,"Bar vol_ratio=0.55x, spread_ratio=0.28x, close_pos=0.34. Candidate ST: retest of SC low area (SC low=22.46, bar low=21.80, diff=2.9%), volume 0.55x avg strictly lower than SC volume 4.30x, spread 0.28x ATR, close pos=0.34",36.94,68.1,5,False,[DISQUALIFIED] Score: 50.0/100.0 | DISQUALIFIED: Failed all mechanical trend & momentum filters.,https://www.tradingview.com/chart/?symbol=NSE%3AHMAAGRO&interval=D,https://www.tradingview.com/chart/?symbol=NSE%3AHMAAGRO&interval=W,https://www.tradingview.com/chart/?symbol=NSE%3AHMAAGRO&interval=75,pending,data/research_datasets/20260824,2026-08-24 10:05:13 UTC
HEADSUP,HEADSUP.NS,Heads UP Ventures Limited,2026-08-21,899,DISQUALIFIED,True,False,50.0,True,Failed all mechanical trend & momentum filters.,False,False,False,False,False,False,6.69,44.5,6.94,7.1,,,1.17,0.108,,0.27,0.77,0.18,False,False,False,False,LPS,2026-08-19,True,False,False,False,131,"Bar vol_ratio=0.15x, spread_ratio=0.71x, close_pos=0.50. Candidate LPS: higher low=6.61 vs prior Spring low=6.00 (+10.2%), holding above range support=6.00, low volume 0.15x avg (threshold < 0.75x), spread 0.71x ATR, close pos=0.50",15.78,135.9,12,False,[DISQUALIFIED] Score: 50.0/100.0 | DISQUALIFIED: Failed all mechanical trend & momentum filters.,https://www.tradingview.com/chart/?symbol=NSE%3AHEADSUP&interval=D,https://www.tradingview.com/chart/?symbol=NSE%3AHEADSUP&interval=W,https://www.tradingview.com/chart/?symbol=NSE%3AHEADSUP&interval=75,pending,data/research_datasets/20260824,2026-08-24 10:05:13 UTC
HBSL,HBSL.NS,HB Stockholdings Limited,2026-08-21,900,DISQUALIFIED,True,False,50.0,True,Failed all mechanical trend & momentum filters.,False,False,False,False,False,False,55.13,53.4,52.42,55.19,,,1.5,0.295,,0.07,0.34,0.28,False,True,False,False,LPS,2026-08-12,True,False,False,False,142,"Bar vol_ratio=0.60x, spread_ratio=1.84x, close_pos=0.61. Candidate LPS: higher low=54.01 vs prior Spring low=47.62 (+13.4%), holding above range support=46.25, low volume 0.60x avg (threshold < 0.75x), spread 1.84x ATR, close pos=0.61",150.49,173.0,33,False,[DISQUALIFIED] Score: 50.0/100.0 | DISQUALIFIED: Failed all mechanical trend & momentum filters.,https://www.tradingview.com/chart/?symbol=NSE%3AHBSL&interval=D,https://www.tradingview.com/chart/?symbol=NSE%3AHBSL&interval=W,https://www.tradingview.com/chart/?symbol=NSE%3AHBSL&interval=75,pending,data/research_datasets/20260824,2026-08-24 10:05:13 UTC
GUJAPOLLO,GUJAPOLLO.NS,Gujarat Apollo Industries Limited,2026-08-21,899,DISQUALIFIED,True,False,50.0,True,Failed all mechanical trend & momentum filters.,False,False,False,False,True,False,358.5,51.7,358.14,383.78,,,1.07,0.098,,2.44,0.84,0.63,True,False,False,False,LPS,2026-08-20,True,False,False,False,134,"Bar vol_ratio=0.72x, spread_ratio=0.90x, close_pos=0.05. Candidate LPS: higher low=349.90 vs prior ST low=345.55 (+1.3%), holding above range support=300.50, low volume 0.72x avg (threshold < 0.75x), spread 0.90x ATR, close pos=0.05",722.7,101.6,62,False,[DISQUALIFIED] Score: 50.0/100.0 | DISQUALIFIED: Failed all mechanical trend & momentum filters.,https://www.tradingview.com/chart/?symbol=NSE%3AGUJAPOLLO&interval=D,https://www.tradingview.com/chart/?symbol=NSE%3AGUJAPOLLO&interval=W,https://www.tradingview.com/chart/?symbol=NSE%3AGUJAPOLLO&interval=75,pending,data/research_datasets/20260824,2026-08-24 10:05:13 UTC
GODREJCP,GODREJCP.NS,Godrej Consumer Products Limited,2026-08-21,901,DISQUALIFIED,True,False,50.0,True,Failed all mechanical trend & momentum filters.,False,False,False,False,False,True,933.0,34.1,1029.76,1034.82,,,1.16,0.254,,0.66,0.66,0.28,False,False,False,False,LPS,2026-08-19,True,False,False,False,108,"Bar vol_ratio=0.52x, spread_ratio=0.41x, close_pos=0.18. Candidate LPS: higher low=928.00 vs prior ST low=925.60 (+0.3%), holding above range support=902.81, low volume 0.52x avg (threshold < 0.75x), spread 0.41x ATR, close pos=0.18",1230.0,31.8,10,False,[DISQUALIFIED] Score: 50.0/100.0 | DISQUALIFIED: Failed all mechanical trend & momentum filters.,https://www.tradingview.com/chart/?symbol=NSE%3AGODREJCP&interval=D,https://www.tradingview.com/chart/?symbol=NSE%3AGODREJCP&interval=W,https://www.tradingview.com/chart/?symbol=NSE%3AGODREJCP&interval=75,pending,data/research_datasets/20260824,2026-08-24 10:05:13 UTC
GLOBE,GLOBE.NS,GLOBE ENTERPRISES (INDIA) LIMITED,2026-08-21,900,DISQUALIFIED,True,False,50.0,True,Failed all mechanical trend & momentum filters.,False,False,False,False,False,False,1.97,35.9,2.14,2.28,,,1.06,0.121,,0.6,0.84,0.25,False,False,False,False,LPS,2026-08-17,True,False,False,False,92,"Bar vol_ratio=0.65x, spread_ratio=0.43x, close_pos=0.25. Candidate LPS: higher low=1.99 vs prior Spring low=1.86 (+7.0%), holding above range support=1.86, low volume 0.65x avg (threshold < 0.75x), spread 0.43x ATR, close pos=0.25",5.0,153.8,4,False,[DISQUALIFIED] Score: 50.0/100.0 | DISQUALIFIED: Failed all mechanical trend & momentum filters.,https://www.tradingview.com/chart/?symbol=NSE%3AGLOBE&interval=D,https://www.tradingview.com/chart/?symbol=NSE%3AGLOBE&interval=W,https://www.tradingview.com/chart/?symbol=NSE%3AGLOBE&interval=75,pending,data/research_datasets/20260824,2026-08-24 10:05:13 UTC
GENUSPAPER,GENUSPAPER.NS,Genus Paper & Boards Limited,2026-08-21,899,DISQUALIFIED,True,False,50.0,True,Failed all mechanical trend & momentum filters.,False,False,False,False,False,False,11.23,40.1,11.94,12.37,,,1.05,0.171,,2.11,0.92,0.27,True,False,False,False,LPS,2026-08-17,True,False,False,False,116,"Bar vol_ratio=0.55x, spread_ratio=0.72x, close_pos=0.59. Candidate LPS: higher low=11.01 vs prior Spring low=10.95 (+0.5%), holding above range support=10.95, low volume 0.55x avg (threshold < 0.75x), spread 0.72x ATR, close pos=0.59",25.79,129.7,18,False,[DISQUALIFIED] Score: 50.0/100.0 | DISQUALIFIED: Failed all mechanical trend & momentum filters.,https://www.tradingview.com/chart/?symbol=NSE%3AGENUSPAPER&interval=D,https://www.tradingview.com/chart/?symbol=NSE%3AGENUSPAPER&interval=W,https://www.tradingview.com/chart/?symbol=NSE%3AGENUSPAPER&interval=75,pending,data/research_datasets/20260824,2026-08-24 10:05:13 UTC
FOODSIN,FOODSIN.NS,Foods & Inns Limited,2026-08-21,900,DISQUALIFIED,True,False,50.0,True,Failed all mechanical trend & momentum filters.,False,False,False,False,True,False,54.43,48.2,56.4,57.4,,,1.09,0.083,,0.32,0.67,0.17,False,False,False,False,LPS,2026-08-19,True,False,False,False,120,"Bar vol_ratio=0.20x, spread_ratio=0.57x, close_pos=0.20. Candidate LPS: higher low=53.55 vs prior Spring low=52.41 (+2.2%), holding above range support=50.25, low volume 0.20x avg (threshold < 0.75x), spread 0.57x ATR, close pos=0.20",116.5,114.0,20,False,[DISQUALIFIED] Score: 50.0/100.0 | DISQUALIFIED: Failed all mechanical trend & momentum filters.,https://www.tradingview.com/chart/?symbol=NSE%3AFOODSIN&interval=D,https://www.tradingview.com/chart/?symbol=NSE%3AFOODSIN&interval=W,https://www.tradingview.com/chart/?symbol=NSE%3AFOODSIN&interval=75,pending,data/research_datasets/20260824,2026-08-24 10:05:13 UTC
EXCELSOFT,EXCELSOFT.NS,Excelsoft Technologies Limited,2026-08-21,186,DISQUALIFIED,True,False,50.0,True,Failed all mechanical trend & momentum filters.,False,False,False,False,False,True,70.9,33.4,77.51,82.8,,,1.03,0.218,,0.47,0.48,0.2,False,True,False,False,LPS,2026-08-21,True,False,False,False,19,"Bar vol_ratio=0.47x, spread_ratio=0.48x, close_pos=0.20. Candidate LPS: higher low=70.60 vs prior Spring low=70.31 (+0.4%), holding above range support=70.31, low volume 0.47x avg (threshold < 0.75x), spread 0.48x ATR, close pos=0.20",88.9,25.4,6,False,[DISQUALIFIED] Score: 50.0/100.0 | DISQUALIFIED: Failed all mechanical trend & momentum filters.,https://www.tradingview.com/chart/?symbol=NSE%3AEXCELSOFT&interval=D,https://www.tradingview.com/chart/?symbol=NSE%3AEXCELSOFT&interval=W,https://www.tradingview.com/chart/?symbol=NSE%3AEXCELSOFT&interval=75,pending,data/research_datasets/20260824,2026-08-24 10:05:13 UTC
ESSARSHPNG,ESSARSHPNG.NS,Essar Shipping Limited,2026-08-21,900,DISQUALIFIED,True,False,50.0,True,Failed all mechanical trend & momentum filters.,False,False,False,False,False,False,16.97,31.6,21.04,23.02,,,1.15,0.364,,4.79,3.17,0.37,False,False,False,False,LPS,2026-08-20,True,False,False,False,121,"Bar vol_ratio=0.65x, spread_ratio=0.50x, close_pos=0.32. Candidate LPS: higher low=15.76 vs prior Spring low=15.71 (+0.3%), holding above range support=15.71, low volume 0.65x avg (threshold < 0.75x), spread 0.50x ATR, close pos=0.32",21.15,24.6,7,False,[DISQUALIFIED] Score: 50.0/100.0 | DISQUALIFIED: Failed all mechanical trend & momentum filters.,https://www.tradingview.com/chart/?symbol=NSE%3AESSARSHPNG&interval=D,https://www.tradingview.com/chart/?symbol=NSE%3AESSARSHPNG&interval=W,https://www.tradingview.com/chart/?symbol=NSE%3AESSARSHPNG&interval=75,pending,data/research_datasets/20260824,2026-08-24 10:05:13 UTC
EIHAHOTELS,EIHAHOTELS.NS,EIH Associated Hotels Limited,2026-08-21,900,DISQUALIFIED,True,False,50.0,True,Failed all mechanical trend & momentum filters.,False,False,False,False,False,False,294.7,39.6,311.53,311.65,,,1.01,0.115,,0.76,0.74,0.24,False,False,False,False,LPS,2026-08-12,True,False,False,False,106,"Bar vol_ratio=0.45x, spread_ratio=0.53x, close_pos=0.25. Candidate LPS: higher low=291.50 vs prior ST low=291.35 (+0.1%), holding above range support=287.89, low volume 0.45x avg (threshold < 0.75x), spread 0.53x ATR, close pos=0.25",388.85,31.9,16,False,[DISQUALIFIED] Score: 50.0/100.0 | DISQUALIFIED: Failed all mechanical trend & momentum filters.,https://www.tradingview.com/chart/?symbol=NSE%3AEIHAHOTELS&interval=D,https://www.tradingview.com/chart/?symbol=NSE%3AEIHAHOTELS&interval=W,https://www.tradingview.com/chart/?symbol=NSE%3AEIHAHOTELS&interval=75,pending,data/research_datasets/20260824,2026-08-24 10:05:13 UTC
DIGIDRIVE,DIGIDRIVE.NS,Digidrive Distributors Limited,2026-08-21,649,DISQUALIFIED,True,False,50.0,True,Failed all mechanical trend & momentum filters.,False,False,False,False,True,False,17.9,50.9,18.21,19.68,,,1.14,0.058,,1.2,1.15,0.89,False,False,False,False,LPS,2026-08-13,True,False,False,False,98,"Bar vol_ratio=0.41x, spread_ratio=0.79x, close_pos=0.05. Candidate LPS: higher low=17.41 vs prior Spring low=17.00 (+2.4%), holding above range support=17.00, low volume 0.41x avg (threshold < 0.75x), spread 0.79x ATR, close pos=0.05",23.44,30.9,2,False,[DISQUALIFIED] Score: 50.0/100.0 | DISQUALIFIED: Failed all mechanical trend & momentum filters.,https://www.tradingview.com/chart/?symbol=NSE%3ADIGIDRIVE&interval=D,https://www.tradingview.com/chart/?symbol=NSE%3ADIGIDRIVE&interval=W,https://www.tradingview.com/chart/?symbol=NSE%3ADIGIDRIVE&interval=75,pending,data/research_datasets/20260824,2026-08-24 10:05:13 UTC
CELLO,CELLO.NS,Cello World Limited,2026-08-21,691,DISQUALIFIED,True,False,50.0,True,Failed all mechanical trend & momentum filters.,False,False,False,False,False,True,361.45,48.5,365.57,383.69,,,1.44,0.177,,0.07,0.34,0.43,False,False,True,False,LPS,2026-08-13,True,False,False,False,112,"Bar vol_ratio=0.18x, spread_ratio=0.70x, close_pos=0.18. Candidate LPS: higher low=368.00 vs prior ST low=366.50 (+0.4%), holding above range support=335.12, low volume 0.18x avg (threshold < 0.75x), spread 0.70x ATR, close pos=0.18",459.75,27.2,3,False,[DISQUALIFIED] Score: 50.0/100.0 | DISQUALIFIED: Failed all mechanical trend & momentum filters.,https://www.tradingview.com/chart/?symbol=NSE%3ACELLO&interval=D,https://www.tradingview.com/chart/?symbol=NSE%3ACELLO&interval=W,https://www.tradingview.com/chart/?symbol=NSE%3ACELLO&interval=75,pending,data/research_datasets/20260824,2026-08-24 10:05:13 UTC
CAPILLARY,CAPILLARY.NS,Capillary Technologies India Limited,2026-08-21,189,DISQUALIFIED,True,False,50.0,True,Failed all mechanical trend & momentum filters.,False,False,False,False,True,True,502.35,44.3,510.52,521.11,,,1.44,0.174,,0.08,0.42,0.39,False,False,True,False,LPS,2026-08-13,True,False,False,False,24,"Bar vol_ratio=0.26x, spread_ratio=0.74x, close_pos=0.25. Candidate LPS: higher low=525.00 vs prior ST low=516.50 (+1.6%), holding above range support=471.00, low volume 0.26x avg (threshold < 0.75x), spread 0.74x ATR, close pos=0.25",801.05,59.5,18,False,[DISQUALIFIED] Score: 50.0/100.0 | DISQUALIFIED: Failed all mechanical trend & momentum filters.,https://www.tradingview.com/chart/?symbol=NSE%3ACAPILLARY&interval=D,https://www.tradingview.com/chart/?symbol=NSE%3ACAPILLARY&interval=W,https://www.tradingview.com/chart/?symbol=NSE%3ACAPILLARY&interval=75,pending,data/research_datasets/20260824,2026-08-24 10:05:13 UTC
BIOFILCHEM,BIOFILCHEM.NS,Biofil Chemicals & Pharmaceuticals Limited,2026-08-21,900,DISQUALIFIED,True,False,50.0,True,Failed all mechanical trend & momentum filters.,False,False,False,False,False,False,30.26,28.6,33.49,33.61,,,1.05,0.097,,1.47,0.97,0.11,False,False,False,False,LPS,2026-08-20,True,False,False,False,160,"Bar vol_ratio=0.69x, spread_ratio=0.69x, close_pos=0.26. Candidate LPS: higher low=30.53 vs prior Spring low=30.50 (+0.1%), holding above range support=30.50, low volume 0.69x avg (threshold < 0.75x), spread 0.69x ATR, close pos=0.26",58.64,93.8,9,False,[DISQUALIFIED] Score: 50.0/100.0 | DISQUALIFIED: Failed all mechanical trend & momentum filters.,https://www.tradingview.com/chart/?symbol=NSE%3ABIOFILCHEM&interval=D,https://www.tradingview.com/chart/?symbol=NSE%3ABIOFILCHEM&interval=W,https://www.tradingview.com/chart/?symbol=NSE%3ABIOFILCHEM&interval=75,pending,data/research_datasets/20260824,2026-08-24 10:05:13 UTC
BCPL,BCPL.NS,BCPL Railway Infrastructure Limited,2026-08-21,103,DISQUALIFIED,True,False,50.0,True,Failed all mechanical trend & momentum filters.,False,False,False,False,False,False,70.42,48.5,71.75,73.2,,,1.12,0.064,,0.66,0.31,0.44,False,False,True,False,LPS,2026-08-19,True,False,False,False,6,"Bar vol_ratio=0.36x, spread_ratio=0.49x, close_pos=0.11. Candidate LPS: higher low=69.36 vs prior Spring low=67.20 (+3.2%), holding above range support=67.20, low volume 0.36x avg (threshold < 0.75x), spread 0.49x ATR, close pos=0.11",114.52,62.6,15,False,[DISQUALIFIED] Score: 50.0/100.0 | DISQUALIFIED: Failed all mechanical trend & momentum filters.,https://www.tradingview.com/chart/?symbol=NSE%3ABCPL&interval=D,https://www.tradingview.com/chart/?symbol=NSE%3ABCPL&interval=W,https://www.tradingview.com/chart/?symbol=NSE%3ABCPL&interval=75,pending,data/research_datasets/20260824,2026-08-24 10:05:13 UTC
BALUFORGE,BALUFORGE.NS,Balu Forge Industries Limited,2026-08-21,578,DISQUALIFIED,True,False,50.0,True,Failed all mechanical trend & momentum filters.,False,False,False,False,False,True,555.4,75.2,461.36,473.16,,,1.45,0.342,,1.41,0.94,0.61,False,False,False,False,SOS,2026-08-18,False,True,False,False,75,"Bar vol_ratio=2.90x, spread_ratio=2.12x, close_pos=0.83. Candidate SOS: close=542.55 broke above range resistance=531.40 (+2.10%), strong close position=0.83 (threshold > 0.7), volume 2.90x avg (threshold >= 1.5x), spread 2.12x ATR",701.3,26.3,37,False,[DISQUALIFIED] Score: 50.0/100.0 | DISQUALIFIED: Failed all mechanical trend & momentum filters.,https://www.tradingview.com/chart/?symbol=NSE%3ABALUFORGE&interval=D,https://www.tradingview.com/chart/?symbol=NSE%3ABALUFORGE&interval=W,https://www.tradingview.com/chart/?symbol=NSE%3ABALUFORGE&interval=75,pending,data/research_datasets/20260824,2026-08-24 10:05:13 UTC
BAJAJELEC,BAJAJELEC.NS,Bajaj Electricals Limited,2026-08-21,901,DISQUALIFIED,True,False,50.0,True,Failed all mechanical trend & momentum filters.,False,False,False,False,False,True,351.65,52.8,335.25,347.26,,,1.58,0.171,,0.11,0.36,0.29,False,False,True,False,LPS,2026-08-12,True,False,False,False,159,"Bar vol_ratio=0.37x, spread_ratio=0.83x, close_pos=0.55. Candidate LPS: higher low=358.00 vs prior ST low=355.80 (+0.6%), holding above range support=298.31, low volume 0.37x avg (threshold < 0.75x), spread 0.83x ATR, close pos=0.55",573.95,63.2,7,False,[DISQUALIFIED] Score: 50.0/100.0 | DISQUALIFIED: Failed all mechanical trend & momentum filters.,https://www.tradingview.com/chart/?symbol=NSE%3ABAJAJELEC&interval=D,https://www.tradingview.com/chart/?symbol=NSE%3ABAJAJELEC&interval=W,https://www.tradingview.com/chart/?symbol=NSE%3ABAJAJELEC&interval=75,pending,data/research_datasets/20260824,2026-08-24 10:05:13 UTC
AURUS,AURUS.NS,AURUS GEM CORPORATION LIMITED,2026-08-21,900,DISQUALIFIED,True,False,50.0,True,Failed all mechanical trend & momentum filters.,False,False,False,False,True,False,4.68,49.3,4.71,4.93,,,1.19,0.073,,0.58,0.8,0.9,False,False,False,False,LPS,2026-08-17,True,False,False,False,187,"Bar vol_ratio=0.44x, spread_ratio=1.19x, close_pos=0.31. Candidate LPS: higher low=4.62 vs prior ST low=4.55 (+1.5%), holding above range support=4.26, low volume 0.44x avg (threshold < 0.75x), spread 1.19x ATR, close pos=0.31",13.71,192.9,12,False,[DISQUALIFIED] Score: 50.0/100.0 | DISQUALIFIED: Failed all mechanical trend & momentum filters.,https://www.tradingview.com/chart/?symbol=NSE%3AAURUS&interval=D,https://www.tradingview.com/chart/?symbol=NSE%3AAURUS&interval=W,https://www.tradingview.com/chart/?symbol=NSE%3AAURUS&interval=75,pending,data/research_datasets/20260824,2026-08-24 10:05:13 UTC
APCL,APCL.NS,Anjani Portland Cement Limited,2026-08-21,899,DISQUALIFIED,True,False,50.0,True,Failed all mechanical trend & momentum filters.,False,False,False,False,False,False,102.85,46.7,105.51,110.61,,,1.04,0.067,,0.98,1.12,0.17,False,False,False,False,LPS,2026-08-18,True,False,False,False,147,"Bar vol_ratio=0.51x, spread_ratio=1.12x, close_pos=0.65. Candidate LPS: higher low=103.10 vs prior Spring low=98.02 (+5.2%), holding above range support=98.02, low volume 0.51x avg (threshold < 0.75x), spread 1.12x ATR, close pos=0.65",223.68,117.5,19,False,[DISQUALIFIED] Score: 50.0/100.0 | DISQUALIFIED: Failed all mechanical trend & momentum filters.,https://www.tradingview.com/chart/?symbol=NSE%3AAPCL&interval=D,https://www.tradingview.com/chart/?symbol=NSE%3AAPCL&interval=W,https://www.tradingview.com/chart/?symbol=NSE%3AAPCL&interval=75,pending,data/research_datasets/20260824,2026-08-24 10:05:13 UTC
AFCONS,AFCONS.NS,Afcons Infrastructure Limited,2026-08-21,449,DISQUALIFIED,True,False,50.0,True,Failed all mechanical trend & momentum filters.,False,False,False,False,True,True,278.9,48.2,292.78,306.78,,,1.11,0.089,,0.27,0.47,0.34,False,False,True,False,LPS,2026-08-19,True,False,False,False,73,"Bar vol_ratio=0.34x, spread_ratio=0.59x, close_pos=0.09. Candidate LPS: higher low=277.50 vs prior Spring low=268.75 (+3.3%), holding above range support=259.10, low volume 0.34x avg (threshold < 0.75x), spread 0.59x ATR, close pos=0.09",554.06,98.7,15,False,[DISQUALIFIED] Score: 50.0/100.0 | DISQUALIFIED: Failed all mechanical trend & momentum filters.,https://www.tradingview.com/chart/?symbol=NSE%3AAFCONS&interval=D,https://www.tradingview.com/chart/?symbol=NSE%3AAFCONS&interval=W,https://www.tradingview.com/chart/?symbol=NSE%3AAFCONS&interval=75,pending,data/research_datasets/20260824,2026-08-24 10:05:13 UTC
AEPL,AEPL.NS,Artemis Electricals and Projects Limited,2026-08-21,112,DISQUALIFIED,True,False,50.0,True,Failed all mechanical trend & momentum filters.,False,False,False,False,True,False,14.64,42.5,15.79,16.56,,,1.27,0.193,,0.25,0.99,0.39,False,False,False,False,LPS,2026-08-13,True,False,False,False,13,"Bar vol_ratio=0.24x, spread_ratio=0.60x, close_pos=0.52. Candidate LPS: higher low=15.35 vs prior ST low=14.80 (+3.7%), holding above range support=13.30, low volume 0.24x avg (threshold < 0.75x), spread 0.60x ATR, close pos=0.52",26.17,78.8,14,False,[DISQUALIFIED] Score: 50.0/100.0 | DISQUALIFIED: Failed all mechanical trend & momentum filters.,https://www.tradingview.com/chart/?symbol=NSE%3AAEPL&interval=D,https://www.tradingview.com/chart/?symbol=NSE%3AAEPL&interval=W,https://www.tradingview.com/chart/?symbol=NSE%3AAEPL&interval=75,pending,data/research_datasets/20260824,2026-08-24 10:05:13 UTC
TARACHAND,TARACHAND.NS,Tara Chand InfraLogistic Solutions Limited,2026-08-21,900,DISQUALIFIED,True,False,46.0,True,Failed all mechanical trend & momentum filters.,False,False,False,False,False,False,47.97,33.4,54.34,57.11,,,1.24,0.32,,0.13,0.49,0.65,False,True,False,False,LPS,2026-08-19,True,False,False,False,120,"Bar vol_ratio=0.25x, spread_ratio=0.36x, close_pos=0.83. Candidate LPS: higher low=47.22 vs prior Spring low=47.00 (+0.5%), holding above range support=46.01, low volume 0.25x avg (threshold < 0.75x), spread 0.36x ATR, close pos=0.83",56.31,17.4,9,False,[DISQUALIFIED] Score: 46.0/100.0 | DISQUALIFIED: Failed all mechanical trend & momentum filters.,https://www.tradingview.com/chart/?symbol=NSE%3ATARACHAND&interval=D,https://www.tradingview.com/chart/?symbol=NSE%3ATARACHAND&interval=W,https://www.tradingview.com/chart/?symbol=NSE%3ATARACHAND&interval=75,pending,data/research_datasets/20260824,2026-08-24 10:05:13 UTC
OMPOWER,OMPOWER.NS,Om Power Transmission Limited,2026-08-21,91,DISQUALIFIED,True,False,46.0,True,Failed all mechanical trend & momentum filters.,False,False,False,False,True,True,163.09,41.7,172.67,,,,1.1,0.087,,0.65,0.59,0.47,False,True,False,False,LPS,2026-08-21,True,False,False,False,24,"Bar vol_ratio=0.65x, spread_ratio=0.59x, close_pos=0.47. Candidate LPS: higher low=161.40 vs prior ST low=160.05 (+0.8%), holding above range support=158.01, low volume 0.65x avg (threshold < 0.75x), spread 0.59x ATR, close pos=0.47",193.09,18.4,5,False,[DISQUALIFIED] Score: 46.0/100.0 | DISQUALIFIED: Failed all mechanical trend & momentum filters.,https://www.tradingview.com/chart/?symbol=NSE%3AOMPOWER&interval=D,https://www.tradingview.com/chart/?symbol=NSE%3AOMPOWER&interval=W,https://www.tradingview.com/chart/?symbol=NSE%3AOMPOWER&interval=75,pending,data/research_datasets/20260824,2026-08-24 10:05:13 UTC
HUBTOWN,HUBTOWN.NS,Hubtown Limited,2026-08-21,901,DISQUALIFIED,True,False,46.0,True,Failed all mechanical trend & momentum filters.,False,False,False,False,True,True,194.54,53.9,197.23,201.52,,,1.04,0.141,,0.82,0.92,0.15,False,False,False,False,LPS,2026-08-14,True,False,False,False,126,"Bar vol_ratio=0.65x, spread_ratio=0.98x, close_pos=0.22. Candidate LPS: higher low=185.10 vs prior Spring low=178.15 (+3.9%), holding above range support=173.50, low volume 0.65x avg (threshold < 0.75x), spread 0.98x ATR, close pos=0.22",220.37,13.3,45,False,[DISQUALIFIED] Score: 46.0/100.0 | DISQUALIFIED: Failed all mechanical trend & momentum filters.,https://www.tradingview.com/chart/?symbol=NSE%3AHUBTOWN&interval=D,https://www.tradingview.com/chart/?symbol=NSE%3AHUBTOWN&interval=W,https://www.tradingview.com/chart/?symbol=NSE%3AHUBTOWN&interval=75,pending,data/research_datasets/20260824,2026-08-24 10:05:13 UTC
ENIL,ENIL.NS,Entertainment Network (India) Limited,2026-08-21,900,DISQUALIFIED,True,False,46.0,True,Failed all mechanical trend & momentum filters.,False,False,False,False,False,False,102.38,41.0,106.14,109.8,,,1.0,0.127,,2.15,0.91,0.46,True,False,False,False,LPS,2026-08-19,True,False,False,False,152,"Bar vol_ratio=0.54x, spread_ratio=0.66x, close_pos=0.30. Candidate LPS: higher low=100.86 vs prior Spring low=100.50 (+0.4%), holding above range support=100.50, low volume 0.54x avg (threshold < 0.75x), spread 0.66x ATR, close pos=0.30",116.49,13.8,5,False,[DISQUALIFIED] Score: 46.0/100.0 | DISQUALIFIED: Failed all mechanical trend & momentum filters.,https://www.tradingview.com/chart/?symbol=NSE%3AENIL&interval=D,https://www.tradingview.com/chart/?symbol=NSE%3AENIL&interval=W,https://www.tradingview.com/chart/?symbol=NSE%3AENIL&interval=75,pending,data/research_datasets/20260824,2026-08-24 10:05:13 UTC
TATACHEM,TATACHEM.NS,Tata Chemicals Limited,2026-08-21,901,DISQUALIFIED,True,False,45.0,True,Failed all mechanical trend & momentum filters.,False,False,False,False,False,True,626.75,24.6,693.44,710.2,,,1.01,0.097,,0.75,0.84,0.21,False,False,False,False,Spring,2026-08-20,False,False,True,False,110,"Bar vol_ratio=0.60x, spread_ratio=1.12x, close_pos=0.24. Candidate Spring: low=630.35 undercut prior support=633.35 by 0.47%, closed back above support at 634.50 (close pos=0.24, volume 0.60x avg, spread 1.12x ATR)",822.05,31.2,5,False,[DISQUALIFIED] Score: 45.0/100.0 | DISQUALIFIED: Failed all mechanical trend & momentum filters.,https://www.tradingview.com/chart/?symbol=NSE%3ATATACHEM&interval=D,https://www.tradingview.com/chart/?symbol=NSE%3ATATACHEM&interval=W,https://www.tradingview.com/chart/?symbol=NSE%3ATATACHEM&interval=75,pending,data/research_datasets/20260824,2026-08-24 10:05:13 UTC
SUPREME,SUPREME.NS,Supreme Holdings & Hospitality (India) Limited,2026-08-21,384,DISQUALIFIED,True,False,45.0,True,Failed all mechanical trend & momentum filters.,False,False,False,False,False,False,40.79,37.4,45.43,48.03,,,1.03,0.212,,1.05,0.92,0.68,False,False,False,False,Spring,2026-08-20,False,False,True,False,79,"Bar vol_ratio=1.34x, spread_ratio=2.06x, close_pos=0.15. Candidate Spring: low=38.55 undercut prior support=39.01 by 1.18%, closed back above support at 39.28 (close pos=0.15, volume 1.34x avg, spread 2.06x ATR)",82.71,102.8,12,False,[DISQUALIFIED] Score: 45.0/100.0 | DISQUALIFIED: Failed all mechanical trend & momentum filters.,https://www.tradingview.com/chart/?symbol=NSE%3ASUPREME&interval=D,https://www.tradingview.com/chart/?symbol=NSE%3ASUPREME&interval=W,https://www.tradingview.com/chart/?symbol=NSE%3ASUPREME&interval=75,pending,data/research_datasets/20260824,2026-08-24 10:05:13 UTC
SUNTV,SUNTV.NS,Sun TV Network Limited,2026-08-21,901,DISQUALIFIED,True,False,45.0,True,Failed all mechanical trend & momentum filters.,False,False,False,False,False,True,472.05,36.1,495.72,525.48,,,1.0,0.084,,0.61,0.68,0.17,False,False,False,False,Spring,2026-08-21,False,False,True,False,161,"Bar vol_ratio=0.61x, spread_ratio=0.68x, close_pos=0.17. Candidate Spring: low=470.70 undercut prior support=470.98 by 0.06%, closed back above support at 472.05 (close pos=0.17, volume 0.61x avg, spread 0.68x ATR)",722.8,53.1,16,False,[DISQUALIFIED] Score: 45.0/100.0 | DISQUALIFIED: Failed all mechanical trend & momentum filters.,https://www.tradingview.com/chart/?symbol=NSE%3ASUNTV&interval=D,https://www.tradingview.com/chart/?symbol=NSE%3ASUNTV&interval=W,https://www.tradingview.com/chart/?symbol=NSE%3ASUNTV&interval=75,pending,data/research_datasets/20260824,2026-08-24 10:05:13 UTC
MIDWESTLTD,MIDWESTLTD.NS,Midwest Limited,2026-08-21,207,DISQUALIFIED,True,False,45.0,True,Failed all mechanical trend & momentum filters.,False,False,False,False,True,True,1141.0,37.9,1246.21,1264.82,,,1.0,0.128,,0.88,0.69,0.38,False,False,False,False,Spring,2026-08-18,False,False,True,False,16,"Bar vol_ratio=4.18x, spread_ratio=2.39x, close_pos=0.84. Candidate Spring: low=1075.30 undercut prior support=1094.30 by 1.74%, closed back above support at 1159.40 (close pos=0.84, volume 4.18x avg, spread 2.39x ATR)",2404.8,110.8,36,False,[DISQUALIFIED] Score: 45.0/100.0 | DISQUALIFIED: Failed all mechanical trend & momentum filters.,https://www.tradingview.com/chart/?symbol=NSE%3AMIDWESTLTD&interval=D,https://www.tradingview.com/chart/?symbol=NSE%3AMIDWESTLTD&interval=W,https://www.tradingview.com/chart/?symbol=NSE%3AMIDWESTLTD&interval=75,pending,data/research_datasets/20260824,2026-08-24 10:05:13 UTC
KOKUYOCMLN,KOKUYOCMLN.NS,Kokuyo Camlin Limited,2026-08-21,900,DISQUALIFIED,True,False,45.0,True,Failed all mechanical trend & momentum filters.,False,False,False,False,False,False,80.08,39.4,85.68,86.49,,,1.13,0.125,,0.54,0.64,0.55,False,False,False,False,Spring,2026-08-21,False,False,True,False,166,"Bar vol_ratio=0.54x, spread_ratio=0.64x, close_pos=0.55. Candidate Spring: low=79.00 undercut prior support=79.40 by 0.50%, closed back above support at 80.08 (close pos=0.55, volume 0.54x avg, spread 0.64x ATR)",159.77,99.5,25,False,[DISQUALIFIED] Score: 45.0/100.0 | DISQUALIFIED: Failed all mechanical trend & momentum filters.,https://www.tradingview.com/chart/?symbol=NSE%3AKOKUYOCMLN&interval=D,https://www.tradingview.com/chart/?symbol=NSE%3AKOKUYOCMLN&interval=W,https://www.tradingview.com/chart/?symbol=NSE%3AKOKUYOCMLN&interval=75,pending,data/research_datasets/20260824,2026-08-24 10:05:13 UTC
KITEX,KITEX.NS,Kitex Garments Limited,2026-08-21,901,DISQUALIFIED,True,False,45.0,True,Failed all mechanical trend & momentum filters.,False,False,False,False,False,True,124.95,24.3,148.69,155.51,,,1.08,0.236,,0.99,0.57,0.37,False,True,False,False,Spring,2026-08-20,False,False,True,False,97,"Bar vol_ratio=1.27x, spread_ratio=0.96x, close_pos=0.36. Candidate Spring: low=123.15 undercut prior support=123.80 by 0.53%, closed back above support at 124.73 (close pos=0.36, volume 1.27x avg, spread 0.96x ATR)",314.68,151.8,51,False,[DISQUALIFIED] Score: 45.0/100.0 | DISQUALIFIED: Failed all mechanical trend & momentum filters.,https://www.tradingview.com/chart/?symbol=NSE%3AKITEX&interval=D,https://www.tradingview.com/chart/?symbol=NSE%3AKITEX&interval=W,https://www.tradingview.com/chart/?symbol=NSE%3AKITEX&interval=75,pending,data/research_datasets/20260824,2026-08-24 10:05:13 UTC
JAYKAY,JAYKAY.NS,Jaykay Enterprises Limited,2026-08-21,181,DISQUALIFIED,True,False,45.0,True,Failed all mechanical trend & momentum filters.,False,False,False,False,False,True,154.96,47.1,167.09,168.62,,,1.05,0.166,,3.65,1.89,0.69,False,False,False,False,Spring,2026-08-19,False,False,True,False,37,"Bar vol_ratio=1.70x, spread_ratio=1.41x, close_pos=0.43. Candidate Spring: low=143.10 undercut prior support=146.52 by 2.33%, closed back above support at 147.61 (close pos=0.43, volume 1.70x avg, spread 1.41x ATR)",282.68,82.4,17,False,[DISQUALIFIED] Score: 45.0/100.0 | DISQUALIFIED: Failed all mechanical trend & momentum filters.,https://www.tradingview.com/chart/?symbol=NSE%3AJAYKAY&interval=D,https://www.tradingview.com/chart/?symbol=NSE%3AJAYKAY&interval=W,https://www.tradingview.com/chart/?symbol=NSE%3AJAYKAY&interval=75,pending,data/research_datasets/20260824,2026-08-24 10:05:13 UTC
INA,INA.NS,Insolation Energy Limited,2026-08-21,116,DISQUALIFIED,True,False,45.0,True,Failed all mechanical trend & momentum filters.,False,False,False,False,False,True,93.79,28.5,111.98,120.65,,,1.01,0.292,,0.56,0.4,0.34,False,True,False,False,Spring,2026-08-12,False,False,True,False,16,"Bar vol_ratio=1.38x, spread_ratio=1.36x, close_pos=0.68. Candidate Spring: low=102.00 undercut prior support=102.92 by 0.89%, closed back above support at 105.99 (close pos=0.68, volume 1.38x avg, spread 1.36x ATR)",168.52,79.7,16,False,[DISQUALIFIED] Score: 45.0/100.0 | DISQUALIFIED: Failed all mechanical trend & momentum filters.,https://www.tradingview.com/chart/?symbol=NSE%3AINA&interval=D,https://www.tradingview.com/chart/?symbol=NSE%3AINA&interval=W,https://www.tradingview.com/chart/?symbol=NSE%3AINA&interval=75,pending,data/research_datasets/20260824,2026-08-24 10:05:13 UTC
HERANBA,HERANBA.NS,Heranba Industries Limited,2026-08-21,901,DISQUALIFIED,True,False,45.0,True,Failed all mechanical trend & momentum filters.,False,False,False,False,False,False,164.88,37.2,179.38,189.54,,,1.05,0.156,,1.62,0.89,0.69,True,False,False,False,Spring,2026-08-20,False,False,True,False,106,"Bar vol_ratio=2.33x, spread_ratio=1.06x, close_pos=0.32. Candidate Spring: low=158.23 undercut prior support=158.99 by 0.48%, closed back above support at 160.39 (close pos=0.32, volume 2.33x avg, spread 1.06x ATR)",293.88,78.2,7,False,[DISQUALIFIED] Score: 45.0/100.0 | DISQUALIFIED: Failed all mechanical trend & momentum filters.,https://www.tradingview.com/chart/?symbol=NSE%3AHERANBA&interval=D,https://www.tradingview.com/chart/?symbol=NSE%3AHERANBA&interval=W,https://www.tradingview.com/chart/?symbol=NSE%3AHERANBA&interval=75,pending,data/research_datasets/20260824,2026-08-24 10:05:13 UTC
DREAMFOLKS,DREAMFOLKS.NS,Dreamfolks Services Limited,2026-08-21,900,DISQUALIFIED,True,False,45.0,True,Failed all mechanical trend & momentum filters.,False,False,False,False,False,False,68.92,52.3,68.77,73.01,,,1.21,0.091,,1.23,0.96,0.53,False,False,False,False,Spring,2026-08-19,False,False,True,False,127,"Bar vol_ratio=1.35x, spread_ratio=1.20x, close_pos=0.24. Candidate Spring: low=64.57 undercut prior support=65.20 by 0.97%, closed back above support at 65.35 (close pos=0.24, volume 1.35x avg, spread 1.20x ATR)",116.82,69.5,3,False,[DISQUALIFIED] Score: 45.0/100.0 | DISQUALIFIED: Failed all mechanical trend & momentum filters.,https://www.tradingview.com/chart/?symbol=NSE%3ADREAMFOLKS&interval=D,https://www.tradingview.com/chart/?symbol=NSE%3ADREAMFOLKS&interval=W,https://www.tradingview.com/chart/?symbol=NSE%3ADREAMFOLKS&interval=75,pending,data/research_datasets/20260824,2026-08-24 10:05:13 UTC
ASTRAZEN,ASTRAZEN.NS,AstraZeneca Pharma India Limited,2026-08-21,900,DISQUALIFIED,True,False,45.0,True,Failed all mechanical trend & momentum filters.,False,False,False,False,False,True,7415.5,28.1,8097.39,8242.99,,,1.03,0.131,,1.06,1.06,0.21,False,False,False,False,Spring,2026-08-18,False,False,True,False,113,"Bar vol_ratio=0.50x, spread_ratio=0.85x, close_pos=0.30. Candidate Spring: low=7595.00 undercut prior support=7602.00 by 0.09%, closed back above support at 7645.00 (close pos=0.30, volume 0.50x avg, spread 0.85x ATR)",11265.34,51.9,51,False,[DISQUALIFIED] Score: 45.0/100.0 | DISQUALIFIED: Failed all mechanical trend & momentum filters.,https://www.tradingview.com/chart/?symbol=NSE%3AASTRAZEN&interval=D,https://www.tradingview.com/chart/?symbol=NSE%3AASTRAZEN&interval=W,https://www.tradingview.com/chart/?symbol=NSE%3AASTRAZEN&interval=75,pending,data/research_datasets/20260824,2026-08-24 10:05:13 UTC
AGROPHOS,AGROPHOS.NS,Agro Phos India Limited,2026-08-21,900,DISQUALIFIED,True,False,45.0,True,Failed all mechanical trend & momentum filters.,False,False,False,False,False,False,25.74,27.8,29.34,30.46,,,1.08,0.171,,1.52,1.1,0.44,False,False,False,False,Spring,2026-08-21,False,False,True,False,117,"Bar vol_ratio=1.52x, spread_ratio=1.10x, close_pos=0.44. Candidate Spring: low=25.11 undercut prior support=25.20 by 0.36%, closed back above support at 25.74 (close pos=0.44, volume 1.52x avg, spread 1.10x ATR)",49.4,91.9,28,False,[DISQUALIFIED] Score: 45.0/100.0 | DISQUALIFIED: Failed all mechanical trend & momentum filters.,https://www.tradingview.com/chart/?symbol=NSE%3AAGROPHOS&interval=D,https://www.tradingview.com/chart/?symbol=NSE%3AAGROPHOS&interval=W,https://www.tradingview.com/chart/?symbol=NSE%3AAGROPHOS&interval=75,pending,data/research_datasets/20260824,2026-08-24 10:05:13 UTC
ADVANIHOTR,ADVANIHOTR.NS,Advani Hotels & Resorts (India) Limited,2026-08-21,900,DISQUALIFIED,True,False,45.0,True,Failed all mechanical trend & momentum filters.,False,False,False,False,False,False,49.61,40.6,51.95,52.33,,,1.14,0.071,,0.72,1.21,0.33,False,False,False,False,Spring,2026-08-21,False,False,True,False,121,"Bar vol_ratio=0.72x, spread_ratio=1.21x, close_pos=0.33. Candidate Spring: low=49.00 undercut prior support=49.10 by 0.20%, closed back above support at 49.61 (close pos=0.33, volume 0.72x avg, spread 1.21x ATR)",81.02,63.3,41,False,[DISQUALIFIED] Score: 45.0/100.0 | DISQUALIFIED: Failed all mechanical trend & momentum filters.,https://www.tradingview.com/chart/?symbol=NSE%3AADVANIHOTR&interval=D,https://www.tradingview.com/chart/?symbol=NSE%3AADVANIHOTR&interval=W,https://www.tradingview.com/chart/?symbol=NSE%3AADVANIHOTR&interval=75,pending,data/research_datasets/20260824,2026-08-24 10:05:13 UTC
ABFRL,ABFRL.NS,Aditya Birla Fashion and Retail Limited,2026-08-21,901,DISQUALIFIED,True,False,45.0,True,Failed all mechanical trend & momentum filters.,False,False,False,False,False,True,54.35,34.7,59.05,60.95,,,1.01,0.204,,0.39,0.41,0.12,False,False,True,False,Spring,2026-08-18,False,False,True,False,156,"Bar vol_ratio=0.36x, spread_ratio=0.49x, close_pos=0.14. Candidate Spring: low=54.82 undercut prior support=54.90 by 0.15%, closed back above support at 54.97 (close pos=0.14, volume 0.36x avg, spread 0.49x ATR)",88.93,63.6,5,False,[DISQUALIFIED] Score: 45.0/100.0 | DISQUALIFIED: Failed all mechanical trend & momentum filters.,https://www.tradingview.com/chart/?symbol=NSE%3AABFRL&interval=D,https://www.tradingview.com/chart/?symbol=NSE%3AABFRL&interval=W,https://www.tradingview.com/chart/?symbol=NSE%3AABFRL&interval=75,pending,data/research_datasets/20260824,2026-08-24 10:05:13 UTC
TOUCHWOOD,TOUCHWOOD.NS,Touchwood Entertainment Limited,2026-08-21,900,DISQUALIFIED,True,False,43.0,True,Failed all mechanical trend & momentum filters.,False,False,False,False,False,False,62.92,39.0,67.99,70.23,,,1.12,0.127,,0.14,0.42,0.94,False,True,False,False,LPS,2026-08-20,True,False,False,False,161,"Bar vol_ratio=0.18x, spread_ratio=0.54x, close_pos=0.06. Candidate LPS: higher low=61.70 vs prior ST low=61.50 (+0.3%), holding above range support=60.01, low volume 0.18x avg (threshold < 0.75x), spread 0.54x ATR, close pos=0.06",67.8,7.8,2,False,[DISQUALIFIED] Score: 43.0/100.0 | DISQUALIFIED: Failed all mechanical trend & momentum filters.,https://www.tradingview.com/chart/?symbol=NSE%3ATOUCHWOOD&interval=D,https://www.tradingview.com/chart/?symbol=NSE%3ATOUCHWOOD&interval=W,https://www.tradingview.com/chart/?symbol=NSE%3ATOUCHWOOD&interval=75,pending,data/research_datasets/20260824,2026-08-24 10:05:13 UTC
STUDDS,STUDDS.NS,Studds Accessories Limited,2026-08-21,199,DISQUALIFIED,True,False,43.0,True,Failed all mechanical trend & momentum filters.,False,False,False,False,False,True,450.15,53.5,456.83,462.08,,,1.15,0.081,,0.47,0.67,0.66,False,False,False,False,LPS,2026-08-19,True,False,False,False,37,"Bar vol_ratio=0.56x, spread_ratio=0.34x, close_pos=0.86. Candidate LPS: higher low=443.85 vs prior Spring low=435.00 (+2.0%), holding above range support=412.30, low volume 0.56x avg (threshold < 0.75x), spread 0.34x ATR, close pos=0.86",455.25,1.1,2,False,[DISQUALIFIED] Score: 43.0/100.0 | DISQUALIFIED: Failed all mechanical trend & momentum filters.,https://www.tradingview.com/chart/?symbol=NSE%3ASTUDDS&interval=D,https://www.tradingview.com/chart/?symbol=NSE%3ASTUDDS&interval=W,https://www.tradingview.com/chart/?symbol=NSE%3ASTUDDS&interval=75,pending,data/research_datasets/20260824,2026-08-24 10:05:13 UTC
PIIND,PIIND.NS,PI Industries Limited,2026-08-21,901,DISQUALIFIED,True,False,43.0,True,Failed all mechanical trend & momentum filters.,False,False,False,False,False,True,2496.8,35.4,2663.26,2797.65,,,1.04,0.199,,0.38,0.47,0.5,False,True,False,False,LPS,2026-08-17,True,False,False,False,130,"Bar vol_ratio=0.43x, spread_ratio=0.44x, close_pos=0.37. Candidate LPS: higher low=2461.10 vs prior ST low=2461.00 (+0.0%), holding above range support=2457.00, low volume 0.43x avg (threshold < 0.75x), spread 0.44x ATR, close pos=0.37",2592.0,3.8,2,False,[DISQUALIFIED] Score: 43.0/100.0 | DISQUALIFIED: Failed all mechanical trend & momentum filters.,https://www.tradingview.com/chart/?symbol=NSE%3APIIND&interval=D,https://www.tradingview.com/chart/?symbol=NSE%3APIIND&interval=W,https://www.tradingview.com/chart/?symbol=NSE%3APIIND&interval=75,pending,data/research_datasets/20260824,2026-08-24 10:05:13 UTC
JSWHL,JSWHL.NS,JSW Holdings Limited,2026-08-21,901,DISQUALIFIED,True,False,43.0,True,Failed all mechanical trend & momentum filters.,False,False,False,False,True,True,11289.0,43.0,11725.12,12199.72,,,1.06,0.137,,0.77,0.87,0.26,False,False,False,False,LPS,2026-08-10,True,False,False,False,120,"Bar vol_ratio=0.70x, spread_ratio=1.12x, close_pos=0.24. Candidate LPS: higher low=11761.00 vs prior Spring low=11067.00 (+6.3%), holding above range support=10530.00, low volume 0.70x avg (threshold < 0.75x), spread 1.12x ATR, close pos=0.24",12292.0,8.9,9,False,[DISQUALIFIED] Score: 43.0/100.0 | DISQUALIFIED: Failed all mechanical trend & momentum filters.,https://www.tradingview.com/chart/?symbol=NSE%3AJSWHL&interval=D,https://www.tradingview.com/chart/?symbol=NSE%3AJSWHL&interval=W,https://www.tradingview.com/chart/?symbol=NSE%3AJSWHL&interval=75,pending,data/research_datasets/20260824,2026-08-24 10:05:13 UTC
WSI,WSI.NS,W S Industries (I) Limited,2026-08-21,899,DISQUALIFIED,True,False,40.0,True,Failed all mechanical trend & momentum filters.,False,False,False,False,True,False,61.02,49.8,63.2,67.21,,,1.07,0.084,,0.72,0.81,0.61,False,False,False,False,LPS,2026-08-21,True,False,False,False,91,"Bar vol_ratio=0.72x, spread_ratio=0.81x, close_pos=0.61. Candidate LPS: higher low=59.61 vs prior Spring low=59.28 (+0.6%), holding above range support=53.80, low volume 0.72x avg (threshold < 0.75x), spread 0.81x ATR, close pos=0.61",128.94,111.3,27,True,[DISQUALIFIED] Score: 40.0/100.0 | DISQUALIFIED: Failed all mechanical trend & momentum filters.,https://www.tradingview.com/chart/?symbol=NSE%3AWSI&interval=D,https://www.tradingview.com/chart/?symbol=NSE%3AWSI&interval=W,https://www.tradingview.com/chart/?symbol=NSE%3AWSI&interval=75,pending,data/research_datasets/20260824,2026-08-24 10:05:13 UTC
WHIRLPOOL,WHIRLPOOL.NS,Whirlpool of India Limited,2026-08-21,901,DISQUALIFIED,True,False,40.0,True,Failed all mechanical trend & momentum filters.,False,False,False,False,False,True,768.5,42.6,792.37,832.87,,,1.16,0.1,,0.61,0.96,0.19,False,False,False,False,LPS,2026-08-21,True,False,False,False,121,"Bar vol_ratio=0.61x, spread_ratio=0.96x, close_pos=0.19. Candidate LPS: higher low=764.05 vs prior Spring low=751.00 (+1.7%), holding above range support=751.00, low volume 0.61x avg (threshold < 0.75x), spread 0.96x ATR, close pos=0.19",2107.11,174.2,28,True,[DISQUALIFIED] Score: 40.0/100.0 | DISQUALIFIED: Failed all mechanical trend & momentum filters.,https://www.tradingview.com/chart/?symbol=NSE%3AWHIRLPOOL&interval=D,https://www.tradingview.com/chart/?symbol=NSE%3AWHIRLPOOL&interval=W,https://www.tradingview.com/chart/?symbol=NSE%3AWHIRLPOOL&interval=75,pending,data/research_datasets/20260824,2026-08-24 10:05:13 UTC
VSTL,VSTL.NS,Vibhor Steel Tubes Limited,2026-08-21,621,DISQUALIFIED,True,False,40.0,True,Failed all mechanical trend & momentum filters.,False,False,False,False,False,False,110.54,53.9,112.36,116.88,,,1.06,0.073,,1.52,1.85,0.49,False,False,False,False,LPS,2026-08-18,True,False,False,False,108,"Bar vol_ratio=0.45x, spread_ratio=0.85x, close_pos=0.46. Candidate LPS: higher low=105.11 vs prior Spring low=104.99 (+0.1%), holding above range support=101.00, low volume 0.45x avg (threshold < 0.75x), spread 0.85x ATR, close pos=0.46",154.22,39.5,3,True,[DISQUALIFIED] Score: 40.0/100.0 | DISQUALIFIED: Failed all mechanical trend & momentum filters.,https://www.tradingview.com/chart/?symbol=NSE%3AVSTL&interval=D,https://www.tradingview.com/chart/?symbol=NSE%3AVSTL&interval=W,https://www.tradingview.com/chart/?symbol=NSE%3AVSTL&interval=75,pending,data/research_datasets/20260824,2026-08-24 10:05:13 UTC
UNITEDPOLY,UNITEDPOLY.NS,United Polyfab Gujarat Limited,2026-08-24,900,DISQUALIFIED,True,False,40.0,True,Failed all mechanical trend & momentum filters.,False,False,False,False,False,False,38.39,82.5,31.61,31.65,,,1.07,0.348,,2.48,1.06,0.43,False,False,False,False,SOS,2026-08-19,False,True,False,False,113,"Bar vol_ratio=2.28x, spread_ratio=1.24x, close_pos=0.79. Candidate SOS: close=35.23 broke above range resistance=35.00 (+0.66%), strong close position=0.79 (threshold > 0.7), volume 2.28x avg (threshold >= 1.5x), spread 1.24x ATR",53.34,38.9,27,True,[DISQUALIFIED] Score: 40.0/100.0 | DISQUALIFIED: Failed all mechanical trend & momentum filters.,https://www.tradingview.com/chart/?symbol=NSE%3AUNITEDPOLY&interval=D,https://www.tradingview.com/chart/?symbol=NSE%3AUNITEDPOLY&interval=W,https://www.tradingview.com/chart/?symbol=NSE%3AUNITEDPOLY&interval=75,pending,data/research_datasets/20260824,2026-08-24 10:05:13 UTC
SEPC,SEPC.NS,SEPC Limited,2026-08-21,901,DISQUALIFIED,True,False,40.0,True,Failed all mechanical trend & momentum filters.,False,False,False,False,False,True,5.79,42.2,6.35,6.87,,,1.12,0.135,,1.69,1.39,0.12,False,False,False,False,LPS,2026-08-13,True,False,False,False,114,"Bar vol_ratio=0.74x, spread_ratio=1.14x, close_pos=0.13. Candidate LPS: higher low=5.83 vs prior Spring low=5.10 (+14.3%), holding above range support=5.10, low volume 0.74x avg (threshold < 0.75x), spread 1.14x ATR, close pos=0.13",11.07,91.2,7,True,[DISQUALIFIED] Score: 40.0/100.0 | DISQUALIFIED: Failed all mechanical trend & momentum filters.,https://www.tradingview.com/chart/?symbol=NSE%3ASEPC&interval=D,https://www.tradingview.com/chart/?symbol=NSE%3ASEPC&interval=W,https://www.tradingview.com/chart/?symbol=NSE%3ASEPC&interval=75,pending,data/research_datasets/20260824,2026-08-24 10:05:13 UTC
SALZERELEC,SALZERELEC.NS,Salzer Electronics Limited,2026-08-21,901,DISQUALIFIED,True,False,40.0,True,Failed all mechanical trend & momentum filters.,False,False,False,False,True,True,569.55,41.0,605.07,624.52,,,1.08,0.115,,0.42,0.41,0.44,False,True,False,False,LPS,2026-08-14,True,False,False,False,89,"Bar vol_ratio=0.41x, spread_ratio=0.53x, close_pos=0.24. Candidate LPS: higher low=567.65 vs prior Spring low=549.80 (+3.2%), holding above range support=549.80, low volume 0.41x avg (threshold < 0.75x), spread 0.53x ATR, close pos=0.24",938.5,64.8,39,True,[DISQUALIFIED] Score: 40.0/100.0 | DISQUALIFIED: Failed all mechanical trend & momentum filters.,https://www.tradingview.com/chart/?symbol=NSE%3ASALZERELEC&interval=D,https://www.tradingview.com/chart/?symbol=NSE%3ASALZERELEC&interval=W,https://www.tradingview.com/chart/?symbol=NSE%3ASALZERELEC&interval=75,pending,data/research_datasets/20260824,2026-08-24 10:05:13 UTC
RANASUG,RANASUG.NS,Rana Sugars Limited,2026-08-21,901,DISQUALIFIED,True,False,40.0,True,Failed all mechanical trend & momentum filters.,False,False,False,False,False,False,14.96,74.1,12.56,12.85,,,1.54,0.282,,2.43,1.3,0.71,False,False,False,True,SOS,2026-08-20,False,True,False,False,109,"Bar vol_ratio=6.63x, spread_ratio=2.64x, close_pos=0.82. Candidate SOS: close=15.21 broke above range resistance=14.50 (+4.90%), strong close position=0.82 (threshold > 0.7), volume 6.63x avg (threshold >= 1.5x), spread 2.64x ATR",25.02,67.2,17,True,[DISQUALIFIED] Score: 40.0/100.0 | DISQUALIFIED: Failed all mechanical trend & momentum filters.,https://www.tradingview.com/chart/?symbol=NSE%3ARANASUG&interval=D,https://www.tradingview.com/chart/?symbol=NSE%3ARANASUG&interval=W,https://www.tradingview.com/chart/?symbol=NSE%3ARANASUG&interval=75,pending,data/research_datasets/20260824,2026-08-24 10:05:13 UTC
POWERICA,POWERICA.NS,Powerica Limited,2026-08-21,100,DISQUALIFIED,True,False,40.0,True,"No base accumulation structure detected (no SC, Spring, or LPS in dataset).",False,False,False,True,True,True,518.3,41.7,563.79,525.84,,,0.98,0.121,,0.94,1.01,0.23,False,False,False,False,SOS,2026-06-23,False,True,False,False,5,"Bar vol_ratio=2.55x, spread_ratio=0.45x, close_pos=0.99. Candidate SOS: close=651.20 broke above range resistance=620.35 (+4.97%), strong close position=0.99 (threshold > 0.7), volume 2.55x avg (threshold >= 1.5x), spread 0.45x ATR",683.3,31.8,11,False,"[DISQUALIFIED] Score: 40.0/100.0 | DISQUALIFIED: No base accumulation structure detected (no SC, Spring, or LPS in dataset).",https://www.tradingview.com/chart/?symbol=NSE%3APOWERICA&interval=D,https://www.tradingview.com/chart/?symbol=NSE%3APOWERICA&interval=W,https://www.tradingview.com/chart/?symbol=NSE%3APOWERICA&interval=75,pending,data/research_datasets/20260824,2026-08-24 10:05:13 UTC
ORIENTHOT,ORIENTHOT.NS,Oriental Hotels Limited,2026-08-21,901,DISQUALIFIED,True,True,40.0,True,Most recent event is UTAD (Upthrust After Distribution / potential distribution phase).,True,True,True,True,False,True,138.67,59.1,131.69,115.28,,,0.85,0.17,,0.37,1.28,0.83,False,False,False,False,UTAD,2026-07-20,False,False,False,True,128,"Bar vol_ratio=3.50x, spread_ratio=2.73x, close_pos=0.78. Candidate UTAD: intrabar high=148.09 exceeded range resistance=145.18 (+2.00%), closed back below at 142.99 (close pos=0.78), elevated volume 3.50x avg (threshold >= 1.5x), spread 2.73x ATR",341.2,146.1,67,False,[DISQUALIFIED] Score: 40.0/100.0 | DISQUALIFIED: Most recent event is UTAD (Upthrust After Distribution / potential distribution phase).,https://www.tradingview.com/chart/?symbol=NSE%3AORIENTHOT&interval=D,https://www.tradingview.com/chart/?symbol=NSE%3AORIENTHOT&interval=W,https://www.tradingview.com/chart/?symbol=NSE%3AORIENTHOT&interval=75,pending,data/research_datasets/20260824,2026-08-24 10:05:13 UTC
NEXTMEDIA,NEXTMEDIA.NS,Next Mediaworks Limited,2026-08-21,899,DISQUALIFIED,True,False,40.0,True,Failed all mechanical trend & momentum filters.,False,False,False,False,False,False,3.91,51.3,3.94,4.04,,,1.08,0.094,,0.59,1.3,0.8,False,False,False,False,LPS,2026-08-21,True,False,False,False,152,"Bar vol_ratio=0.59x, spread_ratio=1.30x, close_pos=0.80. Candidate LPS: higher low=3.67 vs prior Spring low=3.61 (+1.7%), holding above range support=3.61, low volume 0.59x avg (threshold < 0.75x), spread 1.30x ATR, close pos=0.80",9.58,145.0,7,True,[DISQUALIFIED] Score: 40.0/100.0 | DISQUALIFIED: Failed all mechanical trend & momentum filters.,https://www.tradingview.com/chart/?symbol=NSE%3ANEXTMEDIA&interval=D,https://www.tradingview.com/chart/?symbol=NSE%3ANEXTMEDIA&interval=W,https://www.tradingview.com/chart/?symbol=NSE%3ANEXTMEDIA&interval=75,pending,data/research_datasets/20260824,2026-08-24 10:05:13 UTC
KOTARISUG,KOTARISUG.NS,Kothari Sugars And Chemicals Limited,2026-08-21,901,DISQUALIFIED,True,False,40.0,True,Failed all mechanical trend & momentum filters.,False,False,False,False,False,False,33.29,88.5,25.9,25.99,,,1.41,0.283,,6.64,3.97,0.71,False,False,False,False,SOS,2026-08-21,False,True,False,False,90,"Bar vol_ratio=6.64x, spread_ratio=3.97x, close_pos=0.71. Candidate SOS: close=33.29 broke above range resistance=31.40 (+6.02%), strong close position=0.71 (threshold > 0.7), volume 6.64x avg (threshold >= 1.5x), spread 3.97x ATR",46.96,41.1,30,True,[DISQUALIFIED] Score: 40.0/100.0 | DISQUALIFIED: Failed all mechanical trend & momentum filters.,https://www.tradingview.com/chart/?symbol=NSE%3AKOTARISUG&interval=D,https://www.tradingview.com/chart/?symbol=NSE%3AKOTARISUG&interval=W,https://www.tradingview.com/chart/?symbol=NSE%3AKOTARISUG&interval=75,pending,data/research_datasets/20260824,2026-08-24 10:05:13 UTC
JSLL,JSLL.NS,Jeena Sikho Lifecare Limited,2026-08-21,900,DISQUALIFIED,True,False,40.0,True,Failed all mechanical trend & momentum filters.,False,False,False,False,False,True,505.35,36.2,566.38,611.63,,,1.03,0.244,,0.43,0.42,0.13,False,False,True,False,LPS,2026-08-18,True,False,False,False,122,"Bar vol_ratio=0.61x, spread_ratio=0.52x, close_pos=0.20. Candidate LPS: higher low=505.50 vs prior Spring low=503.90 (+0.3%), holding above range support=503.90, low volume 0.61x avg (threshold < 0.75x), spread 0.52x ATR, close pos=0.20",776.6,53.7,42,True,[DISQUALIFIED] Score: 40.0/100.0 | DISQUALIFIED: Failed all mechanical trend & momentum filters.,https://www.tradingview.com/chart/?symbol=NSE%3AJSLL&interval=D,https://www.tradingview.com/chart/?symbol=NSE%3AJSLL&interval=W,https://www.tradingview.com/chart/?symbol=NSE%3AJSLL&interval=75,pending,data/research_datasets/20260824,2026-08-24 10:05:13 UTC
ISHANCH,ISHANCH.NS,Ishan Dyes and Chemicals Limited,2026-08-21,351,DISQUALIFIED,True,False,40.0,True,Failed all mechanical trend & momentum filters.,False,False,False,False,False,False,48.21,37.4,53.66,57.32,,,1.01,0.138,,0.38,0.58,0.56,False,False,True,False,LPS,2026-08-21,True,False,False,False,53,"Bar vol_ratio=0.38x, spread_ratio=0.58x, close_pos=0.56. Candidate LPS: higher low=47.21 vs prior Spring low=46.00 (+2.6%), holding above range support=46.00, low volume 0.38x avg (threshold < 0.75x), spread 0.58x ATR, close pos=0.56",108.69,125.5,62,True,[DISQUALIFIED] Score: 40.0/100.0 | DISQUALIFIED: Failed all mechanical trend & momentum filters.,https://www.tradingview.com/chart/?symbol=NSE%3AISHANCH&interval=D,https://www.tradingview.com/chart/?symbol=NSE%3AISHANCH&interval=W,https://www.tradingview.com/chart/?symbol=NSE%3AISHANCH&interval=75,pending,data/research_datasets/20260824,2026-08-24 10:05:13 UTC
INTENTECH,INTENTECH.NS,Intense Technologies Limited,2026-08-21,899,DISQUALIFIED,True,False,40.0,True,Failed all mechanical trend & momentum filters.,False,False,False,False,True,False,84.88,48.8,91.8,96.02,,,1.09,0.134,,0.96,2.2,0.4,False,False,False,False,LPS,2026-08-19,True,False,False,False,118,"Bar vol_ratio=0.46x, spread_ratio=0.53x, close_pos=0.51. Candidate LPS: higher low=79.10 vs prior Spring low=79.00 (+0.1%), holding above range support=79.00, low volume 0.46x avg (threshold < 0.75x), spread 0.53x ATR, close pos=0.51",285.64,236.5,57,True,[DISQUALIFIED] Score: 40.0/100.0 | DISQUALIFIED: Failed all mechanical trend & momentum filters.,https://www.tradingview.com/chart/?symbol=NSE%3AINTENTECH&interval=D,https://www.tradingview.com/chart/?symbol=NSE%3AINTENTECH&interval=W,https://www.tradingview.com/chart/?symbol=NSE%3AINTENTECH&interval=75,pending,data/research_datasets/20260824,2026-08-24 10:05:13 UTC
HPAL,HPAL.NS,HP Adhesives Limited,2026-08-21,900,DISQUALIFIED,True,False,40.0,True,Failed all mechanical trend & momentum filters.,False,False,False,False,False,False,35.03,50.2,34.99,35.98,,,1.4,0.233,,0.25,0.47,0.6,False,True,False,False,LPS,2026-08-14,True,False,False,False,102,"Bar vol_ratio=0.66x, spread_ratio=0.94x, close_pos=0.08. Candidate LPS: higher low=35.00 vs prior Spring low=32.72 (+7.0%), holding above range support=32.11, low volume 0.66x avg (threshold < 0.75x), spread 0.94x ATR, close pos=0.08",42.01,19.9,3,True,[DISQUALIFIED] Score: 40.0/100.0 | DISQUALIFIED: Failed all mechanical trend & momentum filters.,https://www.tradingview.com/chart/?symbol=NSE%3AHPAL&interval=D,https://www.tradingview.com/chart/?symbol=NSE%3AHPAL&interval=W,https://www.tradingview.com/chart/?symbol=NSE%3AHPAL&interval=75,pending,data/research_datasets/20260824,2026-08-24 10:05:13 UTC
HILINFRA,HILINFRA.NS,Highway Infrastructure Limited,2026-08-21,256,DISQUALIFIED,True,False,40.0,True,Failed all mechanical trend & momentum filters.,False,False,False,False,True,False,45.76,51.2,45.88,48.15,,,1.26,0.069,,0.79,0.51,0.54,False,True,False,False,LPS,2026-08-13,True,False,False,False,56,"Bar vol_ratio=0.45x, spread_ratio=0.74x, close_pos=0.29. Candidate LPS: higher low=44.62 vs prior Spring low=43.30 (+3.0%), holding above range support=43.00, low volume 0.45x avg (threshold < 0.75x), spread 0.74x ATR, close pos=0.29",72.18,57.7,8,True,[DISQUALIFIED] Score: 40.0/100.0 | DISQUALIFIED: Failed all mechanical trend & momentum filters.,https://www.tradingview.com/chart/?symbol=NSE%3AHILINFRA&interval=D,https://www.tradingview.com/chart/?symbol=NSE%3AHILINFRA&interval=W,https://www.tradingview.com/chart/?symbol=NSE%3AHILINFRA&interval=75,pending,data/research_datasets/20260824,2026-08-24 10:05:13 UTC
HCL-INSYS,HCL-INSYS.NS,HCL Infosystems Limited,2026-08-21,901,DISQUALIFIED,True,False,40.0,True,Failed all mechanical trend & momentum filters.,False,False,False,False,True,False,11.09,36.2,11.8,12.04,,,1.08,0.062,,1.18,0.88,0.26,False,False,False,False,LPS,2026-08-14,True,False,False,False,119,"Bar vol_ratio=0.68x, spread_ratio=1.02x, close_pos=0.32. Candidate LPS: higher low=11.20 vs prior Spring low=10.80 (+3.7%), holding above range support=10.80, low volume 0.68x avg (threshold < 0.75x), spread 1.02x ATR, close pos=0.32",29.21,163.4,23,True,[DISQUALIFIED] Score: 40.0/100.0 | DISQUALIFIED: Failed all mechanical trend & momentum filters.,https://www.tradingview.com/chart/?symbol=NSE%3AHCL-INSYS&interval=D,https://www.tradingview.com/chart/?symbol=NSE%3AHCL-INSYS&interval=W,https://www.tradingview.com/chart/?symbol=NSE%3AHCL-INSYS&interval=75,pending,data/research_datasets/20260824,2026-08-24 10:05:13 UTC
DIAMINESQ,DIAMINESQ.NS,Diamines & Chemicals Limited,2026-08-21,717,DISQUALIFIED,True,False,40.0,True,Failed all mechanical trend & momentum filters.,False,False,False,False,True,False,241.11,45.6,250.12,254.08,,,1.17,0.142,,0.43,0.82,0.74,False,False,False,False,LPS,2026-08-18,True,False,False,False,114,"Bar vol_ratio=0.16x, spread_ratio=0.60x, close_pos=0.38. Candidate LPS: higher low=234.00 vs prior Spring low=229.50 (+2.0%), holding above range support=229.50, low volume 0.16x avg (threshold < 0.75x), spread 0.60x ATR, close pos=0.38",529.12,119.5,19,True,[DISQUALIFIED] Score: 40.0/100.0 | DISQUALIFIED: Failed all mechanical trend & momentum filters.,https://www.tradingview.com/chart/?symbol=NSE%3ADIAMINESQ&interval=D,https://www.tradingview.com/chart/?symbol=NSE%3ADIAMINESQ&interval=W,https://www.tradingview.com/chart/?symbol=NSE%3ADIAMINESQ&interval=75,pending,data/research_datasets/20260824,2026-08-24 10:05:13 UTC
CANHLIFE,CANHLIFE.NS,Canara HSBC Life Insurance Company Limited,2026-08-21,212,DISQUALIFIED,True,True,40.0,True,Most recent event is UTAD (Upthrust After Distribution / potential distribution phase).,True,True,True,True,True,True,155.24,63.8,145.5,143.17,,,0.89,0.078,,1.28,1.12,0.92,False,False,False,False,SC,2026-07-21,False,False,False,False,14,"Bar vol_ratio=9.50x, spread_ratio=2.43x, close_pos=0.06. Candidate SC: volume 9.50x 20-period avg (threshold >= 2.0x), spread 2.43x 20-period ATR (threshold >= 1.5x), down-close (Open=158.58, Close=154.20, close pos=0.06), Prior peak=158.38, bar low=153.49, decline=3.1% over prior 10 bars (threshold >= 3.0%)",206.14,32.8,23,False,[DISQUALIFIED] Score: 40.0/100.0 | DISQUALIFIED: Most recent event is UTAD (Upthrust After Distribution / potential distribution phase).,https://www.tradingview.com/chart/?symbol=NSE%3ACANHLIFE&interval=D,https://www.tradingview.com/chart/?symbol=NSE%3ACANHLIFE&interval=W,https://www.tradingview.com/chart/?symbol=NSE%3ACANHLIFE&interval=75,pending,data/research_datasets/20260824,2026-08-24 10:05:13 UTC
BAJAJHIND,BAJAJHIND.NS,Bajaj Hindusthan Sugar Limited,2026-08-21,901,DISQUALIFIED,True,False,40.0,True,Failed all mechanical trend & momentum filters.,False,False,False,False,False,True,23.13,80.3,18.1,18.43,,,1.71,0.404,,3.61,1.25,0.81,False,False,False,True,SOS,2026-08-20,False,True,False,False,95,"Bar vol_ratio=8.84x, spread_ratio=3.52x, close_pos=0.81. Candidate SOS: close=23.33 broke above range resistance=21.28 (+9.63%), strong close position=0.81 (threshold > 0.7), volume 8.84x avg (threshold >= 1.5x), spread 3.52x ATR",39.58,71.1,30,True,[DISQUALIFIED] Score: 40.0/100.0 | DISQUALIFIED: Failed all mechanical trend & momentum filters.,https://www.tradingview.com/chart/?symbol=NSE%3ABAJAJHIND&interval=D,https://www.tradingview.com/chart/?symbol=NSE%3ABAJAJHIND&interval=W,https://www.tradingview.com/chart/?symbol=NSE%3ABAJAJHIND&interval=75,pending,data/research_datasets/20260824,2026-08-24 10:05:13 UTC
AUBANK,AUBANK.NS,AU Small Finance Bank Limited,2026-08-21,901,DISQUALIFIED,True,True,40.0,True,Most recent event is UTAD (Upthrust After Distribution / potential distribution phase).,True,True,True,True,True,True,1108.2,64.0,1047.35,1018.53,,,0.89,0.075,,1.2,0.99,1.0,False,False,False,False,UTAD,2026-08-06,False,False,False,True,126,"Bar vol_ratio=2.75x, spread_ratio=2.09x, close_pos=0.70. Candidate UTAD: intrabar high=1105.90 exceeded range resistance=1089.34 (+1.52%), closed back below at 1087.60 (close pos=0.70), elevated volume 2.75x avg (threshold >= 1.5x), spread 2.09x ATR",1457.55,31.5,32,False,[DISQUALIFIED] Score: 40.0/100.0 | DISQUALIFIED: Most recent event is UTAD (Upthrust After Distribution / potential distribution phase).,https://www.tradingview.com/chart/?symbol=NSE%3AAUBANK&interval=D,https://www.tradingview.com/chart/?symbol=NSE%3AAUBANK&interval=W,https://www.tradingview.com/chart/?symbol=NSE%3AAUBANK&interval=75,pending,data/research_datasets/20260824,2026-08-24 10:05:13 UTC
ALLCARGO,ALLCARGO.NS,Allcargo Logistics Limited,2026-08-21,901,DISQUALIFIED,True,False,40.0,True,Failed all mechanical trend & momentum filters.,False,False,False,False,False,True,12.17,80.0,8.7,8.86,,,1.95,0.501,,3.13,3.34,0.8,False,False,False,False,SOS,2026-08-21,False,True,False,False,99,"Bar vol_ratio=3.13x, spread_ratio=3.34x, close_pos=0.80. Candidate SOS: close=12.17 broke above range resistance=10.79 (+12.79%), strong close position=0.80 (threshold > 0.7), volume 3.13x avg (threshold >= 1.5x), spread 3.34x ATR",67.75,456.7,12,True,[DISQUALIFIED] Score: 40.0/100.0 | DISQUALIFIED: Failed all mechanical trend & momentum filters.,https://www.tradingview.com/chart/?symbol=NSE%3AALLCARGO&interval=D,https://www.tradingview.com/chart/?symbol=NSE%3AALLCARGO&interval=W,https://www.tradingview.com/chart/?symbol=NSE%3AALLCARGO&interval=75,pending,data/research_datasets/20260824,2026-08-24 10:05:13 UTC
ALANKIT,ALANKIT.NS,Alankit Limited,2026-08-21,899,DISQUALIFIED,True,False,40.0,True,Failed all mechanical trend & momentum filters.,False,False,False,False,False,False,8.16,52.6,8.12,8.48,,,1.33,0.09,,1.04,0.85,0.28,False,False,False,False,LPS,2026-08-13,True,False,False,False,142,"Bar vol_ratio=0.63x, spread_ratio=0.96x, close_pos=0.18. Candidate LPS: higher low=8.05 vs prior Spring low=7.62 (+5.6%), holding above range support=7.62, low volume 0.63x avg (threshold < 0.75x), spread 0.96x ATR, close pos=0.18",17.89,119.2,11,True,[DISQUALIFIED] Score: 40.0/100.0 | DISQUALIFIED: Failed all mechanical trend & momentum filters.,https://www.tradingview.com/chart/?symbol=NSE%3AALANKIT&interval=D,https://www.tradingview.com/chart/?symbol=NSE%3AALANKIT&interval=W,https://www.tradingview.com/chart/?symbol=NSE%3AALANKIT&interval=75,pending,data/research_datasets/20260824,2026-08-24 10:05:13 UTC
AKI,AKI.NS,AKI India Limited,2026-08-21,835,DISQUALIFIED,True,False,40.0,True,Failed all mechanical trend & momentum filters.,False,False,False,False,True,False,4.18,41.6,4.52,4.74,,,1.28,0.106,,1.3,0.66,0.14,False,False,False,False,LPS,2026-08-11,True,False,False,False,157,"Bar vol_ratio=0.61x, spread_ratio=1.44x, close_pos=0.10. Candidate LPS: higher low=4.26 vs prior Spring low=4.10 (+3.9%), holding above range support=4.00, low volume 0.61x avg (threshold < 0.75x), spread 1.44x ATR, close pos=0.10",13.91,232.8,12,True,[DISQUALIFIED] Score: 40.0/100.0 | DISQUALIFIED: Failed all mechanical trend & momentum filters.,https://www.tradingview.com/chart/?symbol=NSE%3AAKI&interval=D,https://www.tradingview.com/chart/?symbol=NSE%3AAKI&interval=W,https://www.tradingview.com/chart/?symbol=NSE%3AAKI&interval=75,pending,data/research_datasets/20260824,2026-08-24 10:05:13 UTC
TIPSFILMS,TIPSFILMS.NS,Tips Films Limited,2026-08-21,899,DISQUALIFIED,True,False,38.0,True,Failed all mechanical trend & momentum filters.,False,False,False,False,True,True,352.25,47.5,350.09,357.1,,,1.08,0.191,,0.12,0.42,0.21,False,False,True,False,LPS,2026-07-31,True,False,False,False,182,"Bar vol_ratio=0.30x, spread_ratio=0.96x, close_pos=0.19. Candidate LPS: higher low=382.10 vs prior ST low=308.00 (+24.1%), holding above range support=308.00, low volume 0.30x avg (threshold < 0.75x), spread 0.96x ATR, close pos=0.19",1091.2,209.8,47,False,[DISQUALIFIED] Score: 38.0/100.0 | DISQUALIFIED: Failed all mechanical trend & momentum filters.,https://www.tradingview.com/chart/?symbol=NSE%3ATIPSFILMS&interval=D,https://www.tradingview.com/chart/?symbol=NSE%3ATIPSFILMS&interval=W,https://www.tradingview.com/chart/?symbol=NSE%3ATIPSFILMS&interval=75,pending,data/research_datasets/20260824,2026-08-24 10:05:13 UTC
STEELCITY,STEELCITY.NS,Steel City Securities Limited,2026-08-21,899,DISQUALIFIED,True,False,38.0,True,Failed all mechanical trend & momentum filters.,False,False,False,False,False,False,81.82,54.6,78.68,79.09,,,1.51,0.181,,0.11,0.54,0.89,False,True,False,False,LPS,2026-08-06,True,False,False,False,107,"Bar vol_ratio=0.47x, spread_ratio=0.68x, close_pos=0.35. Candidate LPS: higher low=84.00 vs prior ST low=75.53 (+11.2%), holding above range support=73.00, low volume 0.47x avg (threshold < 0.75x), spread 0.68x ATR, close pos=0.35",183.65,124.5,33,False,[DISQUALIFIED] Score: 38.0/100.0 | DISQUALIFIED: Failed all mechanical trend & momentum filters.,https://www.tradingview.com/chart/?symbol=NSE%3ASTEELCITY&interval=D,https://www.tradingview.com/chart/?symbol=NSE%3ASTEELCITY&interval=W,https://www.tradingview.com/chart/?symbol=NSE%3ASTEELCITY&interval=75,pending,data/research_datasets/20260824,2026-08-24 10:05:13 UTC
SBGLP,SBGLP.NS,Suratwwala Business Group Limited,2026-08-21,871,DISQUALIFIED,True,False,38.0,True,Failed all mechanical trend & momentum filters.,False,False,False,False,False,False,24.8,46.3,25.25,25.95,,,1.03,0.06,,1.59,0.76,0.61,True,False,False,False,LPS,2026-07-28,True,False,False,False,124,"Bar vol_ratio=0.50x, spread_ratio=0.60x, close_pos=0.62. Candidate LPS: higher low=24.58 vs prior ST low=24.20 (+1.6%), holding above range support=23.15, low volume 0.50x avg (threshold < 0.75x), spread 0.60x ATR, close pos=0.62",59.64,140.5,46,False,[DISQUALIFIED] Score: 38.0/100.0 | DISQUALIFIED: Failed all mechanical trend & momentum filters.,https://www.tradingview.com/chart/?symbol=NSE%3ASBGLP&interval=D,https://www.tradingview.com/chart/?symbol=NSE%3ASBGLP&interval=W,https://www.tradingview.com/chart/?symbol=NSE%3ASBGLP&interval=75,pending,data/research_datasets/20260824,2026-08-24 10:05:13 UTC
RUCHINFRA,RUCHINFRA.NS,Ruchi Infrastructure Limited,2026-08-21,899,DISQUALIFIED,True,False,38.0,True,Failed all mechanical trend & momentum filters.,False,False,False,False,True,False,5.72,43.7,5.96,6.12,,,1.04,0.057,,0.65,0.63,0.06,False,False,False,False,LPS,2026-07-28,True,False,False,False,143,"Bar vol_ratio=0.22x, spread_ratio=0.85x, close_pos=0.04. Candidate LPS: higher low=5.87 vs prior Spring low=5.41 (+8.5%), holding above range support=5.41, low volume 0.22x avg (threshold < 0.75x), spread 0.85x ATR, close pos=0.04",11.04,93.0,7,False,[DISQUALIFIED] Score: 38.0/100.0 | DISQUALIFIED: Failed all mechanical trend & momentum filters.,https://www.tradingview.com/chart/?symbol=NSE%3ARUCHINFRA&interval=D,https://www.tradingview.com/chart/?symbol=NSE%3ARUCHINFRA&interval=W,https://www.tradingview.com/chart/?symbol=NSE%3ARUCHINFRA&interval=75,pending,data/research_datasets/20260824,2026-08-24 10:05:13 UTC
RAMKY,RAMKY.NS,Ramky Infrastructure Limited,2026-08-21,899,DISQUALIFIED,True,False,38.0,True,Failed all mechanical trend & momentum filters.,False,False,False,False,True,True,392.2,49.6,397.06,434.3,,,1.01,0.108,,3.04,1.69,0.68,False,False,False,False,LPS,2026-07-31,True,False,False,False,115,"Bar vol_ratio=0.68x, spread_ratio=0.99x, close_pos=0.88. Candidate LPS: higher low=369.70 vs prior Spring low=367.00 (+0.7%), holding above range support=367.00, low volume 0.68x avg (threshold < 0.75x), spread 0.99x ATR, close pos=0.88",824.25,110.2,26,False,[DISQUALIFIED] Score: 38.0/100.0 | DISQUALIFIED: Failed all mechanical trend & momentum filters.,https://www.tradingview.com/chart/?symbol=NSE%3ARAMKY&interval=D,https://www.tradingview.com/chart/?symbol=NSE%3ARAMKY&interval=W,https://www.tradingview.com/chart/?symbol=NSE%3ARAMKY&interval=75,pending,data/research_datasets/20260824,2026-08-24 10:05:13 UTC
PALASHSECU,PALASHSECU.NS,Palash Securities Limited,2026-08-21,900,DISQUALIFIED,True,False,38.0,True,Failed all mechanical trend & momentum filters.,False,False,False,False,False,False,88.92,48.4,90.91,93.59,,,1.28,0.082,,0.9,0.8,0.18,False,False,False,False,LPS,2026-08-05,True,False,False,False,135,"Bar vol_ratio=0.72x, spread_ratio=1.07x, close_pos=0.64. Candidate LPS: higher low=86.30 vs prior Spring low=85.00 (+1.5%), holding above range support=84.50, low volume 0.72x avg (threshold < 0.75x), spread 1.07x ATR, close pos=0.64",187.01,110.3,32,False,[DISQUALIFIED] Score: 38.0/100.0 | DISQUALIFIED: Failed all mechanical trend & momentum filters.,https://www.tradingview.com/chart/?symbol=NSE%3APALASHSECU&interval=D,https://www.tradingview.com/chart/?symbol=NSE%3APALASHSECU&interval=W,https://www.tradingview.com/chart/?symbol=NSE%3APALASHSECU&interval=75,pending,data/research_datasets/20260824,2026-08-24 10:05:13 UTC
MOKSH,MOKSH.NS,Moksh Ornaments Limited,2026-08-21,899,DISQUALIFIED,True,False,38.0,True,Failed all mechanical trend & momentum filters.,False,False,False,False,True,False,10.58,46.2,11.24,11.58,,,1.04,0.108,,0.46,0.7,0.68,False,False,False,False,LPS,2026-08-05,True,False,False,False,117,"Bar vol_ratio=0.35x, spread_ratio=1.06x, close_pos=0.85. Candidate LPS: higher low=10.18 vs prior Spring low=10.15 (+0.3%), holding above range support=10.01, low volume 0.35x avg (threshold < 0.75x), spread 1.06x ATR, close pos=0.85",23.63,123.3,18,False,[DISQUALIFIED] Score: 38.0/100.0 | DISQUALIFIED: Failed all mechanical trend & momentum filters.,https://www.tradingview.com/chart/?symbol=NSE%3AMOKSH&interval=D,https://www.tradingview.com/chart/?symbol=NSE%3AMOKSH&interval=W,https://www.tradingview.com/chart/?symbol=NSE%3AMOKSH&interval=75,pending,data/research_datasets/20260824,2026-08-24 10:05:13 UTC
MAHAPEXLTD,MAHAPEXLTD.NS,Maha Rashtra Apex Corporation Limited,2026-08-21,899,DISQUALIFIED,True,False,38.0,True,Failed all mechanical trend & momentum filters.,False,False,False,False,False,False,61.13,72.5,47.52,48.79,,,1.62,0.46,,1.82,1.23,0.52,False,False,False,False,LPS,2026-07-27,True,False,False,False,153,"Bar vol_ratio=0.55x, spread_ratio=0.77x, close_pos=0.74. Candidate LPS: higher low=43.07 vs prior Spring low=42.00 (+2.5%), holding above range support=42.00, low volume 0.55x avg (threshold < 0.75x), spread 0.77x ATR, close pos=0.74",85.73,40.2,13,False,[DISQUALIFIED] Score: 38.0/100.0 | DISQUALIFIED: Failed all mechanical trend & momentum filters.,https://www.tradingview.com/chart/?symbol=NSE%3AMAHAPEXLTD&interval=D,https://www.tradingview.com/chart/?symbol=NSE%3AMAHAPEXLTD&interval=W,https://www.tradingview.com/chart/?symbol=NSE%3AMAHAPEXLTD&interval=75,pending,data/research_datasets/20260824,2026-08-24 10:05:13 UTC
MAANALU,MAANALU.NS,Maan Aluminium Limited,2026-08-21,900,DISQUALIFIED,True,False,38.0,True,Failed all mechanical trend & momentum filters.,False,False,False,False,True,False,119.4,45.8,121.94,130.71,,,1.04,0.148,,0.55,0.77,0.32,False,False,False,False,LPS,2026-08-05,True,False,False,False,154,"Bar vol_ratio=0.50x, spread_ratio=0.72x, close_pos=0.29. Candidate LPS: higher low=126.11 vs prior Spring low=116.30 (+8.4%), holding above range support=110.40, low volume 0.50x avg (threshold < 0.75x), spread 0.72x ATR, close pos=0.29",177.49,48.7,66,False,[DISQUALIFIED] Score: 38.0/100.0 | DISQUALIFIED: Failed all mechanical trend & momentum filters.,https://www.tradingview.com/chart/?symbol=NSE%3AMAANALU&interval=D,https://www.tradingview.com/chart/?symbol=NSE%3AMAANALU&interval=W,https://www.tradingview.com/chart/?symbol=NSE%3AMAANALU&interval=75,pending,data/research_datasets/20260824,2026-08-24 10:05:13 UTC
LANCER,LANCER.NS,Lancer Container Lines Limited,2026-08-21,88,DISQUALIFIED,True,False,38.0,True,Failed all mechanical trend & momentum filters.,False,False,False,False,False,True,10.42,8.5,142.61,,,,1.35,2.108,,0.98,0.02,0.44,False,True,False,False,LPS,2023-04-13,True,False,False,False,17,"Bar vol_ratio=0.45x, spread_ratio=0.98x, close_pos=0.15. Candidate LPS: higher low=162.00 vs prior Spring low=151.05 (+7.2%), holding above range support=132.55, low volume 0.45x avg (threshold < 0.75x), spread 0.98x ATR, close pos=0.15",205.2,1869.3,7,False,[DISQUALIFIED] Score: 38.0/100.0 | DISQUALIFIED: Failed all mechanical trend & momentum filters.,https://www.tradingview.com/chart/?symbol=NSE%3ALANCER&interval=D,https://www.tradingview.com/chart/?symbol=NSE%3ALANCER&interval=W,https://www.tradingview.com/chart/?symbol=NSE%3ALANCER&interval=75,pending,data/research_datasets/20260824,2026-08-24 10:05:13 UTC
JAIPURKURT,JAIPURKURT.NS,Nandani Creation Limited,2026-08-21,898,DISQUALIFIED,True,False,38.0,True,Failed all mechanical trend & momentum filters.,False,False,False,False,False,False,26.86,45.4,27.65,29.25,,,1.09,0.096,,0.23,0.84,0.26,False,False,False,False,LPS,2026-07-23,True,False,False,False,160,"Bar vol_ratio=0.26x, spread_ratio=0.41x, close_pos=0.98. Candidate LPS: higher low=27.20 vs prior Spring low=25.20 (+7.9%), holding above range support=25.20, low volume 0.26x avg (threshold < 0.75x), spread 0.41x ATR, close pos=0.98",57.75,115.0,10,False,[DISQUALIFIED] Score: 38.0/100.0 | DISQUALIFIED: Failed all mechanical trend & momentum filters.,https://www.tradingview.com/chart/?symbol=NSE%3AJAIPURKURT&interval=D,https://www.tradingview.com/chart/?symbol=NSE%3AJAIPURKURT&interval=W,https://www.tradingview.com/chart/?symbol=NSE%3AJAIPURKURT&interval=75,pending,data/research_datasets/20260824,2026-08-24 10:05:13 UTC
INCREDIBLE,INCREDIBLE.NS,INCREDIBLE INDUSTRIES LIMITED,2026-08-21,899,DISQUALIFIED,True,False,38.0,True,Failed all mechanical trend & momentum filters.,False,False,False,False,False,False,33.01,50.9,33.16,34.1,,,1.05,0.08,,0.54,1.35,0.1,False,False,False,False,LPS,2026-07-31,True,False,False,False,166,"Bar vol_ratio=0.07x, spread_ratio=0.09x, close_pos=0.94. Candidate LPS: higher low=33.00 vs prior ST low=32.55 (+1.4%), holding above range support=32.00, low volume 0.07x avg (threshold < 0.75x), spread 0.09x ATR, close pos=0.94",74.4,125.4,55,False,[DISQUALIFIED] Score: 38.0/100.0 | DISQUALIFIED: Failed all mechanical trend & momentum filters.,https://www.tradingview.com/chart/?symbol=NSE%3AINCREDIBLE&interval=D,https://www.tradingview.com/chart/?symbol=NSE%3AINCREDIBLE&interval=W,https://www.tradingview.com/chart/?symbol=NSE%3AINCREDIBLE&interval=75,pending,data/research_datasets/20260824,2026-08-24 10:05:13 UTC
ICRA,ICRA.NS,ICRA Limited,2026-08-21,899,DISQUALIFIED,True,False,38.0,True,Failed all mechanical trend & momentum filters.,False,False,False,False,True,True,4964.8,46.0,5073.37,5143.69,,,1.12,0.123,,0.66,1.01,0.68,False,False,False,False,LPS,2026-08-06,True,False,False,False,119,"Bar vol_ratio=0.67x, spread_ratio=0.89x, close_pos=0.74. Candidate LPS: higher low=5089.30 vs prior Spring low=4731.00 (+7.6%), holding above range support=4692.00, low volume 0.67x avg (threshold < 0.75x), spread 0.89x ATR, close pos=0.74",14625.4,194.6,63,False,[DISQUALIFIED] Score: 38.0/100.0 | DISQUALIFIED: Failed all mechanical trend & momentum filters.,https://www.tradingview.com/chart/?symbol=NSE%3AICRA&interval=D,https://www.tradingview.com/chart/?symbol=NSE%3AICRA&interval=W,https://www.tradingview.com/chart/?symbol=NSE%3AICRA&interval=75,pending,data/research_datasets/20260824,2026-08-24 10:05:13 UTC
ELCIDIN,ELCIDIN.NS,EL CID Investments Limited,2026-08-21,87,DISQUALIFIED,True,False,38.0,True,Failed all mechanical trend & momentum filters.,False,False,False,False,False,False,109005.0,38.6,112779.46,,,,1.14,0.044,,0.47,0.03,0.05,False,True,False,False,LPS,2026-07-30,True,False,False,False,18,"Bar vol_ratio=0.51x, spread_ratio=0.70x, close_pos=0.00. Candidate LPS: higher low=110200.00 vs prior Spring low=105505.00 (+4.5%), holding above range support=105505.00, low volume 0.51x avg (threshold < 0.75x), spread 0.70x ATR, close pos=0.00",137318.38,26.0,5,False,[DISQUALIFIED] Score: 38.0/100.0 | DISQUALIFIED: Failed all mechanical trend & momentum filters.,https://www.tradingview.com/chart/?symbol=NSE%3AELCIDIN&interval=D,https://www.tradingview.com/chart/?symbol=NSE%3AELCIDIN&interval=W,https://www.tradingview.com/chart/?symbol=NSE%3AELCIDIN&interval=75,pending,data/research_datasets/20260824,2026-08-24 10:05:13 UTC
EKC,EKC.NS,Everest Kanto Cylinder Limited,2026-08-21,900,DISQUALIFIED,True,False,38.0,True,Failed all mechanical trend & momentum filters.,False,False,False,False,True,True,111.38,49.2,113.57,114.68,,,1.09,0.101,,0.5,0.72,0.16,False,False,False,False,LPS,2026-08-04,True,False,False,False,86,"Bar vol_ratio=0.56x, spread_ratio=0.78x, close_pos=0.22. Candidate LPS: higher low=108.50 vs prior Spring low=102.93 (+5.4%), holding above range support=102.93, low volume 0.56x avg (threshold < 0.75x), spread 0.78x ATR, close pos=0.22",255.87,129.7,48,False,[DISQUALIFIED] Score: 38.0/100.0 | DISQUALIFIED: Failed all mechanical trend & momentum filters.,https://www.tradingview.com/chart/?symbol=NSE%3AEKC&interval=D,https://www.tradingview.com/chart/?symbol=NSE%3AEKC&interval=W,https://www.tradingview.com/chart/?symbol=NSE%3AEKC&interval=75,pending,data/research_datasets/20260824,2026-08-24 10:05:13 UTC
COCHINSHIP,COCHINSHIP.NS,Cochin Shipyard Limited,2026-08-21,901,DISQUALIFIED,True,False,38.0,True,Failed all mechanical trend & momentum filters.,False,False,False,False,False,True,1480.5,54.0,1450.32,1497.87,,,1.02,0.115,,0.76,1.03,0.54,False,False,False,False,LPS,2026-07-24,True,False,False,False,115,"Bar vol_ratio=0.33x, spread_ratio=0.66x, close_pos=0.71. Candidate LPS: higher low=1375.30 vs prior Spring low=1356.60 (+1.4%), holding above range support=1356.60, low volume 0.33x avg (threshold < 0.75x), spread 0.66x ATR, close pos=0.71",1866.4,26.1,60,False,[DISQUALIFIED] Score: 38.0/100.0 | DISQUALIFIED: Failed all mechanical trend & momentum filters.,https://www.tradingview.com/chart/?symbol=NSE%3ACOCHINSHIP&interval=D,https://www.tradingview.com/chart/?symbol=NSE%3ACOCHINSHIP&interval=W,https://www.tradingview.com/chart/?symbol=NSE%3ACOCHINSHIP&interval=75,pending,data/research_datasets/20260824,2026-08-24 10:05:13 UTC
ALMONDZ,ALMONDZ.NS,Almondz Global Securities Limited,2026-08-21,901,DISQUALIFIED,True,False,38.0,True,Failed all mechanical trend & momentum filters.,False,False,False,False,True,False,14.16,53.1,13.52,14.23,,,1.2,0.162,,0.24,0.66,0.94,False,False,False,False,LPS,2026-08-05,True,False,False,False,121,"Bar vol_ratio=0.65x, spread_ratio=1.44x, close_pos=0.82. Candidate LPS: higher low=13.72 vs prior ST low=13.57 (+1.1%), holding above range support=12.35, low volume 0.65x avg (threshold < 0.75x), spread 1.44x ATR, close pos=0.82",53.61,278.6,52,False,[DISQUALIFIED] Score: 38.0/100.0 | DISQUALIFIED: Failed all mechanical trend & momentum filters.,https://www.tradingview.com/chart/?symbol=NSE%3AALMONDZ&interval=D,https://www.tradingview.com/chart/?symbol=NSE%3AALMONDZ&interval=W,https://www.tradingview.com/chart/?symbol=NSE%3AALMONDZ&interval=75,pending,data/research_datasets/20260824,2026-08-24 10:05:13 UTC
SHADOWFAX,SHADOWFAX.NS,Shadowfax Technologies Limited,2026-08-21,143,DISQUALIFIED,True,True,36.0,True,Most recent event is UTAD (Upthrust After Distribution / potential distribution phase).,False,True,True,True,False,True,255.39,62.0,229.66,200.54,,,0.92,0.264,,1.54,1.16,0.71,False,False,False,True,UTAD,2026-08-03,False,False,False,True,12,"Bar vol_ratio=1.82x, spread_ratio=1.60x, close_pos=0.15. Candidate UTAD: intrabar high=261.50 exceeded range resistance=253.76 (+3.05%), closed back below at 240.78 (close pos=0.15), elevated volume 1.82x avg (threshold >= 1.5x), spread 1.60x ATR",282.41,10.6,21,False,[DISQUALIFIED] Score: 36.0/100.0 | DISQUALIFIED: Most recent event is UTAD (Upthrust After Distribution / potential distribution phase).,https://www.tradingview.com/chart/?symbol=NSE%3ASHADOWFAX&interval=D,https://www.tradingview.com/chart/?symbol=NSE%3ASHADOWFAX&interval=W,https://www.tradingview.com/chart/?symbol=NSE%3ASHADOWFAX&interval=75,pending,data/research_datasets/20260824,2026-08-24 10:05:13 UTC
KARURVYSYA,KARURVYSYA.NS,Karur Vysya Bank Limited,2026-08-21,901,DISQUALIFIED,True,True,36.0,True,Most recent event is UTAD (Upthrust After Distribution / potential distribution phase).,True,True,True,True,True,True,335.5,56.8,315.56,300.81,,,0.84,0.049,,0.46,0.51,0.63,False,True,False,False,UTAD,2026-07-22,False,False,False,True,89,"Bar vol_ratio=2.11x, spread_ratio=0.96x, close_pos=0.20. Candidate UTAD: intrabar high=345.22 exceeded range resistance=342.68 (+0.74%), closed back below at 336.53 (close pos=0.20), elevated volume 2.11x avg (threshold >= 1.5x), spread 0.96x ATR",402.41,19.9,36,False,[DISQUALIFIED] Score: 36.0/100.0 | DISQUALIFIED: Most recent event is UTAD (Upthrust After Distribution / potential distribution phase).,https://www.tradingview.com/chart/?symbol=NSE%3AKARURVYSYA&interval=D,https://www.tradingview.com/chart/?symbol=NSE%3AKARURVYSYA&interval=W,https://www.tradingview.com/chart/?symbol=NSE%3AKARURVYSYA&interval=75,pending,data/research_datasets/20260824,2026-08-24 10:05:13 UTC
WEBELSOLAR,WEBELSOLAR.NS,Websol Energy System Limited,2026-08-21,901,DISQUALIFIED,True,False,35.0,True,Failed all mechanical trend & momentum filters.,False,False,False,False,False,True,82.8,32.8,97.77,100.33,,,1.1,0.268,,0.63,0.58,0.29,False,False,True,False,Spring,2026-08-13,False,False,True,False,121,"Bar vol_ratio=1.98x, spread_ratio=1.26x, close_pos=0.86. Candidate Spring: low=83.26 undercut prior support=85.29 by 2.38%, closed back above support at 87.10 (close pos=0.86, volume 1.98x avg, spread 1.26x ATR)",169.38,104.6,49,True,[DISQUALIFIED] Score: 35.0/100.0 | DISQUALIFIED: Failed all mechanical trend & momentum filters.,https://www.tradingview.com/chart/?symbol=NSE%3AWEBELSOLAR&interval=D,https://www.tradingview.com/chart/?symbol=NSE%3AWEBELSOLAR&interval=W,https://www.tradingview.com/chart/?symbol=NSE%3AWEBELSOLAR&interval=75,pending,data/research_datasets/20260824,2026-08-24 10:05:13 UTC
UGROCAP,UGROCAP.NS,Ugro Capital Limited,2026-08-21,900,DISQUALIFIED,True,False,35.0,True,Failed all mechanical trend & momentum filters.,False,False,False,False,False,True,88.74,35.9,95.81,97.96,,,1.12,0.127,,0.82,0.93,0.88,False,False,False,False,Spring,2026-08-21,False,False,True,False,138,"Bar vol_ratio=0.82x, spread_ratio=0.93x, close_pos=0.88. Candidate Spring: low=86.01 undercut prior support=86.81 by 0.92%, closed back above support at 88.74 (close pos=0.88, volume 0.82x avg, spread 0.93x ATR)",329.9,271.8,29,True,[DISQUALIFIED] Score: 35.0/100.0 | DISQUALIFIED: Failed all mechanical trend & momentum filters.,https://www.tradingview.com/chart/?symbol=NSE%3AUGROCAP&interval=D,https://www.tradingview.com/chart/?symbol=NSE%3AUGROCAP&interval=W,https://www.tradingview.com/chart/?symbol=NSE%3AUGROCAP&interval=75,pending,data/research_datasets/20260824,2026-08-24 10:05:13 UTC
TIRUMALCHM,TIRUMALCHM.NS,Thirumalai Chemicals Limited,2026-08-21,900,DISQUALIFIED,True,False,35.0,True,Failed all mechanical trend & momentum filters.,False,False,False,False,False,True,154.09,40.8,167.74,182.19,,,1.02,0.243,,0.95,1.33,0.08,False,False,False,False,Spring,2026-08-14,False,False,True,False,119,"Bar vol_ratio=0.67x, spread_ratio=0.83x, close_pos=0.63. Candidate Spring: low=156.30 undercut prior support=158.30 by 1.26%, closed back above support at 159.66 (close pos=0.63, volume 0.67x avg, spread 0.83x ATR)",248.97,61.6,14,True,[DISQUALIFIED] Score: 35.0/100.0 | DISQUALIFIED: Failed all mechanical trend & momentum filters.,https://www.tradingview.com/chart/?symbol=NSE%3ATIRUMALCHM&interval=D,https://www.tradingview.com/chart/?symbol=NSE%3ATIRUMALCHM&interval=W,https://www.tradingview.com/chart/?symbol=NSE%3ATIRUMALCHM&interval=75,pending,data/research_datasets/20260824,2026-08-24 10:05:13 UTC
SUVIDHAA,SUVIDHAA.NS,Suvidhaa Infoserve Limited,2026-08-21,900,DISQUALIFIED,True,False,35.0,True,Failed all mechanical trend & momentum filters.,False,False,False,False,False,False,2.32,30.1,2.58,2.72,,,1.04,0.114,,2.34,1.2,0.18,False,False,False,False,SC,2026-08-17,False,False,False,False,134,"Bar vol_ratio=2.01x, spread_ratio=2.45x, close_pos=0.82. Candidate SC: volume 2.01x 20-period avg (threshold >= 2.0x), spread 2.45x 20-period ATR (threshold >= 1.5x), down-close (Open=2.53, Close=2.49, close pos=0.82), Prior peak=2.80, bar low=2.21, decline=21.1% over prior 10 bars (threshold >= 3.0%)",4.84,108.6,3,True,[DISQUALIFIED] Score: 35.0/100.0 | DISQUALIFIED: Failed all mechanical trend & momentum filters.,https://www.tradingview.com/chart/?symbol=NSE%3ASUVIDHAA&interval=D,https://www.tradingview.com/chart/?symbol=NSE%3ASUVIDHAA&interval=W,https://www.tradingview.com/chart/?symbol=NSE%3ASUVIDHAA&interval=75,pending,data/research_datasets/20260824,2026-08-24 10:05:13 UTC
SULA,SULA.NS,Sula Vineyards Limited,2026-08-21,901,DISQUALIFIED,True,False,35.0,True,Failed all mechanical trend & momentum filters.,False,False,False,False,False,True,144.55,34.7,154.19,158.77,,,1.23,0.23,,0.36,0.41,0.28,False,False,True,False,Spring,2026-08-21,False,False,True,False,127,"Bar vol_ratio=0.36x, spread_ratio=0.41x, close_pos=0.28. Candidate Spring: low=143.84 undercut prior support=144.00 by 0.11%, closed back above support at 144.55 (close pos=0.28, volume 0.36x avg, spread 0.41x ATR)",229.53,58.8,5,True,[DISQUALIFIED] Score: 35.0/100.0 | DISQUALIFIED: Failed all mechanical trend & momentum filters.,https://www.tradingview.com/chart/?symbol=NSE%3ASULA&interval=D,https://www.tradingview.com/chart/?symbol=NSE%3ASULA&interval=W,https://www.tradingview.com/chart/?symbol=NSE%3ASULA&interval=75,pending,data/research_datasets/20260824,2026-08-24 10:05:13 UTC
SCHAND,SCHAND.NS,S Chand And Company Limited,2026-08-21,899,DISQUALIFIED,True,False,35.0,True,Failed all mechanical trend & momentum filters.,False,False,False,False,False,False,136.76,32.8,146.15,151.76,,,1.1,0.106,,1.55,1.21,0.51,False,False,False,False,Spring,2026-08-20,False,False,True,False,134,"Bar vol_ratio=1.76x, spread_ratio=0.98x, close_pos=0.29. Candidate Spring: low=133.81 undercut prior support=134.90 by 0.81%, closed back above support at 135.03 (close pos=0.29, volume 1.76x avg, spread 0.98x ATR)",353.29,158.3,31,True,[DISQUALIFIED] Score: 35.0/100.0 | DISQUALIFIED: Failed all mechanical trend & momentum filters.,https://www.tradingview.com/chart/?symbol=NSE%3ASCHAND&interval=D,https://www.tradingview.com/chart/?symbol=NSE%3ASCHAND&interval=W,https://www.tradingview.com/chart/?symbol=NSE%3ASCHAND&interval=75,pending,data/research_datasets/20260824,2026-08-24 10:05:13 UTC
MOIL,MOIL.NS,MOIL Limited,2026-08-21,901,DISQUALIFIED,True,False,35.0,True,Failed all mechanical trend & momentum filters.,False,False,False,False,False,True,252.85,28.4,276.91,291.63,,,1.04,0.162,,0.42,0.87,0.19,False,False,False,False,Spring,2026-08-21,False,False,True,False,117,"Bar vol_ratio=0.42x, spread_ratio=0.87x, close_pos=0.19. Candidate Spring: low=251.45 undercut prior support=252.00 by 0.22%, closed back above support at 252.85 (close pos=0.19, volume 0.42x avg, spread 0.87x ATR)",737.35,191.6,73,True,[DISQUALIFIED] Score: 35.0/100.0 | DISQUALIFIED: Failed all mechanical trend & momentum filters.,https://www.tradingview.com/chart/?symbol=NSE%3AMOIL&interval=D,https://www.tradingview.com/chart/?symbol=NSE%3AMOIL&interval=W,https://www.tradingview.com/chart/?symbol=NSE%3AMOIL&interval=75,pending,data/research_datasets/20260824,2026-08-24 10:05:13 UTC
LCCINFOTEC,LCCINFOTEC.NS,LCC Infotech Limited,2026-08-21,899,DISQUALIFIED,True,False,35.0,True,Failed all mechanical trend & momentum filters.,False,False,False,False,False,False,3.55,31.2,4.36,4.55,,,1.18,0.243,,0.35,0.95,0.44,False,False,False,False,Spring,2026-08-21,False,False,True,False,107,"Bar vol_ratio=0.35x, spread_ratio=0.95x, close_pos=0.44. Candidate Spring: low=3.41 undercut prior support=3.44 by 0.87%, closed back above support at 3.55 (close pos=0.44, volume 0.35x avg, spread 0.95x ATR)",14.63,312.1,14,True,[DISQUALIFIED] Score: 35.0/100.0 | DISQUALIFIED: Failed all mechanical trend & momentum filters.,https://www.tradingview.com/chart/?symbol=NSE%3ALCCINFOTEC&interval=D,https://www.tradingview.com/chart/?symbol=NSE%3ALCCINFOTEC&interval=W,https://www.tradingview.com/chart/?symbol=NSE%3ALCCINFOTEC&interval=75,pending,data/research_datasets/20260824,2026-08-24 10:05:13 UTC
LASA,LASA.NS,Lasa Supergenerics Limited,2026-08-21,899,DISQUALIFIED,True,False,35.0,True,Failed all mechanical trend & momentum filters.,False,False,False,False,False,False,7.2,47.0,7.34,7.6,,,1.26,0.191,,0.95,1.73,0.67,False,False,False,False,Spring,2026-08-20,False,False,True,False,149,"Bar vol_ratio=1.90x, spread_ratio=1.82x, close_pos=0.63. Candidate Spring: low=6.42 undercut prior support=6.66 by 3.60%, closed back above support at 6.99 (close pos=0.63, volume 1.90x avg, spread 1.82x ATR)",17.2,138.9,5,True,[DISQUALIFIED] Score: 35.0/100.0 | DISQUALIFIED: Failed all mechanical trend & momentum filters.,https://www.tradingview.com/chart/?symbol=NSE%3ALASA&interval=D,https://www.tradingview.com/chart/?symbol=NSE%3ALASA&interval=W,https://www.tradingview.com/chart/?symbol=NSE%3ALASA&interval=75,pending,data/research_datasets/20260824,2026-08-24 10:05:13 UTC
IRCTC,IRCTC.NS,Indian Railway Catering And Tourism Corporation Limited,2026-08-21,901,DISQUALIFIED,True,False,35.0,True,Failed all mechanical trend & momentum filters.,False,False,False,False,False,True,484.2,35.8,505.12,521.1,,,1.1,0.099,,1.12,0.81,0.14,False,False,False,False,Spring,2026-08-20,False,False,True,False,148,"Bar vol_ratio=1.15x, spread_ratio=0.99x, close_pos=0.08. Candidate Spring: low=485.15 undercut prior support=485.30 by 0.03%, closed back above support at 485.90 (close pos=0.08, volume 1.15x avg, spread 0.99x ATR)",696.95,43.9,9,True,[DISQUALIFIED] Score: 35.0/100.0 | DISQUALIFIED: Failed all mechanical trend & momentum filters.,https://www.tradingview.com/chart/?symbol=NSE%3AIRCTC&interval=D,https://www.tradingview.com/chart/?symbol=NSE%3AIRCTC&interval=W,https://www.tradingview.com/chart/?symbol=NSE%3AIRCTC&interval=75,pending,data/research_datasets/20260824,2026-08-24 10:05:13 UTC
GREENPANEL,GREENPANEL.NS,Greenpanel Industries Limited,2026-08-21,901,DISQUALIFIED,True,False,35.0,True,Failed all mechanical trend & momentum filters.,False,False,False,False,False,True,160.97,25.8,188.84,196.25,,,1.14,0.302,,0.95,0.74,0.23,False,False,False,False,Spring,2026-08-20,False,False,True,False,128,"Bar vol_ratio=3.49x, spread_ratio=0.96x, close_pos=0.40. Candidate Spring: low=157.68 undercut prior support=159.25 by 0.99%, closed back above support at 160.26 (close pos=0.40, volume 3.49x avg, spread 0.96x ATR)",256.44,59.3,5,True,[DISQUALIFIED] Score: 35.0/100.0 | DISQUALIFIED: Failed all mechanical trend & momentum filters.,https://www.tradingview.com/chart/?symbol=NSE%3AGREENPANEL&interval=D,https://www.tradingview.com/chart/?symbol=NSE%3AGREENPANEL&interval=W,https://www.tradingview.com/chart/?symbol=NSE%3AGREENPANEL&interval=75,pending,data/research_datasets/20260824,2026-08-24 10:05:13 UTC
FIBERWEB,FIBERWEB.NS,Fiberweb (India) Limited,2026-08-21,899,DISQUALIFIED,True,False,35.0,True,Failed all mechanical trend & momentum filters.,False,False,False,False,False,False,25.89,24.0,29.86,31.9,,,1.2,0.201,,4.67,1.73,0.27,False,False,False,False,SC,2026-08-21,False,False,False,False,140,"Bar vol_ratio=4.67x, spread_ratio=1.73x, close_pos=0.27. Candidate SC: volume 4.67x 20-period avg (threshold >= 2.0x), spread 1.73x 20-period ATR (threshold >= 1.5x), down-close (Open=26.45, Close=25.89, close pos=0.27), Prior peak=30.50, bar low=25.17, decline=17.5% over prior 10 bars (threshold >= 3.0%)",91.18,252.2,71,True,[DISQUALIFIED] Score: 35.0/100.0 | DISQUALIFIED: Failed all mechanical trend & momentum filters.,https://www.tradingview.com/chart/?symbol=NSE%3AFIBERWEB&interval=D,https://www.tradingview.com/chart/?symbol=NSE%3AFIBERWEB&interval=W,https://www.tradingview.com/chart/?symbol=NSE%3AFIBERWEB&interval=75,pending,data/research_datasets/20260824,2026-08-24 10:05:13 UTC
DNAMEDIA,DNAMEDIA.NS,Diligent Media Corporation Limited,2026-08-21,900,DISQUALIFIED,True,False,35.0,True,Failed all mechanical trend & momentum filters.,False,False,False,False,False,False,2.6,41.5,2.79,2.9,,,1.17,0.182,,2.26,1.26,0.45,False,False,False,False,Spring,2026-08-17,False,False,True,False,133,"Bar vol_ratio=1.55x, spread_ratio=2.64x, close_pos=0.75. Candidate Spring: low=2.28 undercut prior support=2.57 by 11.28%, closed back above support at 2.69 (close pos=0.75, volume 1.55x avg, spread 2.64x ATR)",10.68,310.8,10,True,[DISQUALIFIED] Score: 35.0/100.0 | DISQUALIFIED: Failed all mechanical trend & momentum filters.,https://www.tradingview.com/chart/?symbol=NSE%3ADNAMEDIA&interval=D,https://www.tradingview.com/chart/?symbol=NSE%3ADNAMEDIA&interval=W,https://www.tradingview.com/chart/?symbol=NSE%3ADNAMEDIA&interval=75,pending,data/research_datasets/20260824,2026-08-24 10:05:13 UTC
CMSINFO,CMSINFO.NS,CMS Info Systems Limited,2026-08-21,901,DISQUALIFIED,True,False,35.0,True,Failed all mechanical trend & momentum filters.,False,False,False,False,False,True,247.0,36.8,274.6,287.64,,,1.09,0.167,,0.84,0.64,0.27,False,False,False,False,Spring,2026-08-17,False,False,True,False,133,"Bar vol_ratio=1.84x, spread_ratio=1.27x, close_pos=0.16. Candidate Spring: low=252.30 undercut prior support=253.40 by 0.43%, closed back above support at 254.35 (close pos=0.16, volume 1.84x avg, spread 1.27x ATR)",590.65,139.1,19,True,[DISQUALIFIED] Score: 35.0/100.0 | DISQUALIFIED: Failed all mechanical trend & momentum filters.,https://www.tradingview.com/chart/?symbol=NSE%3ACMSINFO&interval=D,https://www.tradingview.com/chart/?symbol=NSE%3ACMSINFO&interval=W,https://www.tradingview.com/chart/?symbol=NSE%3ACMSINFO&interval=75,pending,data/research_datasets/20260824,2026-08-24 10:05:13 UTC
UJJIVANSFB,UJJIVANSFB.NS,Ujjivan Small Finance Bank Limited,2026-08-21,901,DISQUALIFIED,True,True,33.0,True,Most recent event is UTAD (Upthrust After Distribution / potential distribution phase).,True,True,True,True,True,True,72.07,61.3,65.28,60.93,,,0.86,0.054,,0.47,0.41,0.3,False,True,False,False,UTAD,2026-07-27,False,False,False,True,110,"Bar vol_ratio=1.62x, spread_ratio=0.75x, close_pos=0.21. Candidate UTAD: intrabar high=73.29 exceeded range resistance=72.24 (+1.45%), closed back below at 71.57 (close pos=0.21), elevated volume 1.62x avg (threshold >= 1.5x), spread 0.75x ATR",74.62,3.5,12,False,[DISQUALIFIED] Score: 33.0/100.0 | DISQUALIFIED: Most recent event is UTAD (Upthrust After Distribution / potential distribution phase).,https://www.tradingview.com/chart/?symbol=NSE%3AUJJIVANSFB&interval=D,https://www.tradingview.com/chart/?symbol=NSE%3AUJJIVANSFB&interval=W,https://www.tradingview.com/chart/?symbol=NSE%3AUJJIVANSFB&interval=75,pending,data/research_datasets/20260824,2026-08-24 10:05:13 UTC
NAM-INDIA,NAM-INDIA.NS,Nippon Life India Asset Management Limited,2026-08-21,901,DISQUALIFIED,True,True,33.0,True,Most recent event is UTAD (Upthrust After Distribution / potential distribution phase).,True,True,True,True,True,True,1251.0,63.3,1175.64,1099.98,,,0.97,0.093,,1.44,1.13,0.69,False,False,False,False,UTAD,2026-08-20,False,False,False,True,101,"Bar vol_ratio=3.05x, spread_ratio=1.40x, close_pos=0.25. Candidate UTAD: intrabar high=1266.20 exceeded range resistance=1233.50 (+2.65%), closed back below at 1232.50 (close pos=0.25), elevated volume 3.05x avg (threshold >= 1.5x), spread 1.40x ATR",1254.0,0.2,9,False,[DISQUALIFIED] Score: 33.0/100.0 | DISQUALIFIED: Most recent event is UTAD (Upthrust After Distribution / potential distribution phase).,https://www.tradingview.com/chart/?symbol=NSE%3ANAM-INDIA&interval=D,https://www.tradingview.com/chart/?symbol=NSE%3ANAM-INDIA&interval=W,https://www.tradingview.com/chart/?symbol=NSE%3ANAM-INDIA&interval=75,pending,data/research_datasets/20260824,2026-08-24 10:05:13 UTC
DATAPATTNS,DATAPATTNS.NS,Data Patterns (India) Limited,2026-08-21,901,DISQUALIFIED,True,True,33.0,True,Most recent event is UTAD (Upthrust After Distribution / potential distribution phase).,True,True,True,True,True,True,4829.9,62.7,4485.18,4191.06,,,0.89,0.127,,2.62,1.5,0.37,False,False,False,False,UTAD,2026-08-21,False,False,False,True,112,"Bar vol_ratio=2.62x, spread_ratio=1.50x, close_pos=0.37. Candidate UTAD: intrabar high=5000.00 exceeded range resistance=4945.12 (+1.11%), closed back below at 4829.90 (close pos=0.37), elevated volume 2.62x avg (threshold >= 1.5x), spread 1.50x ATR",5067.56,4.9,20,False,[DISQUALIFIED] Score: 33.0/100.0 | DISQUALIFIED: Most recent event is UTAD (Upthrust After Distribution / potential distribution phase).,https://www.tradingview.com/chart/?symbol=NSE%3ADATAPATTNS&interval=D,https://www.tradingview.com/chart/?symbol=NSE%3ADATAPATTNS&interval=W,https://www.tradingview.com/chart/?symbol=NSE%3ADATAPATTNS&interval=75,pending,data/research_datasets/20260824,2026-08-24 10:05:13 UTC
UNITDSPR,UNITDSPR.NS,United Spirits Limited,2026-08-21,901,DISQUALIFIED,True,True,32.5,True,Most recent event is UTAD (Upthrust After Distribution / potential distribution phase).,False,True,True,True,True,True,1556.0,65.8,1430.09,1354.66,,,0.88,0.044,,1.24,1.29,0.8,False,False,False,False,UTAD,2026-07-29,False,False,False,True,106,"Bar vol_ratio=1.73x, spread_ratio=1.29x, close_pos=0.24. Candidate UTAD: intrabar high=1536.80 exceeded range resistance=1511.90 (+1.65%), closed back below at 1504.40 (close pos=0.24), elevated volume 1.73x avg (threshold >= 1.5x), spread 1.29x ATR",2033.25,30.7,26,False,[DISQUALIFIED] Score: 32.5/100.0 | DISQUALIFIED: Most recent event is UTAD (Upthrust After Distribution / potential distribution phase).,https://www.tradingview.com/chart/?symbol=NSE%3AUNITDSPR&interval=D,https://www.tradingview.com/chart/?symbol=NSE%3AUNITDSPR&interval=W,https://www.tradingview.com/chart/?symbol=NSE%3AUNITDSPR&interval=75,pending,data/research_datasets/20260824,2026-08-24 10:05:13 UTC
UNIONBANK,UNIONBANK.NS,Union Bank of India,2026-08-21,901,DISQUALIFIED,True,True,32.5,True,Most recent event is UTAD (Upthrust After Distribution / potential distribution phase).,True,True,True,False,False,True,183.45,58.2,172.77,169.45,,,1.01,0.152,,0.58,0.65,0.34,False,False,False,False,UTAD,2026-07-21,False,False,False,True,128,"Bar vol_ratio=1.78x, spread_ratio=1.22x, close_pos=0.45. Candidate UTAD: intrabar high=179.40 exceeded range resistance=177.49 (+1.08%), closed back below at 176.11 (close pos=0.45), elevated volume 1.78x avg (threshold >= 1.5x), spread 1.22x ATR",267.77,46.0,33,False,[DISQUALIFIED] Score: 32.5/100.0 | DISQUALIFIED: Most recent event is UTAD (Upthrust After Distribution / potential distribution phase).,https://www.tradingview.com/chart/?symbol=NSE%3AUNIONBANK&interval=D,https://www.tradingview.com/chart/?symbol=NSE%3AUNIONBANK&interval=W,https://www.tradingview.com/chart/?symbol=NSE%3AUNIONBANK&interval=75,pending,data/research_datasets/20260824,2026-08-24 10:05:13 UTC
SUNPHARMA,SUNPHARMA.NS,Sun Pharmaceutical Industries Limited,2026-08-21,901,DISQUALIFIED,True,True,32.5,True,Most recent event is UTAD (Upthrust After Distribution / potential distribution phase).,True,False,False,True,False,True,1902.4,43.1,1912.14,1843.93,,,0.96,0.072,,0.64,1.03,0.57,False,False,False,False,UTAD,2026-07-31,False,False,False,True,120,"Bar vol_ratio=1.95x, spread_ratio=2.41x, close_pos=0.31. Candidate UTAD: intrabar high=2046.90 exceeded range resistance=2017.30 (+1.47%), closed back below at 1990.50 (close pos=0.31), elevated volume 1.95x avg (threshold >= 1.5x), spread 2.41x ATR",3161.73,66.2,46,False,[DISQUALIFIED] Score: 32.5/100.0 | DISQUALIFIED: Most recent event is UTAD (Upthrust After Distribution / potential distribution phase).,https://www.tradingview.com/chart/?symbol=NSE%3ASUNPHARMA&interval=D,https://www.tradingview.com/chart/?symbol=NSE%3ASUNPHARMA&interval=W,https://www.tradingview.com/chart/?symbol=NSE%3ASUNPHARMA&interval=75,pending,data/research_datasets/20260824,2026-08-24 10:05:13 UTC
STYL,STYL.NS,Seshaasai Technologies Limited,2026-08-21,224,DISQUALIFIED,True,True,32.5,True,Most recent event is UTAD (Upthrust After Distribution / potential distribution phase).,True,True,True,False,False,True,392.55,55.1,355.38,303.86,,,1.06,0.266,,0.54,0.92,0.32,False,False,False,False,UTAD,2026-08-13,False,False,False,True,54,"Bar vol_ratio=1.74x, spread_ratio=1.28x, close_pos=0.37. Candidate UTAD: intrabar high=431.13 exceeded range resistance=422.08 (+2.14%), closed back below at 414.63 (close pos=0.37), elevated volume 1.74x avg (threshold >= 1.5x), spread 1.28x ATR",485.8,23.8,15,False,[DISQUALIFIED] Score: 32.5/100.0 | DISQUALIFIED: Most recent event is UTAD (Upthrust After Distribution / potential distribution phase).,https://www.tradingview.com/chart/?symbol=NSE%3ASTYL&interval=D,https://www.tradingview.com/chart/?symbol=NSE%3ASTYL&interval=W,https://www.tradingview.com/chart/?symbol=NSE%3ASTYL&interval=75,pending,data/research_datasets/20260824,2026-08-24 10:05:13 UTC
SIS,SIS.NS,SIS LIMITED,2026-08-21,900,DISQUALIFIED,True,True,32.5,True,Most recent event is UTAD (Upthrust After Distribution / potential distribution phase).,True,False,False,True,False,True,417.75,42.0,430.02,399.26,,,0.93,0.076,,1.14,0.85,0.59,False,False,False,False,UTAD,2026-06-24,False,False,False,True,135,"Bar vol_ratio=14.41x, spread_ratio=2.53x, close_pos=0.20. Candidate UTAD: intrabar high=480.95 exceeded range resistance=444.30 (+8.25%), closed back below at 441.50 (close pos=0.20), elevated volume 14.41x avg (threshold >= 1.5x), spread 2.53x ATR",1177.75,181.9,50,False,[DISQUALIFIED] Score: 32.5/100.0 | DISQUALIFIED: Most recent event is UTAD (Upthrust After Distribution / potential distribution phase).,https://www.tradingview.com/chart/?symbol=NSE%3ASIS&interval=D,https://www.tradingview.com/chart/?symbol=NSE%3ASIS&interval=W,https://www.tradingview.com/chart/?symbol=NSE%3ASIS&interval=75,pending,data/research_datasets/20260824,2026-08-24 10:05:13 UTC
SARLAPOLY,SARLAPOLY.NS,Sarla Performance Fibers Limited,2026-08-21,901,DISQUALIFIED,True,False,32.5,True,Most recent event is UTAD (Upthrust After Distribution / potential distribution phase).,True,False,False,True,True,False,97.89,42.5,99.48,95.38,,,0.97,0.056,,0.64,0.65,0.36,False,False,False,False,UTAD,2026-08-06,False,False,False,True,153,"Bar vol_ratio=4.04x, spread_ratio=2.44x, close_pos=0.06. Candidate UTAD: intrabar high=111.00 exceeded range resistance=105.96 (+4.75%), closed back below at 102.15 (close pos=0.06), elevated volume 4.04x avg (threshold >= 1.5x), spread 2.44x ATR",146.69,49.9,65,False,[DISQUALIFIED] Score: 32.5/100.0 | DISQUALIFIED: Most recent event is UTAD (Upthrust After Distribution / potential distribution phase).,https://www.tradingview.com/chart/?symbol=NSE%3ASARLAPOLY&interval=D,https://www.tradingview.com/chart/?symbol=NSE%3ASARLAPOLY&interval=W,https://www.tradingview.com/chart/?symbol=NSE%3ASARLAPOLY&interval=75,pending,data/research_datasets/20260824,2026-08-24 10:05:13 UTC
SAHYADRI,SAHYADRI.NS,Sahyadri Industries Limited,2026-08-21,835,DISQUALIFIED,True,True,32.5,True,Most recent event is UTAD (Upthrust After Distribution / potential distribution phase).,True,True,True,False,False,True,374.05,69.8,301.82,285.06,,,1.38,0.36,,0.22,0.63,0.34,False,False,False,False,UTAD,2026-08-13,False,False,False,True,117,"Bar vol_ratio=6.00x, spread_ratio=1.91x, close_pos=0.56. Candidate UTAD: intrabar high=376.47 exceeded range resistance=372.50 (+1.07%), closed back below at 362.62 (close pos=0.56), elevated volume 6.00x avg (threshold >= 1.5x), spread 1.91x ATR",684.55,83.0,27,False,[DISQUALIFIED] Score: 32.5/100.0 | DISQUALIFIED: Most recent event is UTAD (Upthrust After Distribution / potential distribution phase).,https://www.tradingview.com/chart/?symbol=NSE%3ASAHYADRI&interval=D,https://www.tradingview.com/chart/?symbol=NSE%3ASAHYADRI&interval=W,https://www.tradingview.com/chart/?symbol=NSE%3ASAHYADRI&interval=75,pending,data/research_datasets/20260824,2026-08-24 10:05:13 UTC
POONAWALLA,POONAWALLA.NS,Poonawalla Fincorp Limited,2026-08-21,901,DISQUALIFIED,True,True,32.5,True,Most recent event is UTAD (Upthrust After Distribution / potential distribution phase).,False,True,True,True,False,True,490.05,56.3,463.0,436.26,,,0.95,0.098,,0.57,0.75,0.12,False,False,False,False,UTAD,2026-08-14,False,False,False,True,111,"Bar vol_ratio=1.71x, spread_ratio=1.20x, close_pos=0.27. Candidate UTAD: intrabar high=511.90 exceeded range resistance=505.00 (+1.37%), closed back below at 497.90 (close pos=0.27), elevated volume 1.71x avg (threshold >= 1.5x), spread 1.20x ATR",1244.95,154.0,52,False,[DISQUALIFIED] Score: 32.5/100.0 | DISQUALIFIED: Most recent event is UTAD (Upthrust After Distribution / potential distribution phase).,https://www.tradingview.com/chart/?symbol=NSE%3APOONAWALLA&interval=D,https://www.tradingview.com/chart/?symbol=NSE%3APOONAWALLA&interval=W,https://www.tradingview.com/chart/?symbol=NSE%3APOONAWALLA&interval=75,pending,data/research_datasets/20260824,2026-08-24 10:05:13 UTC
PETRONET,PETRONET.NS,Petronet LNG Limited,2026-08-21,901,DISQUALIFIED,True,True,32.5,True,Most recent event is UTAD (Upthrust After Distribution / potential distribution phase).,True,True,True,False,False,True,293.0,66.3,280.76,274.93,,,1.03,0.07,,0.9,0.62,0.87,False,False,False,False,UTAD,2026-06-16,False,False,False,True,68,"Bar vol_ratio=1.51x, spread_ratio=1.08x, close_pos=0.84. Candidate UTAD: intrabar high=291.80 exceeded range resistance=291.00 (+0.27%), closed back below at 290.55 (close pos=0.84), elevated volume 1.51x avg (threshold >= 1.5x), spread 1.08x ATR",572.87,95.5,51,False,[DISQUALIFIED] Score: 32.5/100.0 | DISQUALIFIED: Most recent event is UTAD (Upthrust After Distribution / potential distribution phase).,https://www.tradingview.com/chart/?symbol=NSE%3APETRONET&interval=D,https://www.tradingview.com/chart/?symbol=NSE%3APETRONET&interval=W,https://www.tradingview.com/chart/?symbol=NSE%3APETRONET&interval=75,pending,data/research_datasets/20260824,2026-08-24 10:05:13 UTC
OMAXE,OMAXE.NS,Omaxe Limited,2026-08-21,900,DISQUALIFIED,True,True,32.5,True,Most recent event is UTAD (Upthrust After Distribution / potential distribution phase).,True,True,True,False,False,True,102.55,67.0,87.35,82.91,,,1.21,0.322,,0.43,0.75,0.37,False,False,False,False,UTAD,2026-08-14,False,False,False,True,117,"Bar vol_ratio=8.51x, spread_ratio=2.82x, close_pos=0.28. Candidate UTAD: intrabar high=108.61 exceeded range resistance=101.00 (+7.53%), closed back below at 99.14 (close pos=0.28), elevated volume 8.51x avg (threshold >= 1.5x), spread 2.82x ATR",349.5,240.8,90,False,[DISQUALIFIED] Score: 32.5/100.0 | DISQUALIFIED: Most recent event is UTAD (Upthrust After Distribution / potential distribution phase).,https://www.tradingview.com/chart/?symbol=NSE%3AOMAXE&interval=D,https://www.tradingview.com/chart/?symbol=NSE%3AOMAXE&interval=W,https://www.tradingview.com/chart/?symbol=NSE%3AOMAXE&interval=75,pending,data/research_datasets/20260824,2026-08-24 10:05:13 UTC
NEOGEN,NEOGEN.NS,Neogen Chemicals Limited,2026-08-21,901,DISQUALIFIED,True,True,32.5,True,Most recent event is UTAD (Upthrust After Distribution / potential distribution phase).,True,True,True,False,False,True,2230.1,57.5,2069.08,1866.61,,,1.11,0.204,,0.64,0.86,0.43,False,False,False,False,UTAD,2026-08-18,False,False,False,True,140,"Bar vol_ratio=5.97x, spread_ratio=2.26x, close_pos=0.36. Candidate UTAD: intrabar high=2483.90 exceeded range resistance=2372.85 (+4.68%), closed back below at 2328.50 (close pos=0.36), elevated volume 5.97x avg (threshold >= 1.5x), spread 2.26x ATR",3315.11,48.7,42,False,[DISQUALIFIED] Score: 32.5/100.0 | DISQUALIFIED: Most recent event is UTAD (Upthrust After Distribution / potential distribution phase).,https://www.tradingview.com/chart/?symbol=NSE%3ANEOGEN&interval=D,https://www.tradingview.com/chart/?symbol=NSE%3ANEOGEN&interval=W,https://www.tradingview.com/chart/?symbol=NSE%3ANEOGEN&interval=75,pending,data/research_datasets/20260824,2026-08-24 10:05:13 UTC
MRPL,MRPL.NS,Mangalore Refinery and Petrochemicals Limited,2026-08-21,901,DISQUALIFIED,True,True,32.5,True,Most recent event is UTAD (Upthrust After Distribution / potential distribution phase).,True,True,True,False,True,True,176.81,56.6,163.94,163.59,,,1.04,0.134,,0.49,0.45,0.89,False,True,False,False,UTAD,2026-08-18,False,False,False,True,101,"Bar vol_ratio=3.52x, spread_ratio=1.64x, close_pos=0.10. Candidate UTAD: intrabar high=189.00 exceeded range resistance=183.00 (+3.28%), closed back below at 177.44 (close pos=0.10), elevated volume 3.52x avg (threshold >= 1.5x), spread 1.64x ATR",312.06,76.5,46,False,[DISQUALIFIED] Score: 32.5/100.0 | DISQUALIFIED: Most recent event is UTAD (Upthrust After Distribution / potential distribution phase).,https://www.tradingview.com/chart/?symbol=NSE%3AMRPL&interval=D,https://www.tradingview.com/chart/?symbol=NSE%3AMRPL&interval=W,https://www.tradingview.com/chart/?symbol=NSE%3AMRPL&interval=75,pending,data/research_datasets/20260824,2026-08-24 10:05:13 UTC
METROPOLIS,METROPOLIS.NS,Metropolis Healthcare Limited,2026-08-21,901,DISQUALIFIED,True,True,32.5,True,Most recent event is UTAD (Upthrust After Distribution / potential distribution phase).,True,False,False,True,False,True,556.95,48.3,559.51,531.59,,,0.96,0.112,,1.68,1.12,0.82,False,False,False,False,UTAD,2026-07-29,False,False,False,True,114,"Bar vol_ratio=1.58x, spread_ratio=0.86x, close_pos=0.54. Candidate UTAD: intrabar high=598.80 exceeded range resistance=594.00 (+0.81%), closed back below at 591.60 (close pos=0.54), elevated volume 1.58x avg (threshold >= 1.5x), spread 0.86x ATR",1098.35,97.2,37,False,[DISQUALIFIED] Score: 32.5/100.0 | DISQUALIFIED: Most recent event is UTAD (Upthrust After Distribution / potential distribution phase).,https://www.tradingview.com/chart/?symbol=NSE%3AMETROPOLIS&interval=D,https://www.tradingview.com/chart/?symbol=NSE%3AMETROPOLIS&interval=W,https://www.tradingview.com/chart/?symbol=NSE%3AMETROPOLIS&interval=75,pending,data/research_datasets/20260824,2026-08-24 10:05:13 UTC
MEGASTAR,MEGASTAR.NS,Megastar Foods Limited,2026-08-21,900,DISQUALIFIED,True,False,32.5,True,Most recent event is UTAD (Upthrust After Distribution / potential distribution phase).,True,False,False,True,True,False,305.7,37.8,339.0,316.28,,,0.82,0.134,,0.36,0.49,0.26,False,False,True,False,SC,2026-07-13,False,False,False,False,110,"Bar vol_ratio=2.32x, spread_ratio=1.87x, close_pos=0.22. Candidate SC: volume 2.32x 20-period avg (threshold >= 2.0x), spread 1.87x 20-period ATR (threshold >= 1.5x), down-close (Open=384.35, Close=366.45, close pos=0.22), Prior peak=386.00, bar low=359.10, decline=7.0% over prior 10 bars (threshold >= 3.0%)",723.85,136.8,70,False,[DISQUALIFIED] Score: 32.5/100.0 | DISQUALIFIED: Most recent event is UTAD (Upthrust After Distribution / potential distribution phase).,https://www.tradingview.com/chart/?symbol=NSE%3AMEGASTAR&interval=D,https://www.tradingview.com/chart/?symbol=NSE%3AMEGASTAR&interval=W,https://www.tradingview.com/chart/?symbol=NSE%3AMEGASTAR&interval=75,pending,data/research_datasets/20260824,2026-08-24 10:05:13 UTC
LUMAXIND,LUMAXIND.NS,Lumax Industries Limited,2026-08-21,900,DISQUALIFIED,True,True,32.5,True,Most recent event is UTAD (Upthrust After Distribution / potential distribution phase).,True,True,True,False,False,True,5880.0,61.9,5385.44,5340.35,,,1.22,0.211,,0.58,0.88,0.79,False,False,False,False,UTAD,2026-08-12,False,False,False,True,119,"Bar vol_ratio=1.60x, spread_ratio=1.53x, close_pos=0.28. Candidate UTAD: intrabar high=6189.00 exceeded range resistance=6090.00 (+1.63%), closed back below at 5966.00 (close pos=0.28), elevated volume 1.60x avg (threshold >= 1.5x), spread 1.53x ATR",7511.75,27.8,36,False,[DISQUALIFIED] Score: 32.5/100.0 | DISQUALIFIED: Most recent event is UTAD (Upthrust After Distribution / potential distribution phase).,https://www.tradingview.com/chart/?symbol=NSE%3ALUMAXIND&interval=D,https://www.tradingview.com/chart/?symbol=NSE%3ALUMAXIND&interval=W,https://www.tradingview.com/chart/?symbol=NSE%3ALUMAXIND&interval=75,pending,data/research_datasets/20260824,2026-08-24 10:05:13 UTC
IVALUE,IVALUE.NS,Ivalue Infosolutions Limited,2026-08-21,226,DISQUALIFIED,True,True,32.5,True,Most recent event is UTAD (Upthrust After Distribution / potential distribution phase).,False,True,True,True,True,True,286.8,57.5,281.17,263.73,,,0.72,0.063,,0.86,1.39,0.63,False,False,False,False,AR,2026-07-01,False,False,False,False,19,"Bar vol_ratio=3.64x, spread_ratio=1.55x, close_pos=0.24. Candidate AR: up bar 1 bar(s) after SC (SC date=2026-06-30 00:00:00, SC price=265.54), Open=271.10, Close=274.65, close pos=0.24, volume 3.64x avg (threshold >= 1.0x), spread 1.55x ATR",451.42,57.4,30,False,[DISQUALIFIED] Score: 32.5/100.0 | DISQUALIFIED: Most recent event is UTAD (Upthrust After Distribution / potential distribution phase).,https://www.tradingview.com/chart/?symbol=NSE%3AIVALUE&interval=D,https://www.tradingview.com/chart/?symbol=NSE%3AIVALUE&interval=W,https://www.tradingview.com/chart/?symbol=NSE%3AIVALUE&interval=75,pending,data/research_datasets/20260824,2026-08-24 10:05:13 UTC
GEMAROMA,GEMAROMA.NS,Gem Aromatics Limited,2026-08-21,247,DISQUALIFIED,True,True,32.5,True,Most recent event is UTAD (Upthrust After Distribution / potential distribution phase).,True,False,False,True,False,True,175.79,46.5,184.91,172.68,,,0.88,0.174,,0.75,0.78,0.13,False,False,False,False,UTAD,2026-06-29,False,False,False,True,29,"Bar vol_ratio=1.86x, spread_ratio=1.31x, close_pos=0.78. Candidate UTAD: intrabar high=195.90 exceeded range resistance=193.75 (+1.11%), closed back below at 193.43 (close pos=0.78), elevated volume 1.86x avg (threshold >= 1.5x), spread 1.31x ATR",361.15,105.4,12,False,[DISQUALIFIED] Score: 32.5/100.0 | DISQUALIFIED: Most recent event is UTAD (Upthrust After Distribution / potential distribution phase).,https://www.tradingview.com/chart/?symbol=NSE%3AGEMAROMA&interval=D,https://www.tradingview.com/chart/?symbol=NSE%3AGEMAROMA&interval=W,https://www.tradingview.com/chart/?symbol=NSE%3AGEMAROMA&interval=75,pending,data/research_datasets/20260824,2026-08-24 10:05:13 UTC
DICIND,DICIND.NS,DIC India Limited,2026-08-21,899,DISQUALIFIED,True,True,32.5,True,Most recent event is UTAD (Upthrust After Distribution / potential distribution phase).,True,True,True,False,False,True,593.9,68.1,523.68,521.74,,,1.24,0.26,,0.77,1.04,0.3,False,False,False,False,UTAD,2026-08-17,False,False,False,True,106,"Bar vol_ratio=2.99x, spread_ratio=2.34x, close_pos=0.42. Candidate UTAD: intrabar high=630.95 exceeded range resistance=606.95 (+3.95%), closed back below at 591.95 (close pos=0.42), elevated volume 2.99x avg (threshold >= 1.5x), spread 2.34x ATR",1935.1,225.8,95,False,[DISQUALIFIED] Score: 32.5/100.0 | DISQUALIFIED: Most recent event is UTAD (Upthrust After Distribution / potential distribution phase).,https://www.tradingview.com/chart/?symbol=NSE%3ADICIND&interval=D,https://www.tradingview.com/chart/?symbol=NSE%3ADICIND&interval=W,https://www.tradingview.com/chart/?symbol=NSE%3ADICIND&interval=75,pending,data/research_datasets/20260824,2026-08-24 10:05:13 UTC
CENTENKA,CENTENKA.NS,Century Enka Limited,2026-08-21,900,DISQUALIFIED,True,True,32.5,True,Most recent event is UTAD (Upthrust After Distribution / potential distribution phase).,True,True,False,True,True,True,569.15,49.6,546.9,496.12,,,0.75,0.097,,0.17,0.96,0.5,False,False,False,False,UTAD,2026-07-29,False,False,False,True,145,"Bar vol_ratio=7.24x, spread_ratio=2.30x, close_pos=0.07. Candidate UTAD: intrabar high=659.42 exceeded range resistance=641.11 (+2.86%), closed back below at 600.12 (close pos=0.07), elevated volume 7.24x avg (threshold >= 1.5x), spread 2.30x ATR",1142.67,100.8,43,False,[DISQUALIFIED] Score: 32.5/100.0 | DISQUALIFIED: Most recent event is UTAD (Upthrust After Distribution / potential distribution phase).,https://www.tradingview.com/chart/?symbol=NSE%3ACENTENKA&interval=D,https://www.tradingview.com/chart/?symbol=NSE%3ACENTENKA&interval=W,https://www.tradingview.com/chart/?symbol=NSE%3ACENTENKA&interval=75,pending,data/research_datasets/20260824,2026-08-24 10:05:13 UTC
ZENTEC,ZENTEC.NS,Zen Technologies Limited,2026-08-21,901,DISQUALIFIED,True,True,30.0,True,Most recent event is UTAD (Upthrust After Distribution / potential distribution phase).,True,True,True,True,False,True,1926.3,63.5,1801.0,1712.53,,,0.99,0.258,,0.93,1.09,0.54,False,False,False,False,UTAD,2026-08-19,False,False,False,True,79,"Bar vol_ratio=1.68x, spread_ratio=1.82x, close_pos=0.09. Candidate UTAD: intrabar high=2042.63 exceeded range resistance=2022.94 (+0.97%), closed back below at 1931.59 (close pos=0.09), elevated volume 1.68x avg (threshold >= 1.5x), spread 1.82x ATR",2146.35,11.4,43,True,[DISQUALIFIED] Score: 30.0/100.0 | DISQUALIFIED: Most recent event is UTAD (Upthrust After Distribution / potential distribution phase).,https://www.tradingview.com/chart/?symbol=NSE%3AZENTEC&interval=D,https://www.tradingview.com/chart/?symbol=NSE%3AZENTEC&interval=W,https://www.tradingview.com/chart/?symbol=NSE%3AZENTEC&interval=75,pending,data/research_datasets/20260824,2026-08-24 10:05:13 UTC
VISHNU,VISHNU.NS,Vishnu Chemicals Limited,2026-08-21,901,DISQUALIFIED,True,True,30.0,True,Most recent event is UTAD (Upthrust After Distribution / potential distribution phase).,True,True,True,True,False,True,629.25,58.4,610.96,596.09,,,0.86,0.112,,0.35,0.53,0.45,False,True,False,False,UTAD,2026-07-21,False,False,False,True,91,"Bar vol_ratio=7.86x, spread_ratio=1.82x, close_pos=0.20. Candidate UTAD: intrabar high=669.68 exceeded range resistance=651.69 (+2.76%), closed back below at 640.14 (close pos=0.20), elevated volume 7.86x avg (threshold >= 1.5x), spread 1.82x ATR",707.07,12.4,21,True,[DISQUALIFIED] Score: 30.0/100.0 | DISQUALIFIED: Most recent event is UTAD (Upthrust After Distribution / potential distribution phase).,https://www.tradingview.com/chart/?symbol=NSE%3AVISHNU&interval=D,https://www.tradingview.com/chart/?symbol=NSE%3AVISHNU&interval=W,https://www.tradingview.com/chart/?symbol=NSE%3AVISHNU&interval=75,pending,data/research_datasets/20260824,2026-08-24 10:05:13 UTC
TIMEX,TIMEX.NS,Timex Group India Limited,2026-08-21,86,DISQUALIFIED,True,False,30.0,True,Most recent event is UTAD (Upthrust After Distribution / potential distribution phase).,False,False,True,True,False,True,599.95,64.0,539.65,,,,0.92,0.132,,1.47,0.64,0.38,False,False,False,False,UTAD,2026-07-23,False,False,False,True,4,"Bar vol_ratio=4.67x, spread_ratio=2.56x, close_pos=0.33. Candidate UTAD: intrabar high=618.00 exceeded range resistance=591.80 (+4.43%), closed back below at 573.75 (close pos=0.33), elevated volume 4.67x avg (threshold >= 1.5x), spread 2.56x ATR",472.95,-21.2,9,True,[DISQUALIFIED] Score: 30.0/100.0 | DISQUALIFIED: Most recent event is UTAD (Upthrust After Distribution / potential distribution phase).,https://www.tradingview.com/chart/?symbol=NSE%3ATIMEX&interval=D,https://www.tradingview.com/chart/?symbol=NSE%3ATIMEX&interval=W,https://www.tradingview.com/chart/?symbol=NSE%3ATIMEX&interval=75,pending,data/research_datasets/20260824,2026-08-24 10:05:13 UTC
SWARAJ,SWARAJ.NS,Swaraj Suiting Limited,2026-08-21,898,DISQUALIFIED,True,True,30.0,True,Most recent event is UTAD (Upthrust After Distribution / potential distribution phase).,True,True,True,True,True,True,367.6,58.4,329.99,301.01,,,0.75,0.062,,0.6,0.66,0.23,False,False,False,False,UTAD,2026-08-13,False,False,False,True,143,"Bar vol_ratio=1.73x, spread_ratio=0.43x, close_pos=0.34. Candidate UTAD: intrabar high=374.90 exceeded range resistance=373.00 (+0.51%), closed back below at 371.50 (close pos=0.34), elevated volume 1.73x avg (threshold >= 1.5x), spread 0.43x ATR",287.1,-21.9,47,False,[DISQUALIFIED] Score: 30.0/100.0 | DISQUALIFIED: Most recent event is UTAD (Upthrust After Distribution / potential distribution phase).,https://www.tradingview.com/chart/?symbol=NSE%3ASWARAJ&interval=D,https://www.tradingview.com/chart/?symbol=NSE%3ASWARAJ&interval=W,https://www.tradingview.com/chart/?symbol=NSE%3ASWARAJ&interval=75,pending,data/research_datasets/20260824,2026-08-24 10:05:13 UTC
SPORTKING,SPORTKING.NS,Sportking India Limited,2026-08-21,900,DISQUALIFIED,True,True,30.0,True,Most recent event is UTAD (Upthrust After Distribution / potential distribution phase).,True,True,True,True,True,True,213.07,56.3,195.8,175.17,,,0.99,0.141,,0.2,0.63,0.85,False,False,False,False,UTAD,2026-07-23,False,False,False,True,123,"Bar vol_ratio=1.81x, spread_ratio=1.66x, close_pos=0.49. Candidate UTAD: intrabar high=214.00 exceeded range resistance=209.90 (+1.95%), closed back below at 206.87 (close pos=0.49), elevated volume 1.81x avg (threshold >= 1.5x), spread 1.66x ATR",216.07,1.4,44,True,[DISQUALIFIED] Score: 30.0/100.0 | DISQUALIFIED: Most recent event is UTAD (Upthrust After Distribution / potential distribution phase).,https://www.tradingview.com/chart/?symbol=NSE%3ASPORTKING&interval=D,https://www.tradingview.com/chart/?symbol=NSE%3ASPORTKING&interval=W,https://www.tradingview.com/chart/?symbol=NSE%3ASPORTKING&interval=75,pending,data/research_datasets/20260824,2026-08-24 10:05:13 UTC
SKIPPER,SKIPPER.NS,Skipper Limited,2026-08-21,900,DISQUALIFIED,True,True,30.0,True,Most recent event is UTAD (Upthrust After Distribution / potential distribution phase).,True,True,True,True,False,True,554.0,56.8,541.34,505.19,,,1.0,0.1,,1.04,0.61,0.23,False,False,False,False,UTAD,2026-07-06,False,False,False,True,107,"Bar vol_ratio=1.81x, spread_ratio=1.92x, close_pos=0.16. Candidate UTAD: intrabar high=593.00 exceeded range resistance=582.90 (+1.73%), closed back below at 561.55 (close pos=0.16), elevated volume 1.81x avg (threshold >= 1.5x), spread 1.92x ATR",617.3,11.4,45,True,[DISQUALIFIED] Score: 30.0/100.0 | DISQUALIFIED: Most recent event is UTAD (Upthrust After Distribution / potential distribution phase).,https://www.tradingview.com/chart/?symbol=NSE%3ASKIPPER&interval=D,https://www.tradingview.com/chart/?symbol=NSE%3ASKIPPER&interval=W,https://www.tradingview.com/chart/?symbol=NSE%3ASKIPPER&interval=75,pending,data/research_datasets/20260824,2026-08-24 10:05:13 UTC
SGFIN,SGFIN.NS,SG Finserve Limited,2026-08-21,262,DISQUALIFIED,True,True,30.0,True,Most recent event is UTAD (Upthrust After Distribution / potential distribution phase).,True,True,True,True,True,True,687.15,56.0,649.81,599.22,,,0.82,0.101,,0.65,0.52,0.43,False,True,False,False,UTAD,2026-07-24,False,False,False,True,38,"Bar vol_ratio=1.83x, spread_ratio=1.53x, close_pos=0.58. Candidate UTAD: intrabar high=723.60 exceeded range resistance=701.85 (+3.10%), closed back below at 696.05 (close pos=0.58), elevated volume 1.83x avg (threshold >= 1.5x), spread 1.53x ATR",693.15,0.9,19,True,[DISQUALIFIED] Score: 30.0/100.0 | DISQUALIFIED: Most recent event is UTAD (Upthrust After Distribution / potential distribution phase).,https://www.tradingview.com/chart/?symbol=NSE%3ASGFIN&interval=D,https://www.tradingview.com/chart/?symbol=NSE%3ASGFIN&interval=W,https://www.tradingview.com/chart/?symbol=NSE%3ASGFIN&interval=75,pending,data/research_datasets/20260824,2026-08-24 10:05:13 UTC
RBLBANK,RBLBANK.NS,RBL Bank Limited,2026-08-21,901,DISQUALIFIED,True,True,30.0,True,Most recent event is UTAD (Upthrust After Distribution / potential distribution phase).,True,True,True,True,True,True,392.5,63.6,373.25,352.65,,,0.77,0.092,,0.57,0.66,0.95,False,False,False,False,UTAD,2026-07-30,False,False,False,True,108,"Bar vol_ratio=2.05x, spread_ratio=1.52x, close_pos=0.66. Candidate UTAD: intrabar high=382.46 exceeded range resistance=381.36 (+0.29%), closed back below at 377.07 (close pos=0.66), elevated volume 2.05x avg (threshold >= 1.5x), spread 1.52x ATR",460.73,17.4,27,True,[DISQUALIFIED] Score: 30.0/100.0 | DISQUALIFIED: Most recent event is UTAD (Upthrust After Distribution / potential distribution phase).,https://www.tradingview.com/chart/?symbol=NSE%3ARBLBANK&interval=D,https://www.tradingview.com/chart/?symbol=NSE%3ARBLBANK&interval=W,https://www.tradingview.com/chart/?symbol=NSE%3ARBLBANK&interval=75,pending,data/research_datasets/20260824,2026-08-24 10:05:13 UTC
LALPATHLAB,LALPATHLAB.NS,Dr. Lal Path Labs Ltd.,2026-08-21,901,DISQUALIFIED,True,True,30.0,True,Most recent event is UTAD (Upthrust After Distribution / potential distribution phase).,True,True,True,True,True,True,1894.2,57.9,1763.94,1637.91,,,0.87,0.085,,0.23,0.62,0.41,False,False,False,False,UTAD,2026-06-16,False,False,False,True,113,"Bar vol_ratio=13.57x, spread_ratio=3.26x, close_pos=0.12. Candidate UTAD: intrabar high=1793.88 exceeded range resistance=1711.20 (+4.83%), closed back below at 1633.69 (close pos=0.12), elevated volume 13.57x avg (threshold >= 1.5x), spread 3.26x ATR",1910.6,0.9,22,True,[DISQUALIFIED] Score: 30.0/100.0 | DISQUALIFIED: Most recent event is UTAD (Upthrust After Distribution / potential distribution phase).,https://www.tradingview.com/chart/?symbol=NSE%3ALALPATHLAB&interval=D,https://www.tradingview.com/chart/?symbol=NSE%3ALALPATHLAB&interval=W,https://www.tradingview.com/chart/?symbol=NSE%3ALALPATHLAB&interval=75,pending,data/research_datasets/20260824,2026-08-24 10:05:13 UTC
JTLIND,JTLIND.NS,JTL INDUSTRIES LIMITED,2026-08-21,900,DISQUALIFIED,True,True,30.0,True,Most recent event is UTAD (Upthrust After Distribution / potential distribution phase).,True,True,True,True,True,True,79.52,59.0,76.88,73.72,,,0.9,0.111,,2.87,2.23,0.85,False,False,False,False,UTAD,2026-07-06,False,False,False,True,122,"Bar vol_ratio=1.67x, spread_ratio=1.13x, close_pos=0.11. Candidate UTAD: intrabar high=87.20 exceeded range resistance=84.97 (+2.62%), closed back below at 83.09 (close pos=0.11), elevated volume 1.67x avg (threshold >= 1.5x), spread 1.13x ATR",131.41,65.3,22,True,[DISQUALIFIED] Score: 30.0/100.0 | DISQUALIFIED: Most recent event is UTAD (Upthrust After Distribution / potential distribution phase).,https://www.tradingview.com/chart/?symbol=NSE%3AJTLIND&interval=D,https://www.tradingview.com/chart/?symbol=NSE%3AJTLIND&interval=W,https://www.tradingview.com/chart/?symbol=NSE%3AJTLIND&interval=75,pending,data/research_datasets/20260824,2026-08-24 10:05:13 UTC
JMA,JMA.NS,Jullundur Motor Agency (Delhi) Limited,2026-08-21,899,DISQUALIFIED,True,False,30.0,True,Most recent event is UTAD (Upthrust After Distribution / potential distribution phase).,True,True,True,True,False,False,90.73,64.2,86.81,85.6,,,0.9,0.098,,0.64,0.5,0.49,False,False,True,False,UTAD,2026-06-11,False,False,False,True,127,"Bar vol_ratio=5.84x, spread_ratio=1.38x, close_pos=0.25. Candidate UTAD: intrabar high=94.70 exceeded range resistance=93.98 (+0.77%), closed back below at 91.27 (close pos=0.25), elevated volume 5.84x avg (threshold >= 1.5x), spread 1.38x ATR",175.43,93.4,34,True,[DISQUALIFIED] Score: 30.0/100.0 | DISQUALIFIED: Most recent event is UTAD (Upthrust After Distribution / potential distribution phase).,https://www.tradingview.com/chart/?symbol=NSE%3AJMA&interval=D,https://www.tradingview.com/chart/?symbol=NSE%3AJMA&interval=W,https://www.tradingview.com/chart/?symbol=NSE%3AJMA&interval=75,pending,data/research_datasets/20260824,2026-08-24 10:05:13 UTC
JAGSNPHARM,JAGSNPHARM.NS,Jagsonpal Pharmaceuticals Limited,2026-08-21,901,DISQUALIFIED,True,True,30.0,True,Most recent event is UTAD (Upthrust After Distribution / potential distribution phase).,True,True,True,True,True,True,236.54,56.9,228.21,215.57,,,0.8,0.069,,0.11,0.62,0.61,False,False,False,False,UTAD,2026-06-30,False,False,False,True,130,"Bar vol_ratio=16.03x, spread_ratio=3.40x, close_pos=0.16. Candidate UTAD: intrabar high=264.50 exceeded range resistance=240.00 (+10.21%), closed back below at 238.10 (close pos=0.16), elevated volume 16.03x avg (threshold >= 1.5x), spread 3.40x ATR",273.54,15.6,35,True,[DISQUALIFIED] Score: 30.0/100.0 | DISQUALIFIED: Most recent event is UTAD (Upthrust After Distribution / potential distribution phase).,https://www.tradingview.com/chart/?symbol=NSE%3AJAGSNPHARM&interval=D,https://www.tradingview.com/chart/?symbol=NSE%3AJAGSNPHARM&interval=W,https://www.tradingview.com/chart/?symbol=NSE%3AJAGSNPHARM&interval=75,pending,data/research_datasets/20260824,2026-08-24 10:05:13 UTC
IRISDOREME,IRISDOREME.NS,Iris Clothings Limited,2026-08-21,899,DISQUALIFIED,True,True,30.0,True,Most recent event is UTAD (Upthrust After Distribution / potential distribution phase).,True,True,True,True,False,True,57.0,69.3,47.63,41.47,,,0.77,0.256,,1.09,1.88,0.19,False,False,False,False,UTAD,2026-08-19,False,False,False,True,116,"Bar vol_ratio=1.58x, spread_ratio=0.96x, close_pos=0.19. Candidate UTAD: intrabar high=60.18 exceeded range resistance=59.30 (+1.48%), closed back below at 58.62 (close pos=0.19), elevated volume 1.58x avg (threshold >= 1.5x), spread 0.96x ATR",63.31,11.1,36,True,[DISQUALIFIED] Score: 30.0/100.0 | DISQUALIFIED: Most recent event is UTAD (Upthrust After Distribution / potential distribution phase).,https://www.tradingview.com/chart/?symbol=NSE%3AIRISDOREME&interval=D,https://www.tradingview.com/chart/?symbol=NSE%3AIRISDOREME&interval=W,https://www.tradingview.com/chart/?symbol=NSE%3AIRISDOREME&interval=75,pending,data/research_datasets/20260824,2026-08-24 10:05:13 UTC
AEROENTER,AEROENTER.NS,Aeroflex Enterprises Limited,2026-08-21,900,DISQUALIFIED,True,True,30.0,True,Most recent event is UTAD (Upthrust After Distribution / potential distribution phase).,True,True,True,True,False,True,140.07,65.8,126.96,110.95,,,0.99,0.159,,4.29,1.52,0.88,False,False,False,False,UTAD,2026-06-23,False,False,False,True,90,"Bar vol_ratio=1.65x, spread_ratio=1.47x, close_pos=0.36. Candidate UTAD: intrabar high=149.55 exceeded range resistance=148.40 (+0.77%), closed back below at 142.94 (close pos=0.36), elevated volume 1.65x avg (threshold >= 1.5x), spread 1.47x ATR",226.23,61.5,47,True,[DISQUALIFIED] Score: 30.0/100.0 | DISQUALIFIED: Most recent event is UTAD (Upthrust After Distribution / potential distribution phase).,https://www.tradingview.com/chart/?symbol=NSE%3AAEROENTER&interval=D,https://www.tradingview.com/chart/?symbol=NSE%3AAEROENTER&interval=W,https://www.tradingview.com/chart/?symbol=NSE%3AAEROENTER&interval=75,pending,data/research_datasets/20260824,2026-08-24 10:05:13 UTC
AEQUS,AEQUS.NS,Aequs Limited,2026-08-21,176,DISQUALIFIED,True,True,30.0,True,Most recent event is UTAD (Upthrust After Distribution / potential distribution phase).,False,True,True,True,False,True,259.22,63.3,236.09,209.2,,,0.89,0.192,,0.7,0.74,0.23,False,False,False,False,UTAD,2026-07-09,False,False,False,True,24,"Bar vol_ratio=1.96x, spread_ratio=1.34x, close_pos=0.20. Candidate UTAD: intrabar high=274.39 exceeded range resistance=271.00 (+1.25%), closed back below at 258.07 (close pos=0.20), elevated volume 1.96x avg (threshold >= 1.5x), spread 1.34x ATR",289.85,11.8,17,True,[DISQUALIFIED] Score: 30.0/100.0 | DISQUALIFIED: Most recent event is UTAD (Upthrust After Distribution / potential distribution phase).,https://www.tradingview.com/chart/?symbol=NSE%3AAEQUS&interval=D,https://www.tradingview.com/chart/?symbol=NSE%3AAEQUS&interval=W,https://www.tradingview.com/chart/?symbol=NSE%3AAEQUS&interval=75,pending,data/research_datasets/20260824,2026-08-24 10:05:13 UTC
AEGISLOG,AEGISLOG.NS,Aegis Logistics Limited,2026-08-21,899,DISQUALIFIED,True,True,30.0,True,Most recent event is UTAD (Upthrust After Distribution / potential distribution phase).,True,True,True,True,False,True,1417.9,61.5,1257.25,982.46,,,0.97,0.164,,1.25,1.67,0.74,False,False,False,False,UTAD,2026-08-06,False,False,False,True,125,"Bar vol_ratio=1.99x, spread_ratio=1.96x, close_pos=0.38. Candidate UTAD: intrabar high=1497.80 exceeded range resistance=1434.50 (+4.41%), closed back below at 1400.00 (close pos=0.38), elevated volume 1.99x avg (threshold >= 1.5x), spread 1.96x ATR",1929.07,36.1,79,True,[DISQUALIFIED] Score: 30.0/100.0 | DISQUALIFIED: Most recent event is UTAD (Upthrust After Distribution / potential distribution phase).,https://www.tradingview.com/chart/?symbol=NSE%3AAEGISLOG&interval=D,https://www.tradingview.com/chart/?symbol=NSE%3AAEGISLOG&interval=W,https://www.tradingview.com/chart/?symbol=NSE%3AAEGISLOG&interval=75,pending,data/research_datasets/20260824,2026-08-24 10:05:13 UTC
ACMESOLAR,ACMESOLAR.NS,Acme Solar Holdings Limited,2026-08-21,442,DISQUALIFIED,True,True,30.0,True,Most recent event is UTAD (Upthrust After Distribution / potential distribution phase).,True,True,True,True,False,True,401.6,67.0,369.87,335.45,,,0.91,0.12,,1.98,1.34,0.47,False,False,False,False,UTAD,2026-08-21,False,False,False,True,56,"Bar vol_ratio=1.98x, spread_ratio=1.34x, close_pos=0.47. Candidate UTAD: intrabar high=411.30 exceeded range resistance=406.50 (+1.18%), closed back below at 401.60 (close pos=0.47), elevated volume 1.98x avg (threshold >= 1.5x), spread 1.34x ATR",401.6,0.0,16,True,[DISQUALIFIED] Score: 30.0/100.0 | DISQUALIFIED: Most recent event is UTAD (Upthrust After Distribution / potential distribution phase).,https://www.tradingview.com/chart/?symbol=NSE%3AACMESOLAR&interval=D,https://www.tradingview.com/chart/?symbol=NSE%3AACMESOLAR&interval=W,https://www.tradingview.com/chart/?symbol=NSE%3AACMESOLAR&interval=75,pending,data/research_datasets/20260824,2026-08-24 10:05:13 UTC
ABCAPITAL,ABCAPITAL.NS,Aditya Birla Capital Limited,2026-08-21,901,DISQUALIFIED,True,True,30.0,True,Most recent event is UTAD (Upthrust After Distribution / potential distribution phase).,True,True,True,True,False,True,413.0,56.1,398.66,373.02,,,0.89,0.095,,0.93,0.51,1.0,False,True,False,False,UTAD,2026-07-31,False,False,False,True,120,"Bar vol_ratio=3.04x, spread_ratio=1.55x, close_pos=0.49. Candidate UTAD: intrabar high=413.00 exceeded range resistance=411.40 (+0.39%), closed back below at 404.30 (close pos=0.49), elevated volume 3.04x avg (threshold >= 1.5x), spread 1.55x ATR",567.2,37.3,36,True,[DISQUALIFIED] Score: 30.0/100.0 | DISQUALIFIED: Most recent event is UTAD (Upthrust After Distribution / potential distribution phase).,https://www.tradingview.com/chart/?symbol=NSE%3AABCAPITAL&interval=D,https://www.tradingview.com/chart/?symbol=NSE%3AABCAPITAL&interval=W,https://www.tradingview.com/chart/?symbol=NSE%3AABCAPITAL&interval=75,pending,data/research_datasets/20260824,2026-08-24 10:05:13 UTC
SUPREMEIND,SUPREMEIND.NS,Supreme Industries Limited,2026-08-21,901,DISQUALIFIED,True,True,28.5,True,Most recent event is UTAD (Upthrust After Distribution / potential distribution phase).,True,False,True,True,False,True,3642.0,64.1,3433.38,3512.09,,,0.87,0.092,,0.76,0.74,0.52,False,False,False,False,UTAD,2026-08-17,False,False,False,True,123,"Bar vol_ratio=1.71x, spread_ratio=0.86x, close_pos=0.30. Candidate UTAD: intrabar high=3649.00 exceeded range resistance=3620.40 (+0.79%), closed back below at 3590.00 (close pos=0.30), elevated volume 1.71x avg (threshold >= 1.5x), spread 0.86x ATR",4008.7,10.1,13,False,[DISQUALIFIED] Score: 28.5/100.0 | DISQUALIFIED: Most recent event is UTAD (Upthrust After Distribution / potential distribution phase).,https://www.tradingview.com/chart/?symbol=NSE%3ASUPREMEIND&interval=D,https://www.tradingview.com/chart/?symbol=NSE%3ASUPREMEIND&interval=W,https://www.tradingview.com/chart/?symbol=NSE%3ASUPREMEIND&interval=75,pending,data/research_datasets/20260824,2026-08-24 10:05:13 UTC
PNBHOUSING,PNBHOUSING.NS,PNB Housing Finance Limited,2026-08-21,901,DISQUALIFIED,True,True,28.5,True,Most recent event is UTAD (Upthrust After Distribution / potential distribution phase).,True,True,True,False,False,True,1170.3,64.9,1080.43,1034.74,,,1.11,0.168,,0.53,0.67,0.19,False,False,False,False,UTAD,2026-08-20,False,False,False,True,98,"Bar vol_ratio=1.91x, spread_ratio=1.05x, close_pos=0.15. Candidate UTAD: intrabar high=1207.00 exceeded range resistance=1175.90 (+2.64%), closed back below at 1175.50 (close pos=0.15), elevated volume 1.91x avg (threshold >= 1.5x), spread 1.05x ATR",1400.02,19.6,26,False,[DISQUALIFIED] Score: 28.5/100.0 | DISQUALIFIED: Most recent event is UTAD (Upthrust After Distribution / potential distribution phase).,https://www.tradingview.com/chart/?symbol=NSE%3APNBHOUSING&interval=D,https://www.tradingview.com/chart/?symbol=NSE%3APNBHOUSING&interval=W,https://www.tradingview.com/chart/?symbol=NSE%3APNBHOUSING&interval=75,pending,data/research_datasets/20260824,2026-08-24 10:05:13 UTC
MWL,MWL.NS,Mangalam Worldwide Limited,2026-08-21,901,DISQUALIFIED,True,True,28.5,True,Most recent event is UTAD (Upthrust After Distribution / potential distribution phase).,True,True,True,False,False,True,41.44,62.9,38.24,35.85,,,1.26,0.259,,0.1,0.42,0.59,False,True,False,False,UTAD,2026-08-07,False,False,False,True,121,"Bar vol_ratio=2.57x, spread_ratio=0.96x, close_pos=0.03. Candidate UTAD: intrabar high=43.94 exceeded range resistance=43.70 (+0.55%), closed back below at 42.30 (close pos=0.03), elevated volume 2.57x avg (threshold >= 1.5x), spread 0.96x ATR",46.37,11.9,13,False,[DISQUALIFIED] Score: 28.5/100.0 | DISQUALIFIED: Most recent event is UTAD (Upthrust After Distribution / potential distribution phase).,https://www.tradingview.com/chart/?symbol=NSE%3AMWL&interval=D,https://www.tradingview.com/chart/?symbol=NSE%3AMWL&interval=W,https://www.tradingview.com/chart/?symbol=NSE%3AMWL&interval=75,pending,data/research_datasets/20260824,2026-08-24 10:05:13 UTC
LLOYDSENGG,LLOYDSENGG.NS,LLOYDS ENGINEERING WORKS LIMITED,2026-08-21,901,DISQUALIFIED,True,True,28.5,True,Most recent event is UTAD (Upthrust After Distribution / potential distribution phase).,True,True,False,True,True,True,90.05,49.3,88.39,75.55,,,0.94,0.095,,0.58,0.9,0.16,False,False,False,False,UTAD,2026-08-10,False,False,False,True,96,"Bar vol_ratio=1.52x, spread_ratio=1.15x, close_pos=0.07. Candidate UTAD: intrabar high=99.48 exceeded range resistance=97.33 (+2.20%), closed back below at 95.07 (close pos=0.07), elevated volume 1.52x avg (threshold >= 1.5x), spread 1.15x ATR",107.29,19.1,28,False,[DISQUALIFIED] Score: 28.5/100.0 | DISQUALIFIED: Most recent event is UTAD (Upthrust After Distribution / potential distribution phase).,https://www.tradingview.com/chart/?symbol=NSE%3ALLOYDSENGG&interval=D,https://www.tradingview.com/chart/?symbol=NSE%3ALLOYDSENGG&interval=W,https://www.tradingview.com/chart/?symbol=NSE%3ALLOYDSENGG&interval=75,pending,data/research_datasets/20260824,2026-08-24 10:05:13 UTC
VASWANI,VASWANI.NS,Vaswani Industries Limited,2026-08-21,899,DISQUALIFIED,True,False,28.0,True,Failed all mechanical trend & momentum filters.,False,False,False,False,False,False,46.55,29.1,53.26,54.88,,,1.14,0.168,,0.44,0.79,0.29,False,False,False,False,SC,2026-08-17,False,False,False,False,108,"Bar vol_ratio=6.54x, spread_ratio=3.77x, close_pos=0.45. Candidate SC: volume 6.54x 20-period avg (threshold >= 2.0x), spread 3.77x 20-period ATR (threshold >= 1.5x), down-close (Open=52.17, Close=47.96, close pos=0.45), Prior peak=54.20, bar low=44.50, decline=17.9% over prior 10 bars (threshold >= 3.0%)",109.02,134.2,68,False,[DISQUALIFIED] Score: 28.0/100.0 | DISQUALIFIED: Failed all mechanical trend & momentum filters.,https://www.tradingview.com/chart/?symbol=NSE%3AVASWANI&interval=D,https://www.tradingview.com/chart/?symbol=NSE%3AVASWANI&interval=W,https://www.tradingview.com/chart/?symbol=NSE%3AVASWANI&interval=75,pending,data/research_datasets/20260824,2026-08-24 10:05:13 UTC
TTL,TTL.NS,T T Limited,2026-08-21,900,DISQUALIFIED,True,False,28.0,True,Failed all mechanical trend & momentum filters.,False,False,False,False,False,False,6.25,48.3,6.49,7.19,,,1.36,0.127,,3.5,1.47,0.25,False,False,False,True,AR,2026-08-12,False,False,False,False,144,"Bar vol_ratio=1.31x, spread_ratio=1.31x, close_pos=0.71. Candidate AR: up bar 3 bar(s) after SC (SC date=2026-08-07 00:00:00, SC price=5.81), Open=5.89, Close=5.92, close pos=0.71, volume 1.31x avg (threshold >= 1.0x), spread 1.31x ATR",7.66,22.6,2,False,[DISQUALIFIED] Score: 28.0/100.0 | DISQUALIFIED: Failed all mechanical trend & momentum filters.,https://www.tradingview.com/chart/?symbol=NSE%3ATTL&interval=D,https://www.tradingview.com/chart/?symbol=NSE%3ATTL&interval=W,https://www.tradingview.com/chart/?symbol=NSE%3ATTL&interval=75,pending,data/research_datasets/20260824,2026-08-24 10:05:13 UTC
TREJHARA,TREJHARA.NS,TREJHARA SOLUTIONS LIMITED,2026-08-21,899,DISQUALIFIED,True,False,28.0,True,Failed all mechanical trend & momentum filters.,False,False,False,False,False,False,156.45,52.9,145.71,149.71,,,1.21,0.362,,0.62,1.0,0.14,False,False,False,False,SOS,2026-08-06,False,True,False,False,126,"Bar vol_ratio=5.71x, spread_ratio=1.43x, close_pos=0.93. Candidate SOS: close=165.13 broke above range resistance=155.02 (+6.52%), strong close position=0.93 (threshold > 0.7), volume 5.71x avg (threshold >= 1.5x), spread 1.43x ATR",310.33,98.4,31,True,[DISQUALIFIED] Score: 28.0/100.0 | DISQUALIFIED: Failed all mechanical trend & momentum filters.,https://www.tradingview.com/chart/?symbol=NSE%3ATREJHARA&interval=D,https://www.tradingview.com/chart/?symbol=NSE%3ATREJHARA&interval=W,https://www.tradingview.com/chart/?symbol=NSE%3ATREJHARA&interval=75,pending,data/research_datasets/20260824,2026-08-24 10:05:13 UTC
SWELECTES,SWELECTES.NS,Swelect Energy Systems Limited,2026-08-21,899,DISQUALIFIED,True,False,28.0,True,Failed all mechanical trend & momentum filters.,False,False,False,False,False,True,608.9,42.7,628.39,629.13,,,1.22,0.209,,0.81,0.36,0.32,False,True,False,False,ST,2026-08-18,False,False,False,False,141,"Bar vol_ratio=1.42x, spread_ratio=1.20x, close_pos=0.23. Candidate ST: retest of SC low area (SC low=613.00, bar low=617.50, diff=0.7%), volume 1.42x avg strictly lower than SC volume 3.51x, spread 1.20x ATR, close pos=0.23",1515.94,149.0,58,False,[DISQUALIFIED] Score: 28.0/100.0 | DISQUALIFIED: Failed all mechanical trend & momentum filters.,https://www.tradingview.com/chart/?symbol=NSE%3ASWELECTES&interval=D,https://www.tradingview.com/chart/?symbol=NSE%3ASWELECTES&interval=W,https://www.tradingview.com/chart/?symbol=NSE%3ASWELECTES&interval=75,pending,data/research_datasets/20260824,2026-08-24 10:05:13 UTC
SURAJEST,SURAJEST.NS,Suraj Estate Developers Limited,2026-08-21,660,DISQUALIFIED,True,False,28.0,True,Failed all mechanical trend & momentum filters.,False,False,False,False,False,True,195.46,39.9,200.18,209.59,,,1.17,0.133,,0.98,0.89,0.08,False,False,False,False,ST,2026-08-21,False,False,False,False,122,"Bar vol_ratio=0.98x, spread_ratio=0.89x, close_pos=0.08. Candidate ST: retest of SC low area (SC low=191.22, bar low=195.00, diff=2.0%), volume 0.98x avg strictly lower than SC volume 3.03x, spread 0.89x ATR, close pos=0.08",315.84,61.6,8,False,[DISQUALIFIED] Score: 28.0/100.0 | DISQUALIFIED: Failed all mechanical trend & momentum filters.,https://www.tradingview.com/chart/?symbol=NSE%3ASURAJEST&interval=D,https://www.tradingview.com/chart/?symbol=NSE%3ASURAJEST&interval=W,https://www.tradingview.com/chart/?symbol=NSE%3ASURAJEST&interval=75,pending,data/research_datasets/20260824,2026-08-24 10:05:13 UTC
RSSOFTWARE,RSSOFTWARE.NS,R. S. Software (India) Limited,2026-08-21,901,DISQUALIFIED,True,False,28.0,True,Failed all mechanical trend & momentum filters.,False,False,False,False,True,False,30.32,40.5,33.16,33.74,,,1.32,0.148,,1.06,1.0,0.45,False,False,False,False,ST,2026-08-19,False,False,False,False,153,"Bar vol_ratio=0.72x, spread_ratio=1.53x, close_pos=0.31. Candidate ST: retest of SC low area (SC low=31.49, bar low=30.60, diff=2.8%), volume 0.72x avg strictly lower than SC volume 2.05x, spread 1.53x ATR, close pos=0.31",53.38,76.1,27,False,[DISQUALIFIED] Score: 28.0/100.0 | DISQUALIFIED: Failed all mechanical trend & momentum filters.,https://www.tradingview.com/chart/?symbol=NSE%3ARSSOFTWARE&interval=D,https://www.tradingview.com/chart/?symbol=NSE%3ARSSOFTWARE&interval=W,https://www.tradingview.com/chart/?symbol=NSE%3ARSSOFTWARE&interval=75,pending,data/research_datasets/20260824,2026-08-24 10:05:13 UTC
RADIANTCMS,RADIANTCMS.NS,Radiant Cash Management Services Limited,2026-08-21,899,DISQUALIFIED,True,False,28.0,True,Failed all mechanical trend & momentum filters.,False,False,False,False,False,False,34.52,32.2,37.97,39.45,,,1.06,0.174,,0.62,0.7,0.62,False,False,False,False,ST,2026-08-20,False,False,False,False,104,"Bar vol_ratio=0.82x, spread_ratio=0.37x, close_pos=0.41. Candidate ST: retest of SC low area (SC low=34.72, bar low=33.99, diff=2.1%), volume 0.82x avg strictly lower than SC volume 2.45x, spread 0.37x ATR, close pos=0.41",74.23,115.0,12,False,[DISQUALIFIED] Score: 28.0/100.0 | DISQUALIFIED: Failed all mechanical trend & momentum filters.,https://www.tradingview.com/chart/?symbol=NSE%3ARADIANTCMS&interval=D,https://www.tradingview.com/chart/?symbol=NSE%3ARADIANTCMS&interval=W,https://www.tradingview.com/chart/?symbol=NSE%3ARADIANTCMS&interval=75,pending,data/research_datasets/20260824,2026-08-24 10:05:13 UTC
RACE,RACE.NS,Race Eco Chain Limited,2026-08-21,815,DISQUALIFIED,True,False,28.0,True,Failed all mechanical trend & momentum filters.,False,False,False,False,False,False,102.53,43.0,108.87,115.26,,,1.33,0.145,,0.24,1.0,0.51,False,False,False,False,SC,2026-08-20,False,False,False,False,110,"Bar vol_ratio=8.65x, spread_ratio=3.01x, close_pos=0.18. Candidate SC: volume 8.65x 20-period avg (threshold >= 2.0x), spread 3.01x 20-period ATR (threshold >= 1.5x), down-close (Open=103.00, Close=102.12, close pos=0.18), Prior peak=109.78, bar low=99.51, decline=9.4% over prior 10 bars (threshold >= 3.0%)",205.86,100.8,17,False,[DISQUALIFIED] Score: 28.0/100.0 | DISQUALIFIED: Failed all mechanical trend & momentum filters.,https://www.tradingview.com/chart/?symbol=NSE%3ARACE&interval=D,https://www.tradingview.com/chart/?symbol=NSE%3ARACE&interval=W,https://www.tradingview.com/chart/?symbol=NSE%3ARACE&interval=75,pending,data/research_datasets/20260824,2026-08-24 10:05:13 UTC
NECLIFE,NECLIFE.NS,Nectar Lifesciences Limited,2026-08-21,901,DISQUALIFIED,True,False,28.0,True,Failed all mechanical trend & momentum filters.,False,False,False,False,True,False,10.47,44.7,11.02,11.57,,,1.17,0.116,,1.84,1.66,0.49,False,False,False,False,SC,2026-08-18,False,False,False,False,133,"Bar vol_ratio=2.25x, spread_ratio=1.90x, close_pos=0.15. Candidate SC: volume 2.25x 20-period avg (threshold >= 2.0x), spread 1.90x 20-period ATR (threshold >= 1.5x), down-close (Open=11.30, Close=10.76, close pos=0.15), Prior peak=11.65, bar low=10.63, decline=8.8% over prior 10 bars (threshold >= 3.0%)",19.01,81.6,10,False,[DISQUALIFIED] Score: 28.0/100.0 | DISQUALIFIED: Failed all mechanical trend & momentum filters.,https://www.tradingview.com/chart/?symbol=NSE%3ANECLIFE&interval=D,https://www.tradingview.com/chart/?symbol=NSE%3ANECLIFE&interval=W,https://www.tradingview.com/chart/?symbol=NSE%3ANECLIFE&interval=75,pending,data/research_datasets/20260824,2026-08-24 10:05:13 UTC
NATCAPSUQ,NATCAPSUQ.NS,Natural Capsules Limited,2026-08-21,375,DISQUALIFIED,True,False,28.0,True,Failed all mechanical trend & momentum filters.,False,False,False,False,False,False,151.88,50.8,150.37,154.01,,,1.32,0.187,,0.75,0.88,0.16,False,False,False,False,LPS,2026-07-24,True,False,False,False,93,"Bar vol_ratio=0.57x, spread_ratio=1.33x, close_pos=0.43. Candidate LPS: higher low=145.00 vs prior Spring low=144.05 (+0.7%), holding above range support=137.25, low volume 0.57x avg (threshold < 0.75x), spread 1.33x ATR, close pos=0.43",363.13,139.1,29,True,[DISQUALIFIED] Score: 28.0/100.0 | DISQUALIFIED: Failed all mechanical trend & momentum filters.,https://www.tradingview.com/chart/?symbol=NSE%3ANATCAPSUQ&interval=D,https://www.tradingview.com/chart/?symbol=NSE%3ANATCAPSUQ&interval=W,https://www.tradingview.com/chart/?symbol=NSE%3ANATCAPSUQ&interval=75,pending,data/research_datasets/20260824,2026-08-24 10:05:13 UTC
MANGALAM,MANGALAM.NS,Mangalam Drugs And Organics Limited,2026-08-21,900,DISQUALIFIED,True,False,28.0,True,Failed all mechanical trend & momentum filters.,False,False,False,False,False,False,27.68,52.4,27.91,28.68,,,1.15,0.053,,1.04,1.21,0.81,False,False,False,False,ST,2026-08-18,False,False,False,False,98,"Bar vol_ratio=1.08x, spread_ratio=1.00x, close_pos=0.35. Candidate ST: retest of SC low area (SC low=27.60, bar low=27.55, diff=0.2%), volume 1.08x avg strictly lower than SC volume 2.03x, spread 1.00x ATR, close pos=0.35",63.11,128.0,11,False,[DISQUALIFIED] Score: 28.0/100.0 | DISQUALIFIED: Failed all mechanical trend & momentum filters.,https://www.tradingview.com/chart/?symbol=NSE%3AMANGALAM&interval=D,https://www.tradingview.com/chart/?symbol=NSE%3AMANGALAM&interval=W,https://www.tradingview.com/chart/?symbol=NSE%3AMANGALAM&interval=75,pending,data/research_datasets/20260824,2026-08-24 10:05:13 UTC
KSR,KSR.NS,KSR Footwear Limited,2026-08-21,183,DISQUALIFIED,True,False,28.0,True,Failed all mechanical trend & momentum filters.,False,False,False,False,True,False,28.2,45.7,29.95,32.41,,,1.05,0.125,,1.73,0.78,0.81,True,False,False,False,AR,2026-08-21,False,False,False,False,32,"Bar vol_ratio=1.73x, spread_ratio=0.78x, close_pos=0.81. Candidate AR: up bar 1 bar(s) after SC (SC date=2026-08-20 00:00:00, SC price=27.42), Open=28.00, Close=28.20, close pos=0.81, volume 1.73x avg (threshold >= 1.0x), spread 0.78x ATR",48.79,73.0,25,False,[DISQUALIFIED] Score: 28.0/100.0 | DISQUALIFIED: Failed all mechanical trend & momentum filters.,https://www.tradingview.com/chart/?symbol=NSE%3AKSR&interval=D,https://www.tradingview.com/chart/?symbol=NSE%3AKSR&interval=W,https://www.tradingview.com/chart/?symbol=NSE%3AKSR&interval=75,pending,data/research_datasets/20260824,2026-08-24 10:05:13 UTC
KEEPLEARN,KEEPLEARN.NS,DSJ Keep Learning Limited,2026-08-21,899,DISQUALIFIED,True,False,28.0,True,Failed all mechanical trend & momentum filters.,False,False,False,False,True,False,1.91,49.9,1.91,1.97,,,1.31,0.111,,0.84,0.83,0.33,False,False,False,False,ST,2026-08-20,False,False,False,False,138,"Bar vol_ratio=1.02x, spread_ratio=1.40x, close_pos=0.24. Candidate ST: retest of SC low area (SC low=1.70, bar low=1.75, diff=2.9%), volume 1.02x avg strictly lower than SC volume 2.86x, spread 1.40x ATR, close pos=0.24",5.71,199.0,5,False,[DISQUALIFIED] Score: 28.0/100.0 | DISQUALIFIED: Failed all mechanical trend & momentum filters.,https://www.tradingview.com/chart/?symbol=NSE%3AKEEPLEARN&interval=D,https://www.tradingview.com/chart/?symbol=NSE%3AKEEPLEARN&interval=W,https://www.tradingview.com/chart/?symbol=NSE%3AKEEPLEARN&interval=75,pending,data/research_datasets/20260824,2026-08-24 10:05:13 UTC
JMFINANCIL,JMFINANCIL.NS,JM Financial Limited,2026-08-21,901,DISQUALIFIED,True,False,28.0,True,Failed all mechanical trend & momentum filters.,False,False,False,False,False,True,128.24,54.2,125.81,127.72,,,1.07,0.087,,0.59,0.82,0.08,False,False,False,False,AR,2026-08-04,False,False,False,False,108,"Bar vol_ratio=4.53x, spread_ratio=1.48x, close_pos=0.32. Candidate AR: up bar 1 bar(s) after SC (SC date=2026-08-03 00:00:00, SC price=120.89), Open=122.30, Close=123.58, close pos=0.32, volume 4.53x avg (threshold >= 1.0x), spread 1.48x ATR",318.32,148.2,64,False,[DISQUALIFIED] Score: 28.0/100.0 | DISQUALIFIED: Failed all mechanical trend & momentum filters.,https://www.tradingview.com/chart/?symbol=NSE%3AJMFINANCIL&interval=D,https://www.tradingview.com/chart/?symbol=NSE%3AJMFINANCIL&interval=W,https://www.tradingview.com/chart/?symbol=NSE%3AJMFINANCIL&interval=75,pending,data/research_datasets/20260824,2026-08-24 10:05:13 UTC
ITI,ITI.NS,ITI Limited,2026-08-21,901,DISQUALIFIED,True,False,28.0,True,Failed all mechanical trend & momentum filters.,False,False,False,False,True,True,279.25,44.8,288.91,290.88,,,1.07,0.055,,0.45,0.44,0.38,False,False,True,False,ST,2026-08-21,False,False,False,False,103,"Bar vol_ratio=0.45x, spread_ratio=0.44x, close_pos=0.38. Candidate ST: retest of SC low area (SC low=277.35, bar low=278.00, diff=0.2%), volume 0.45x avg strictly lower than SC volume 4.52x, spread 0.44x ATR, close pos=0.38",609.55,118.3,104,False,[DISQUALIFIED] Score: 28.0/100.0 | DISQUALIFIED: Failed all mechanical trend & momentum filters.,https://www.tradingview.com/chart/?symbol=NSE%3AITI&interval=D,https://www.tradingview.com/chart/?symbol=NSE%3AITI&interval=W,https://www.tradingview.com/chart/?symbol=NSE%3AITI&interval=75,pending,data/research_datasets/20260824,2026-08-24 10:05:13 UTC
INDOWIND,INDOWIND.NS,Indowind Energy Limited,2026-08-21,900,DISQUALIFIED,True,False,28.0,True,Failed all mechanical trend & momentum filters.,False,False,False,False,False,False,9.17,54.2,9.17,9.47,,,1.1,0.099,,1.4,1.07,0.68,False,False,False,False,AR,2026-08-19,False,False,False,False,152,"Bar vol_ratio=2.48x, spread_ratio=2.13x, close_pos=0.71. Candidate AR: up bar 1 bar(s) after SC (SC date=2026-08-18 00:00:00, SC price=8.39), Open=8.33, Close=8.53, close pos=0.71, volume 2.48x avg (threshold >= 1.0x), spread 2.13x ATR",18.1,97.4,12,False,[DISQUALIFIED] Score: 28.0/100.0 | DISQUALIFIED: Failed all mechanical trend & momentum filters.,https://www.tradingview.com/chart/?symbol=NSE%3AINDOWIND&interval=D,https://www.tradingview.com/chart/?symbol=NSE%3AINDOWIND&interval=W,https://www.tradingview.com/chart/?symbol=NSE%3AINDOWIND&interval=75,pending,data/research_datasets/20260824,2026-08-24 10:05:13 UTC
IGL,IGL.NS,Indraprastha Gas Limited,2026-08-21,901,DISQUALIFIED,True,False,28.0,True,Failed all mechanical trend & momentum filters.,False,False,False,False,False,True,147.87,38.6,156.34,158.98,,,1.0,0.05,,1.5,1.09,0.06,False,False,False,False,ST,2026-08-21,False,False,False,False,127,"Bar vol_ratio=1.50x, spread_ratio=1.09x, close_pos=0.06. Candidate ST: retest of SC low area (SC low=150.10, bar low=147.66, diff=1.6%), volume 1.50x avg strictly lower than SC volume 7.62x, spread 1.09x ATR, close pos=0.06",215.39,45.7,11,False,[DISQUALIFIED] Score: 28.0/100.0 | DISQUALIFIED: Failed all mechanical trend & momentum filters.,https://www.tradingview.com/chart/?symbol=NSE%3AIGL&interval=D,https://www.tradingview.com/chart/?symbol=NSE%3AIGL&interval=W,https://www.tradingview.com/chart/?symbol=NSE%3AIGL&interval=75,pending,data/research_datasets/20260824,2026-08-24 10:05:13 UTC
GMRP&UI,GMRP&UI.NS,GMR Power and Urban Infra Limited,2026-08-21,901,DISQUALIFIED,True,False,28.0,True,Failed all mechanical trend & momentum filters.,False,False,False,False,True,True,96.58,45.6,98.96,103.33,,,1.03,0.046,,1.04,1.05,0.22,False,False,False,False,LPS,2026-07-24,True,False,False,False,102,"Bar vol_ratio=0.54x, spread_ratio=0.94x, close_pos=0.38. Candidate LPS: higher low=96.72 vs prior Spring low=96.55 (+0.2%), holding above range support=94.57, low volume 0.54x avg (threshold < 0.75x), spread 0.94x ATR, close pos=0.38",169.37,75.4,69,True,[DISQUALIFIED] Score: 28.0/100.0 | DISQUALIFIED: Failed all mechanical trend & momentum filters.,https://www.tradingview.com/chart/?symbol=NSE%3AGMRP%26UI&interval=D,https://www.tradingview.com/chart/?symbol=NSE%3AGMRP%26UI&interval=W,https://www.tradingview.com/chart/?symbol=NSE%3AGMRP%26UI&interval=75,pending,data/research_datasets/20260824,2026-08-24 10:05:13 UTC
GMMPFAUDLR,GMMPFAUDLR.NS,GMM Pfaudler Limited,2026-08-21,900,DISQUALIFIED,True,False,28.0,True,Failed all mechanical trend & momentum filters.,False,False,False,False,False,True,1022.35,72.2,850.87,854.07,,,1.53,0.385,,0.29,0.73,0.71,False,False,False,False,SOS,2026-08-06,False,True,False,False,128,"Bar vol_ratio=15.50x, spread_ratio=5.39x, close_pos=0.73. Candidate SOS: close=979.85 broke above range resistance=875.95 (+11.86%), strong close position=0.73 (threshold > 0.7), volume 15.50x avg (threshold >= 1.5x), spread 5.39x ATR",1026.2,0.4,4,True,[DISQUALIFIED] Score: 28.0/100.0 | DISQUALIFIED: Failed all mechanical trend & momentum filters.,https://www.tradingview.com/chart/?symbol=NSE%3AGMMPFAUDLR&interval=D,https://www.tradingview.com/chart/?symbol=NSE%3AGMMPFAUDLR&interval=W,https://www.tradingview.com/chart/?symbol=NSE%3AGMMPFAUDLR&interval=75,pending,data/research_datasets/20260824,2026-08-24 10:05:13 UTC
EUREKAFORB,EUREKAFORB.NS,Eureka Forbes Limited,2026-08-21,485,DISQUALIFIED,True,False,28.0,True,Failed all mechanical trend & momentum filters.,False,False,False,False,False,True,415.0,33.2,453.92,467.23,,,1.06,0.137,,0.96,0.62,0.58,False,False,False,False,LPS,2026-07-29,True,False,False,False,56,"Bar vol_ratio=0.69x, spread_ratio=0.84x, close_pos=0.17. Candidate LPS: higher low=449.30 vs prior Spring low=424.90 (+5.7%), holding above range support=424.90, low volume 0.69x avg (threshold < 0.75x), spread 0.84x ATR, close pos=0.17",1055.15,154.3,35,True,[DISQUALIFIED] Score: 28.0/100.0 | DISQUALIFIED: Failed all mechanical trend & momentum filters.,https://www.tradingview.com/chart/?symbol=NSE%3AEUREKAFORB&interval=D,https://www.tradingview.com/chart/?symbol=NSE%3AEUREKAFORB&interval=W,https://www.tradingview.com/chart/?symbol=NSE%3AEUREKAFORB&interval=75,pending,data/research_datasets/20260824,2026-08-24 10:05:13 UTC
DBL,DBL.NS,Dilip Buildcon Limited,2026-08-21,899,DISQUALIFIED,True,False,28.0,True,Failed all mechanical trend & momentum filters.,False,False,False,False,True,True,414.6,43.6,430.51,437.05,,,1.07,0.154,,0.12,0.26,0.25,False,False,True,False,LPS,2026-07-29,True,False,False,False,111,"Bar vol_ratio=0.18x, spread_ratio=0.43x, close_pos=0.28. Candidate LPS: higher low=429.50 vs prior Spring low=410.00 (+4.8%), holding above range support=381.55, low volume 0.18x avg (threshold < 0.75x), spread 0.43x ATR, close pos=0.28",762.65,83.9,41,True,[DISQUALIFIED] Score: 28.0/100.0 | DISQUALIFIED: Failed all mechanical trend & momentum filters.,https://www.tradingview.com/chart/?symbol=NSE%3ADBL&interval=D,https://www.tradingview.com/chart/?symbol=NSE%3ADBL&interval=W,https://www.tradingview.com/chart/?symbol=NSE%3ADBL&interval=75,pending,data/research_datasets/20260824,2026-08-24 10:05:13 UTC
CESC,CESC.NS,CESC Limited,2026-08-21,901,DISQUALIFIED,True,False,28.0,True,Failed all mechanical trend & momentum filters.,False,False,False,False,False,True,155.09,41.2,160.01,165.32,,,1.03,0.056,,1.0,0.55,0.2,False,False,False,False,LPS,2026-07-17,True,False,False,False,81,"Bar vol_ratio=0.57x, spread_ratio=0.94x, close_pos=0.46. Candidate LPS: higher low=157.63 vs prior Spring low=156.17 (+0.9%), holding above range support=153.25, low volume 0.57x avg (threshold < 0.75x), spread 0.94x ATR, close pos=0.46",249.3,60.7,33,True,[DISQUALIFIED] Score: 28.0/100.0 | DISQUALIFIED: Failed all mechanical trend & momentum filters.,https://www.tradingview.com/chart/?symbol=NSE%3ACESC&interval=D,https://www.tradingview.com/chart/?symbol=NSE%3ACESC&interval=W,https://www.tradingview.com/chart/?symbol=NSE%3ACESC&interval=75,pending,data/research_datasets/20260824,2026-08-24 10:05:13 UTC
BSHSL,BSHSL.NS,Bombay Super Hybrid Seeds Limited,2026-08-21,899,DISQUALIFIED,True,False,28.0,True,Failed all mechanical trend & momentum filters.,False,False,False,False,False,False,87.07,44.9,88.96,93.21,,,1.12,0.077,,0.8,1.87,0.31,False,False,False,False,LPS,2026-07-17,True,False,False,False,113,"Bar vol_ratio=0.56x, spread_ratio=1.00x, close_pos=1.00. Candidate LPS: higher low=85.71 vs prior Spring low=83.11 (+3.1%), holding above range support=83.11, low volume 0.56x avg (threshold < 0.75x), spread 1.00x ATR, close pos=1.00",157.02,80.3,10,True,[DISQUALIFIED] Score: 28.0/100.0 | DISQUALIFIED: Failed all mechanical trend & momentum filters.,https://www.tradingview.com/chart/?symbol=NSE%3ABSHSL&interval=D,https://www.tradingview.com/chart/?symbol=NSE%3ABSHSL&interval=W,https://www.tradingview.com/chart/?symbol=NSE%3ABSHSL&interval=75,pending,data/research_datasets/20260824,2026-08-24 10:05:13 UTC
BONLON,BONLON.NS,Bonlon Industries Limited,2026-08-21,124,DISQUALIFIED,True,False,28.0,True,Failed all mechanical trend & momentum filters.,False,False,False,False,False,False,39.37,37.7,42.05,44.26,,,1.13,0.09,,7.42,1.8,0.11,False,False,False,False,SC,2026-08-21,False,False,False,False,19,"Bar vol_ratio=7.42x, spread_ratio=1.80x, close_pos=0.11. Candidate SC: volume 7.42x 20-period avg (threshold >= 2.0x), spread 1.80x 20-period ATR (threshold >= 1.5x), down-close (Open=40.00, Close=39.37, close pos=0.11), Prior peak=44.40, bar low=38.80, decline=12.6% over prior 10 bars (threshold >= 3.0%)",63.95,62.4,29,False,[DISQUALIFIED] Score: 28.0/100.0 | DISQUALIFIED: Failed all mechanical trend & momentum filters.,https://www.tradingview.com/chart/?symbol=NSE%3ABONLON&interval=D,https://www.tradingview.com/chart/?symbol=NSE%3ABONLON&interval=W,https://www.tradingview.com/chart/?symbol=NSE%3ABONLON&interval=75,pending,data/research_datasets/20260824,2026-08-24 10:05:13 UTC
BLUESTARCO,BLUESTARCO.NS,Blue Star Limited,2026-08-21,901,DISQUALIFIED,True,False,28.0,True,Failed all mechanical trend & momentum filters.,False,False,False,False,False,True,1511.9,37.6,1620.1,1652.94,,,1.09,0.216,,0.32,0.44,0.37,False,True,False,False,ST,2026-08-21,False,False,False,False,96,"Bar vol_ratio=0.32x, spread_ratio=0.44x, close_pos=0.37. Candidate ST: retest of SC low area (SC low=1549.40, bar low=1504.10, diff=2.9%), volume 0.32x avg strictly lower than SC volume 5.41x, spread 0.44x ATR, close pos=0.37",1928.0,27.5,28,False,[DISQUALIFIED] Score: 28.0/100.0 | DISQUALIFIED: Failed all mechanical trend & momentum filters.,https://www.tradingview.com/chart/?symbol=NSE%3ABLUESTARCO&interval=D,https://www.tradingview.com/chart/?symbol=NSE%3ABLUESTARCO&interval=W,https://www.tradingview.com/chart/?symbol=NSE%3ABLUESTARCO&interval=75,pending,data/research_datasets/20260824,2026-08-24 10:05:13 UTC
BANARISUG,BANARISUG.NS,Bannari Amman Sugars Limited,2026-08-21,900,DISQUALIFIED,True,False,28.0,True,Failed all mechanical trend & momentum filters.,False,False,False,False,False,True,4019.7,71.9,3518.14,3570.92,,,1.83,0.223,,4.29,2.26,0.28,False,False,False,False,SC,2026-08-21,False,False,False,False,145,"Bar vol_ratio=4.29x, spread_ratio=2.26x, close_pos=0.28. Candidate SC: volume 4.29x 20-period avg (threshold >= 2.0x), spread 2.26x 20-period ATR (threshold >= 1.5x), down-close (Open=4114.90, Close=4019.70, close pos=0.28), Prior peak=4338.00, bar low=3950.00, decline=8.9% over prior 10 bars (threshold >= 3.0%)",6030.6,50.0,42,False,[DISQUALIFIED] Score: 28.0/100.0 | DISQUALIFIED: Failed all mechanical trend & momentum filters.,https://www.tradingview.com/chart/?symbol=NSE%3ABANARISUG&interval=D,https://www.tradingview.com/chart/?symbol=NSE%3ABANARISUG&interval=W,https://www.tradingview.com/chart/?symbol=NSE%3ABANARISUG&interval=75,pending,data/research_datasets/20260824,2026-08-24 10:05:13 UTC
BALAJITELE,BALAJITELE.NS,Balaji Telefilms Limited,2026-08-21,900,DISQUALIFIED,True,False,28.0,True,Failed all mechanical trend & momentum filters.,False,False,False,False,False,True,97.8,74.2,88.4,92.26,,,1.41,0.198,,5.06,2.36,0.78,False,False,False,False,ST,2026-08-18,False,False,False,False,112,"Bar vol_ratio=0.39x, spread_ratio=0.52x, close_pos=0.74. Candidate ST: retest of SC low area (SC low=91.10, bar low=91.21, diff=0.1%), volume 0.39x avg strictly lower than SC volume 5.68x, spread 0.52x ATR, close pos=0.74",132.41,35.4,57,False,[DISQUALIFIED] Score: 28.0/100.0 | DISQUALIFIED: Failed all mechanical trend & momentum filters.,https://www.tradingview.com/chart/?symbol=NSE%3ABALAJITELE&interval=D,https://www.tradingview.com/chart/?symbol=NSE%3ABALAJITELE&interval=W,https://www.tradingview.com/chart/?symbol=NSE%3ABALAJITELE&interval=75,pending,data/research_datasets/20260824,2026-08-24 10:05:13 UTC
AVROIND,AVROIND.NS,AVRO INDIA LIMITED,2026-08-21,901,DISQUALIFIED,True,False,28.0,True,Failed all mechanical trend & momentum filters.,False,False,False,False,True,False,8.59,43.7,9.46,10.51,,,1.35,0.153,,2.29,1.46,0.17,False,False,False,False,LPS,2026-07-31,True,False,False,False,130,"Bar vol_ratio=0.48x, spread_ratio=0.75x, close_pos=0.53. Candidate LPS: higher low=8.50 vs prior Spring low=8.42 (+1.0%), holding above range support=8.42, low volume 0.48x avg (threshold < 0.75x), spread 0.75x ATR, close pos=0.53",65.55,663.1,69,True,[DISQUALIFIED] Score: 28.0/100.0 | DISQUALIFIED: Failed all mechanical trend & momentum filters.,https://www.tradingview.com/chart/?symbol=NSE%3AAVROIND&interval=D,https://www.tradingview.com/chart/?symbol=NSE%3AAVROIND&interval=W,https://www.tradingview.com/chart/?symbol=NSE%3AAVROIND&interval=75,pending,data/research_datasets/20260824,2026-08-24 10:05:13 UTC
ASIANTILES,ASIANTILES.NS,Asian Granito India Limited,2026-08-21,901,DISQUALIFIED,True,False,28.0,True,Failed all mechanical trend & momentum filters.,False,False,False,False,True,True,47.41,40.2,52.31,58.43,,,1.04,0.329,,0.33,0.8,0.53,False,False,False,False,LPS,2026-07-31,True,False,False,False,127,"Bar vol_ratio=0.55x, spread_ratio=1.51x, close_pos=0.01. Candidate LPS: higher low=54.64 vs prior Spring low=48.08 (+13.6%), holding above range support=42.50, low volume 0.55x avg (threshold < 0.75x), spread 1.51x ATR, close pos=0.01",201.31,324.6,46,True,[DISQUALIFIED] Score: 28.0/100.0 | DISQUALIFIED: Failed all mechanical trend & momentum filters.,https://www.tradingview.com/chart/?symbol=NSE%3AASIANTILES&interval=D,https://www.tradingview.com/chart/?symbol=NSE%3AASIANTILES&interval=W,https://www.tradingview.com/chart/?symbol=NSE%3AASIANTILES&interval=75,pending,data/research_datasets/20260824,2026-08-24 10:05:13 UTC
VADILALIND,VADILALIND.NS,Vadilal Industries Limited,2026-08-21,899,DISQUALIFIED,True,True,25.5,True,Most recent event is UTAD (Upthrust After Distribution / potential distribution phase).,True,True,True,False,True,True,7417.5,59.6,6769.72,5738.33,,,1.31,0.132,,0.88,0.64,0.32,False,False,False,False,UTAD,2026-08-10,False,False,False,True,161,"Bar vol_ratio=1.70x, spread_ratio=1.33x, close_pos=0.41. Candidate UTAD: intrabar high=7557.60 exceeded range resistance=7461.32 (+1.29%), closed back below at 7363.05 (close pos=0.41), elevated volume 1.70x avg (threshold >= 1.5x), spread 1.33x ATR",7554.9,1.9,13,False,[DISQUALIFIED] Score: 25.5/100.0 | DISQUALIFIED: Most recent event is UTAD (Upthrust After Distribution / potential distribution phase).,https://www.tradingview.com/chart/?symbol=NSE%3AVADILALIND&interval=D,https://www.tradingview.com/chart/?symbol=NSE%3AVADILALIND&interval=W,https://www.tradingview.com/chart/?symbol=NSE%3AVADILALIND&interval=75,pending,data/research_datasets/20260824,2026-08-24 10:05:13 UTC
MARKSANS,MARKSANS.NS,Marksans Pharma Limited,2026-08-21,901,DISQUALIFIED,True,True,25.5,True,Most recent event is UTAD (Upthrust After Distribution / potential distribution phase).,True,True,True,False,False,True,321.3,68.4,271.84,238.77,,,1.28,0.398,,0.45,0.97,0.57,False,False,False,False,UTAD,2026-08-17,False,False,False,True,117,"Bar vol_ratio=2.30x, spread_ratio=1.43x, close_pos=0.30. Candidate UTAD: intrabar high=344.55 exceeded range resistance=335.67 (+2.64%), closed back below at 330.54 (close pos=0.30), elevated volume 2.30x avg (threshold >= 1.5x), spread 1.43x ATR",322.7,0.4,27,False,[DISQUALIFIED] Score: 25.5/100.0 | DISQUALIFIED: Most recent event is UTAD (Upthrust After Distribution / potential distribution phase).,https://www.tradingview.com/chart/?symbol=NSE%3AMARKSANS&interval=D,https://www.tradingview.com/chart/?symbol=NSE%3AMARKSANS&interval=W,https://www.tradingview.com/chart/?symbol=NSE%3AMARKSANS&interval=75,pending,data/research_datasets/20260824,2026-08-24 10:05:13 UTC
KSHINTL,KSHINTL.NS,KSH International Limited,2026-08-21,167,DISQUALIFIED,True,True,25.5,True,Most recent event is UTAD (Upthrust After Distribution / potential distribution phase).,False,True,True,False,False,True,1009.25,67.2,890.65,776.92,,,1.07,0.302,,0.34,0.85,0.76,False,False,False,False,UTAD,2026-08-12,False,False,False,True,12,"Bar vol_ratio=2.57x, spread_ratio=2.06x, close_pos=0.34. Candidate UTAD: intrabar high=1059.90 exceeded range resistance=1045.50 (+1.38%), closed back below at 997.65 (close pos=0.34), elevated volume 2.57x avg (threshold >= 1.5x), spread 2.06x ATR",1099.25,8.9,6,False,[DISQUALIFIED] Score: 25.5/100.0 | DISQUALIFIED: Most recent event is UTAD (Upthrust After Distribution / potential distribution phase).,https://www.tradingview.com/chart/?symbol=NSE%3AKSHINTL&interval=D,https://www.tradingview.com/chart/?symbol=NSE%3AKSHINTL&interval=W,https://www.tradingview.com/chart/?symbol=NSE%3AKSHINTL&interval=75,pending,data/research_datasets/20260824,2026-08-24 10:05:13 UTC
IPCALAB,IPCALAB.NS,IPCA Laboratories Limited,2026-08-21,900,DISQUALIFIED,True,True,25.5,True,Most recent event is UTAD (Upthrust After Distribution / potential distribution phase).,True,True,True,False,False,True,1911.2,64.8,1741.77,1640.28,,,1.29,0.159,,0.29,0.48,0.67,False,True,False,False,UTAD,2026-08-17,False,False,False,True,122,"Bar vol_ratio=11.25x, spread_ratio=2.03x, close_pos=0.57. Candidate UTAD: intrabar high=1945.10 exceeded range resistance=1938.17 (+0.36%), closed back below at 1884.60 (close pos=0.57), elevated volume 11.25x avg (threshold >= 1.5x), spread 2.03x ATR",1966.22,2.9,11,False,[DISQUALIFIED] Score: 25.5/100.0 | DISQUALIFIED: Most recent event is UTAD (Upthrust After Distribution / potential distribution phase).,https://www.tradingview.com/chart/?symbol=NSE%3AIPCALAB&interval=D,https://www.tradingview.com/chart/?symbol=NSE%3AIPCALAB&interval=W,https://www.tradingview.com/chart/?symbol=NSE%3AIPCALAB&interval=75,pending,data/research_datasets/20260824,2026-08-24 10:05:13 UTC
EMCURE,EMCURE.NS,Emcure Pharmaceuticals Limited,2026-08-21,528,DISQUALIFIED,True,True,25.5,True,Most recent event is UTAD (Upthrust After Distribution / potential distribution phase).,True,False,False,True,True,True,1863.0,42.9,1867.5,1770.17,,,0.96,0.099,,0.77,0.95,0.33,False,False,False,False,UTAD,2026-07-28,False,False,False,True,60,"Bar vol_ratio=2.03x, spread_ratio=1.36x, close_pos=0.08. Candidate UTAD: intrabar high=1960.00 exceeded range resistance=1944.00 (+0.82%), closed back below at 1892.20 (close pos=0.08), elevated volume 2.03x avg (threshold >= 1.5x), spread 1.36x ATR",2046.0,9.8,9,False,[DISQUALIFIED] Score: 25.5/100.0 | DISQUALIFIED: Most recent event is UTAD (Upthrust After Distribution / potential distribution phase).,https://www.tradingview.com/chart/?symbol=NSE%3AEMCURE&interval=D,https://www.tradingview.com/chart/?symbol=NSE%3AEMCURE&interval=W,https://www.tradingview.com/chart/?symbol=NSE%3AEMCURE&interval=75,pending,data/research_datasets/20260824,2026-08-24 10:05:13 UTC
CARTRADE,CARTRADE.NS,Cartrade Tech Limited,2026-08-21,901,DISQUALIFIED,True,True,25.5,True,Most recent event is UTAD (Upthrust After Distribution / potential distribution phase).,False,True,True,True,False,True,3072.9,68.6,2746.22,2291.0,,,0.7,0.124,,2.99,2.25,0.67,False,False,False,False,UTAD,2026-08-21,False,False,False,True,122,"Bar vol_ratio=2.99x, spread_ratio=2.25x, close_pos=0.67. Candidate UTAD: intrabar high=3165.00 exceeded range resistance=3081.50 (+2.71%), closed back below at 3072.90 (close pos=0.67), elevated volume 2.99x avg (threshold >= 1.5x), spread 2.25x ATR",3358.3,9.3,37,False,[DISQUALIFIED] Score: 25.5/100.0 | DISQUALIFIED: Most recent event is UTAD (Upthrust After Distribution / potential distribution phase).,https://www.tradingview.com/chart/?symbol=NSE%3ACARTRADE&interval=D,https://www.tradingview.com/chart/?symbol=NSE%3ACARTRADE&interval=W,https://www.tradingview.com/chart/?symbol=NSE%3ACARTRADE&interval=75,pending,data/research_datasets/20260824,2026-08-24 10:05:13 UTC
BLUESTONE,BLUESTONE.NS,BlueStone Jewellery and Lifestyle Limited,2026-08-21,252,DISQUALIFIED,True,True,25.5,True,Most recent event is UTAD (Upthrust After Distribution / potential distribution phase).,True,True,True,False,True,True,846.4,61.8,681.01,588.98,,,1.11,0.162,,0.14,0.69,0.89,False,False,False,False,UTAD,2026-08-05,False,False,False,True,38,"Bar vol_ratio=1.60x, spread_ratio=1.02x, close_pos=0.35. Candidate UTAD: intrabar high=894.40 exceeded range resistance=869.50 (+2.86%), closed back below at 856.00 (close pos=0.35), elevated volume 1.60x avg (threshold >= 1.5x), spread 1.02x ATR",897.6,6.0,9,False,[DISQUALIFIED] Score: 25.5/100.0 | DISQUALIFIED: Most recent event is UTAD (Upthrust After Distribution / potential distribution phase).,https://www.tradingview.com/chart/?symbol=NSE%3ABLUESTONE&interval=D,https://www.tradingview.com/chart/?symbol=NSE%3ABLUESTONE&interval=W,https://www.tradingview.com/chart/?symbol=NSE%3ABLUESTONE&interval=75,pending,data/research_datasets/20260824,2026-08-24 10:05:13 UTC
TTKHLTCARE,TTKHLTCARE.NS,TTK Healthcare Limited,2026-08-21,900,DISQUALIFIED,True,True,25.0,True,Most recent event is UTAD (Upthrust After Distribution / potential distribution phase).,False,True,True,False,True,True,1102.5,57.8,994.55,938.77,,,1.21,0.148,,0.87,1.06,0.34,False,False,False,False,UTAD,2026-08-06,False,False,False,True,183,"Bar vol_ratio=5.02x, spread_ratio=2.67x, close_pos=0.33. Candidate UTAD: intrabar high=1210.00 exceeded range resistance=1167.00 (+3.68%), closed back below at 1094.10 (close pos=0.33), elevated volume 5.02x avg (threshold >= 1.5x), spread 2.67x ATR",1460.45,32.5,16,False,[DISQUALIFIED] Score: 25.0/100.0 | DISQUALIFIED: Most recent event is UTAD (Upthrust After Distribution / potential distribution phase).,https://www.tradingview.com/chart/?symbol=NSE%3ATTKHLTCARE&interval=D,https://www.tradingview.com/chart/?symbol=NSE%3ATTKHLTCARE&interval=W,https://www.tradingview.com/chart/?symbol=NSE%3ATTKHLTCARE&interval=75,pending,data/research_datasets/20260824,2026-08-24 10:05:13 UTC
TIJARIA,TIJARIA.NS,Tijaria Polypipes Limited,2026-08-21,900,DISQUALIFIED,True,False,25.0,True,Most recent event is UTAD (Upthrust After Distribution / potential distribution phase).,False,True,True,False,False,False,5.92,60.8,4.75,4.64,,,1.51,0.405,,0.53,0.9,0.58,False,False,False,False,UTAD,2026-08-19,False,False,False,True,180,"Bar vol_ratio=1.73x, spread_ratio=2.06x, close_pos=0.43. Candidate UTAD: intrabar high=6.81 exceeded range resistance=6.42 (+6.07%), closed back below at 6.12 (close pos=0.43), elevated volume 1.73x avg (threshold >= 1.5x), spread 2.06x ATR",22.18,274.7,22,False,[DISQUALIFIED] Score: 25.0/100.0 | DISQUALIFIED: Most recent event is UTAD (Upthrust After Distribution / potential distribution phase).,https://www.tradingview.com/chart/?symbol=NSE%3ATIJARIA&interval=D,https://www.tradingview.com/chart/?symbol=NSE%3ATIJARIA&interval=W,https://www.tradingview.com/chart/?symbol=NSE%3ATIJARIA&interval=75,pending,data/research_datasets/20260824,2026-08-24 10:05:13 UTC
TIIL,TIIL.NS,Technocraft Industries (India) Limited,2026-08-21,899,DISQUALIFIED,True,False,25.0,True,Most recent event is UTAD (Upthrust After Distribution / potential distribution phase).,True,True,False,False,False,True,3318.8,75.8,2649.44,2558.51,,,1.67,0.375,,0.64,1.05,0.96,False,False,False,False,UTAD,2026-08-18,False,False,False,True,110,"Bar vol_ratio=2.66x, spread_ratio=2.04x, close_pos=0.70. Candidate UTAD: intrabar high=3359.90 exceeded range resistance=3299.90 (+1.82%), closed back below at 3280.20 (close pos=0.70), elevated volume 2.66x avg (threshold >= 1.5x), spread 2.04x ATR",4547.1,37.0,66,False,[DISQUALIFIED] Score: 25.0/100.0 | DISQUALIFIED: Most recent event is UTAD (Upthrust After Distribution / potential distribution phase).,https://www.tradingview.com/chart/?symbol=NSE%3ATIIL&interval=D,https://www.tradingview.com/chart/?symbol=NSE%3ATIIL&interval=W,https://www.tradingview.com/chart/?symbol=NSE%3ATIIL&interval=75,pending,data/research_datasets/20260824,2026-08-24 10:05:13 UTC
THEINVEST,THEINVEST.NS,The Investment Trust Of India Limited,2026-08-21,899,DISQUALIFIED,True,False,25.0,True,Failed all mechanical trend & momentum filters.,False,False,False,False,False,False,96.73,46.1,97.93,100.92,,,1.06,0.082,,0.79,0.37,0.15,False,False,True,False,LPS,2026-07-08,True,False,False,False,131,"Bar vol_ratio=0.30x, spread_ratio=0.61x, close_pos=0.38. Candidate LPS: higher low=94.30 vs prior ST low=94.16 (+0.1%), holding above range support=90.50, low volume 0.30x avg (threshold < 0.75x), spread 0.61x ATR, close pos=0.38",218.32,125.7,41,False,[DISQUALIFIED] Score: 25.0/100.0 | DISQUALIFIED: Failed all mechanical trend & momentum filters.,https://www.tradingview.com/chart/?symbol=NSE%3ATHEINVEST&interval=D,https://www.tradingview.com/chart/?symbol=NSE%3ATHEINVEST&interval=W,https://www.tradingview.com/chart/?symbol=NSE%3ATHEINVEST&interval=75,pending,data/research_datasets/20260824,2026-08-24 10:05:13 UTC
TATACAP,TATACAP.NS,Tata Capital Limited,2026-08-21,216,DISQUALIFIED,True,True,25.0,True,Most recent event is UTAD (Upthrust After Distribution / potential distribution phase).,False,True,False,True,True,True,365.05,54.0,357.48,337.89,,,0.86,0.069,,0.41,0.6,0.68,False,False,False,False,UTAD,2026-06-16,False,False,False,True,23,"Bar vol_ratio=2.39x, spread_ratio=1.83x, close_pos=0.38. Candidate UTAD: intrabar high=348.17 exceeded range resistance=345.42 (+0.79%), closed back below at 338.53 (close pos=0.38), elevated volume 2.39x avg (threshold >= 1.5x), spread 1.83x ATR",440.81,20.8,8,False,[DISQUALIFIED] Score: 25.0/100.0 | DISQUALIFIED: Most recent event is UTAD (Upthrust After Distribution / potential distribution phase).,https://www.tradingview.com/chart/?symbol=NSE%3ATATACAP&interval=D,https://www.tradingview.com/chart/?symbol=NSE%3ATATACAP&interval=W,https://www.tradingview.com/chart/?symbol=NSE%3ATATACAP&interval=75,pending,data/research_datasets/20260824,2026-08-24 10:05:13 UTC
SPLIL,SPLIL.NS,SPL Industries Limited,2026-08-21,899,DISQUALIFIED,True,False,25.0,True,Most recent event is UTAD (Upthrust After Distribution / potential distribution phase).,False,False,False,True,True,False,30.25,45.1,31.26,30.97,,,0.98,0.11,,0.17,0.53,0.24,False,False,True,False,UTAD,2026-07-16,False,False,False,True,132,"Bar vol_ratio=3.39x, spread_ratio=1.04x, close_pos=0.28. Candidate UTAD: intrabar high=35.44 exceeded range resistance=35.39 (+0.14%), closed back below at 33.93 (close pos=0.28), elevated volume 3.39x avg (threshold >= 1.5x), spread 1.04x ATR",85.12,181.4,18,False,[DISQUALIFIED] Score: 25.0/100.0 | DISQUALIFIED: Most recent event is UTAD (Upthrust After Distribution / potential distribution phase).,https://www.tradingview.com/chart/?symbol=NSE%3ASPLIL&interval=D,https://www.tradingview.com/chart/?symbol=NSE%3ASPLIL&interval=W,https://www.tradingview.com/chart/?symbol=NSE%3ASPLIL&interval=75,pending,data/research_datasets/20260824,2026-08-24 10:05:13 UTC
SHANTIGOLD,SHANTIGOLD.NS,Shanti Gold International Limited,2026-08-21,264,DISQUALIFIED,True,False,25.0,True,Most recent event is UTAD (Upthrust After Distribution / potential distribution phase).,True,True,False,False,False,True,269.58,70.5,223.57,216.58,,,1.47,0.294,,2.03,1.38,0.71,False,False,False,False,UTAD,2026-08-21,False,False,False,True,38,"Bar vol_ratio=2.03x, spread_ratio=1.38x, close_pos=0.71. Candidate UTAD: intrabar high=274.70 exceeded range resistance=269.97 (+1.75%), closed back below at 269.58 (close pos=0.71), elevated volume 2.03x avg (threshold >= 1.5x), spread 1.38x ATR",423.97,57.3,35,False,[DISQUALIFIED] Score: 25.0/100.0 | DISQUALIFIED: Most recent event is UTAD (Upthrust After Distribution / potential distribution phase).,https://www.tradingview.com/chart/?symbol=NSE%3ASHANTIGOLD&interval=D,https://www.tradingview.com/chart/?symbol=NSE%3ASHANTIGOLD&interval=W,https://www.tradingview.com/chart/?symbol=NSE%3ASHANTIGOLD&interval=75,pending,data/research_datasets/20260824,2026-08-24 10:05:13 UTC
SALASAR,SALASAR.NS,Salasar Techno Engineering Limited,2026-08-21,901,DISQUALIFIED,True,False,25.0,True,Failed all mechanical trend & momentum filters.,False,False,False,False,False,True,5.94,45.5,6.16,6.66,,,1.0,0.057,,0.66,0.48,0.13,False,False,True,False,LPS,2026-07-01,True,False,False,False,145,"Bar vol_ratio=0.67x, spread_ratio=1.18x, close_pos=0.73. Candidate LPS: higher low=5.97 vs prior ST low=5.96 (+0.2%), holding above range support=5.80, low volume 0.67x avg (threshold < 0.75x), spread 1.18x ATR, close pos=0.73",9.96,67.7,5,False,[DISQUALIFIED] Score: 25.0/100.0 | DISQUALIFIED: Failed all mechanical trend & momentum filters.,https://www.tradingview.com/chart/?symbol=NSE%3ASALASAR&interval=D,https://www.tradingview.com/chart/?symbol=NSE%3ASALASAR&interval=W,https://www.tradingview.com/chart/?symbol=NSE%3ASALASAR&interval=75,pending,data/research_datasets/20260824,2026-08-24 10:05:13 UTC
SAHLIBHFI,SAHLIBHFI.NS,Shalibhadra Finance Limited,2026-08-21,94,DISQUALIFIED,True,False,25.0,True,Failed all mechanical trend & momentum filters.,False,False,False,False,False,False,74.0,45.0,77.51,,,,1.09,0.173,,2.46,0.7,0.52,True,False,False,False,LPS,2026-06-10,True,False,False,False,20,"Bar vol_ratio=0.08x, spread_ratio=0.62x, close_pos=0.37. Candidate LPS: higher low=75.51 vs prior ST low=74.00 (+2.0%), holding above range support=70.05, low volume 0.08x avg (threshold < 0.75x), spread 0.62x ATR, close pos=0.37",136.39,84.3,20,False,[DISQUALIFIED] Score: 25.0/100.0 | DISQUALIFIED: Failed all mechanical trend & momentum filters.,https://www.tradingview.com/chart/?symbol=NSE%3ASAHLIBHFI&interval=D,https://www.tradingview.com/chart/?symbol=NSE%3ASAHLIBHFI&interval=W,https://www.tradingview.com/chart/?symbol=NSE%3ASAHLIBHFI&interval=75,pending,data/research_datasets/20260824,2026-08-24 10:05:13 UTC
RAJRATAN,RAJRATAN.NS,Rajratan Global Wire Limited,2026-08-21,900,DISQUALIFIED,True,True,25.0,True,Most recent event is UTAD (Upthrust After Distribution / potential distribution phase).,False,True,False,True,True,True,501.75,49.0,483.91,450.88,,,0.91,0.118,,0.53,0.85,0.42,False,False,False,False,UTAD,2026-08-04,False,False,False,True,149,"Bar vol_ratio=2.13x, spread_ratio=1.33x, close_pos=0.66. Candidate UTAD: intrabar high=553.00 exceeded range resistance=544.00 (+1.65%), closed back below at 540.05 (close pos=0.66), elevated volume 2.13x avg (threshold >= 1.5x), spread 1.33x ATR",948.9,89.1,15,False,[DISQUALIFIED] Score: 25.0/100.0 | DISQUALIFIED: Most recent event is UTAD (Upthrust After Distribution / potential distribution phase).,https://www.tradingview.com/chart/?symbol=NSE%3ARAJRATAN&interval=D,https://www.tradingview.com/chart/?symbol=NSE%3ARAJRATAN&interval=W,https://www.tradingview.com/chart/?symbol=NSE%3ARAJRATAN&interval=75,pending,data/research_datasets/20260824,2026-08-24 10:05:13 UTC
PWL,PWL.NS,Physicswallah Limited,2026-08-21,192,DISQUALIFIED,True,False,25.0,True,Most recent event is UTAD (Upthrust After Distribution / potential distribution phase).,False,False,False,True,True,True,120.83,42.9,128.08,117.25,,,0.89,0.109,,0.42,0.55,0.25,False,False,True,False,UTAD,2026-07-08,False,False,False,True,24,"Bar vol_ratio=5.61x, spread_ratio=2.24x, close_pos=0.11. Candidate UTAD: intrabar high=159.43 exceeded range resistance=152.67 (+4.43%), closed back below at 146.64 (close pos=0.11), elevated volume 5.61x avg (threshold >= 1.5x), spread 2.24x ATR",166.26,37.6,10,False,[DISQUALIFIED] Score: 25.0/100.0 | DISQUALIFIED: Most recent event is UTAD (Upthrust After Distribution / potential distribution phase).,https://www.tradingview.com/chart/?symbol=NSE%3APWL&interval=D,https://www.tradingview.com/chart/?symbol=NSE%3APWL&interval=W,https://www.tradingview.com/chart/?symbol=NSE%3APWL&interval=75,pending,data/research_datasets/20260824,2026-08-24 10:05:13 UTC
PILANIINVS,PILANIINVS.NS,Pilani Investment and Industries Corporation Limited,2026-08-21,899,DISQUALIFIED,True,False,25.0,True,Failed all mechanical trend & momentum filters.,False,False,False,False,False,True,4356.9,48.7,4374.84,4463.7,,,1.2,0.067,,0.73,1.01,0.53,False,False,False,False,LPS,2026-06-17,True,False,False,False,103,"Bar vol_ratio=0.43x, spread_ratio=0.62x, close_pos=0.86. Candidate LPS: higher low=4365.98 vs prior ST low=4346.22 (+0.5%), holding above range support=4159.60, low volume 0.43x avg (threshold < 0.75x), spread 0.62x ATR, close pos=0.86",7121.97,63.5,45,False,[DISQUALIFIED] Score: 25.0/100.0 | DISQUALIFIED: Failed all mechanical trend & momentum filters.,https://www.tradingview.com/chart/?symbol=NSE%3APILANIINVS&interval=D,https://www.tradingview.com/chart/?symbol=NSE%3APILANIINVS&interval=W,https://www.tradingview.com/chart/?symbol=NSE%3APILANIINVS&interval=75,pending,data/research_datasets/20260824,2026-08-24 10:05:13 UTC
PANAMAPET,PANAMAPET.NS,Panama Petrochem Limited,2026-08-21,900,DISQUALIFIED,True,True,25.0,True,Most recent event is UTAD (Upthrust After Distribution / potential distribution phase).,True,True,False,False,True,True,485.2,53.8,449.25,374.92,,,1.21,0.224,,0.18,0.35,0.2,False,False,True,False,SC,2026-08-12,False,False,False,False,134,"Bar vol_ratio=12.14x, spread_ratio=4.61x, close_pos=0.17. Candidate SC: volume 12.14x 20-period avg (threshold >= 2.0x), spread 4.61x 20-period ATR (threshold >= 1.5x), down-close (Open=552.15, Close=477.56, close pos=0.17), Prior peak=546.58, bar low=453.61, decline=17.0% over prior 10 bars (threshold >= 3.0%)",867.61,78.8,35,False,[DISQUALIFIED] Score: 25.0/100.0 | DISQUALIFIED: Most recent event is UTAD (Upthrust After Distribution / potential distribution phase).,https://www.tradingview.com/chart/?symbol=NSE%3APANAMAPET&interval=D,https://www.tradingview.com/chart/?symbol=NSE%3APANAMAPET&interval=W,https://www.tradingview.com/chart/?symbol=NSE%3APANAMAPET&interval=75,pending,data/research_datasets/20260824,2026-08-24 10:05:13 UTC
ORIENTCER,ORIENTCER.NS,ORIENT CERATECH LIMITED,2026-08-21,899,DISQUALIFIED,True,False,25.0,True,Most recent event is UTAD (Upthrust After Distribution / potential distribution phase).,False,True,True,False,False,False,45.63,64.9,41.27,40.95,,,1.16,0.173,,2.16,1.68,0.19,False,False,False,False,SC,2026-08-21,False,False,False,False,134,"Bar vol_ratio=2.16x, spread_ratio=1.68x, close_pos=0.19. Candidate SC: volume 2.16x 20-period avg (threshold >= 2.0x), spread 1.68x 20-period ATR (threshold >= 1.5x), down-close (Open=47.79, Close=45.63, close pos=0.19), Prior peak=47.23, bar low=45.00, decline=4.7% over prior 10 bars (threshold >= 3.0%)",96.49,111.5,75,False,[DISQUALIFIED] Score: 25.0/100.0 | DISQUALIFIED: Most recent event is UTAD (Upthrust After Distribution / potential distribution phase).,https://www.tradingview.com/chart/?symbol=NSE%3AORIENTCER&interval=D,https://www.tradingview.com/chart/?symbol=NSE%3AORIENTCER&interval=W,https://www.tradingview.com/chart/?symbol=NSE%3AORIENTCER&interval=75,pending,data/research_datasets/20260824,2026-08-24 10:05:13 UTC
MVGJL,MVGJL.NS,Manoj Vaibhav Gems N Jewellers Limited,2026-08-21,714,DISQUALIFIED,True,False,25.0,True,Failed all mechanical trend & momentum filters.,False,False,False,False,False,True,149.6,39.8,156.29,159.83,,,1.05,0.221,,1.18,0.76,0.48,False,False,False,False,LPS,2026-06-26,True,False,False,False,83,"Bar vol_ratio=0.00x, spread_ratio=0.00x, close_pos=0.50. Candidate LPS: higher low=143.80 vs prior Spring low=142.22 (+1.1%), holding above range support=142.22, low volume 0.00x avg (threshold < 0.75x), spread 0.00x ATR, close pos=0.50",264.21,76.6,18,False,[DISQUALIFIED] Score: 25.0/100.0 | DISQUALIFIED: Failed all mechanical trend & momentum filters.,https://www.tradingview.com/chart/?symbol=NSE%3AMVGJL&interval=D,https://www.tradingview.com/chart/?symbol=NSE%3AMVGJL&interval=W,https://www.tradingview.com/chart/?symbol=NSE%3AMVGJL&interval=75,pending,data/research_datasets/20260824,2026-08-24 10:05:13 UTC
MODIS,MODIS.NS,Modis Navnirman Limited,2026-08-21,192,DISQUALIFIED,True,True,25.0,True,Most recent event is UTAD (Upthrust After Distribution / potential distribution phase).,True,True,False,False,True,True,383.15,45.9,370.08,357.45,,,1.28,0.087,,1.83,1.53,0.21,False,False,False,False,UTAD,2026-07-23,False,False,False,True,16,"Bar vol_ratio=1.56x, spread_ratio=2.07x, close_pos=0.08. Candidate UTAD: intrabar high=429.05 exceeded range resistance=424.00 (+1.19%), closed back below at 402.25 (close pos=0.08), elevated volume 1.56x avg (threshold >= 1.5x), spread 2.07x ATR",588.8,53.7,16,False,[DISQUALIFIED] Score: 25.0/100.0 | DISQUALIFIED: Most recent event is UTAD (Upthrust After Distribution / potential distribution phase).,https://www.tradingview.com/chart/?symbol=NSE%3AMODIS&interval=D,https://www.tradingview.com/chart/?symbol=NSE%3AMODIS&interval=W,https://www.tradingview.com/chart/?symbol=NSE%3AMODIS&interval=75,pending,data/research_datasets/20260824,2026-08-24 10:05:13 UTC
MODIRUBBER,MODIRUBBER.NS,Modi Rubber Limited,2026-08-21,900,DISQUALIFIED,True,False,25.0,True,Most recent event is UTAD (Upthrust After Distribution / potential distribution phase).,True,False,True,False,False,False,134.24,64.9,126.17,127.68,,,1.32,0.131,,8.74,3.93,0.63,False,False,False,False,UTAD,2026-08-21,False,False,False,True,153,"Bar vol_ratio=8.74x, spread_ratio=3.93x, close_pos=0.63. Candidate UTAD: intrabar high=144.00 exceeded range resistance=135.60 (+6.19%), closed back below at 134.24 (close pos=0.63), elevated volume 8.74x avg (threshold >= 1.5x), spread 3.93x ATR",396.55,195.4,91,False,[DISQUALIFIED] Score: 25.0/100.0 | DISQUALIFIED: Most recent event is UTAD (Upthrust After Distribution / potential distribution phase).,https://www.tradingview.com/chart/?symbol=NSE%3AMODIRUBBER&interval=D,https://www.tradingview.com/chart/?symbol=NSE%3AMODIRUBBER&interval=W,https://www.tradingview.com/chart/?symbol=NSE%3AMODIRUBBER&interval=75,pending,data/research_datasets/20260824,2026-08-24 10:05:13 UTC
MANOMAY,MANOMAY.NS,Manomay Tex India Limited,2026-08-21,887,DISQUALIFIED,True,False,25.0,True,Most recent event is UTAD (Upthrust After Distribution / potential distribution phase).,False,False,True,True,True,True,217.19,63.2,196.41,198.28,,,0.95,0.065,,0.92,0.7,0.83,False,False,False,False,UTAD,2026-08-05,False,False,False,True,146,"Bar vol_ratio=2.10x, spread_ratio=1.18x, close_pos=0.54. Candidate UTAD: intrabar high=218.50 exceeded range resistance=217.91 (+0.27%), closed back below at 214.06 (close pos=0.54), elevated volume 2.10x avg (threshold >= 1.5x), spread 1.18x ATR",419.19,93.0,78,False,[DISQUALIFIED] Score: 25.0/100.0 | DISQUALIFIED: Most recent event is UTAD (Upthrust After Distribution / potential distribution phase).,https://www.tradingview.com/chart/?symbol=NSE%3AMANOMAY&interval=D,https://www.tradingview.com/chart/?symbol=NSE%3AMANOMAY&interval=W,https://www.tradingview.com/chart/?symbol=NSE%3AMANOMAY&interval=75,pending,data/research_datasets/20260824,2026-08-24 10:05:13 UTC
MANALIPETC,MANALIPETC.NS,Manali Petrochemicals Limited,2026-08-21,901,DISQUALIFIED,True,True,25.0,True,Most recent event is UTAD (Upthrust After Distribution / potential distribution phase).,False,True,True,False,False,True,74.02,64.3,65.76,61.14,,,1.22,0.207,,0.99,1.59,0.09,False,False,False,False,UTAD,2026-08-19,False,False,False,True,105,"Bar vol_ratio=8.65x, spread_ratio=2.68x, close_pos=0.22. Candidate UTAD: intrabar high=78.72 exceeded range resistance=74.45 (+5.74%), closed back below at 72.80 (close pos=0.22), elevated volume 8.65x avg (threshold >= 1.5x), spread 2.68x ATR",255.14,244.7,63,False,[DISQUALIFIED] Score: 25.0/100.0 | DISQUALIFIED: Most recent event is UTAD (Upthrust After Distribution / potential distribution phase).,https://www.tradingview.com/chart/?symbol=NSE%3AMANALIPETC&interval=D,https://www.tradingview.com/chart/?symbol=NSE%3AMANALIPETC&interval=W,https://www.tradingview.com/chart/?symbol=NSE%3AMANALIPETC&interval=75,pending,data/research_datasets/20260824,2026-08-24 10:05:13 UTC
MANAKALUCO,MANAKALUCO.NS,Manaksia Aluminium Company Limited,2026-08-21,901,DISQUALIFIED,True,False,25.0,True,Most recent event is UTAD (Upthrust After Distribution / potential distribution phase).,True,True,False,False,False,False,37.87,50.4,37.27,35.56,,,1.15,0.282,,0.12,0.35,0.83,False,True,False,False,UTAD,2026-08-10,False,False,False,True,135,"Bar vol_ratio=9.12x, spread_ratio=1.68x, close_pos=0.30. Candidate UTAD: intrabar high=47.35 exceeded range resistance=45.50 (+4.07%), closed back below at 44.59 (close pos=0.30), elevated volume 9.12x avg (threshold >= 1.5x), spread 1.68x ATR",61.49,62.4,33,False,[DISQUALIFIED] Score: 25.0/100.0 | DISQUALIFIED: Most recent event is UTAD (Upthrust After Distribution / potential distribution phase).,https://www.tradingview.com/chart/?symbol=NSE%3AMANAKALUCO&interval=D,https://www.tradingview.com/chart/?symbol=NSE%3AMANAKALUCO&interval=W,https://www.tradingview.com/chart/?symbol=NSE%3AMANAKALUCO&interval=75,pending,data/research_datasets/20260824,2026-08-24 10:05:13 UTC
MAHLIFE,MAHLIFE.NS,Mahindra Lifespace Developers Limited,2026-08-21,901,DISQUALIFIED,True,True,25.0,True,Most recent event is UTAD (Upthrust After Distribution / potential distribution phase).,False,True,False,True,True,True,379.8,50.2,372.43,351.08,,,0.97,0.061,,0.51,0.8,0.66,False,False,False,False,UTAD,2026-07-23,False,False,False,True,100,"Bar vol_ratio=9.86x, spread_ratio=3.36x, close_pos=0.19. Candidate UTAD: intrabar high=408.00 exceeded range resistance=383.00 (+6.53%), closed back below at 377.50 (close pos=0.19), elevated volume 9.86x avg (threshold >= 1.5x), spread 3.36x ATR",751.55,97.9,28,False,[DISQUALIFIED] Score: 25.0/100.0 | DISQUALIFIED: Most recent event is UTAD (Upthrust After Distribution / potential distribution phase).,https://www.tradingview.com/chart/?symbol=NSE%3AMAHLIFE&interval=D,https://www.tradingview.com/chart/?symbol=NSE%3AMAHLIFE&interval=W,https://www.tradingview.com/chart/?symbol=NSE%3AMAHLIFE&interval=75,pending,data/research_datasets/20260824,2026-08-24 10:05:13 UTC
LOVABLE,LOVABLE.NS,Lovable Lingerie Limited,2026-08-21,900,DISQUALIFIED,True,False,25.0,True,Most recent event is UTAD (Upthrust After Distribution / potential distribution phase).,False,False,False,True,True,False,71.56,44.4,74.2,72.97,,,0.78,0.061,,0.39,0.78,0.51,False,False,False,False,UTAD,2026-07-03,False,False,False,True,108,"Bar vol_ratio=4.87x, spread_ratio=2.74x, close_pos=0.59. Candidate UTAD: intrabar high=86.90 exceeded range resistance=86.26 (+0.74%), closed back below at 82.89 (close pos=0.59), elevated volume 4.87x avg (threshold >= 1.5x), spread 2.74x ATR",150.84,110.8,26,False,[DISQUALIFIED] Score: 25.0/100.0 | DISQUALIFIED: Most recent event is UTAD (Upthrust After Distribution / potential distribution phase).,https://www.tradingview.com/chart/?symbol=NSE%3ALOVABLE&interval=D,https://www.tradingview.com/chart/?symbol=NSE%3ALOVABLE&interval=W,https://www.tradingview.com/chart/?symbol=NSE%3ALOVABLE&interval=75,pending,data/research_datasets/20260824,2026-08-24 10:05:13 UTC
LICI,LICI.NS,Life Insurance Corporation Of India,2026-08-21,901,DISQUALIFIED,True,True,25.0,True,Most recent event is UTAD (Upthrust After Distribution / potential distribution phase).,False,True,True,False,False,True,422.25,55.8,421.52,407.37,,,1.16,0.126,,0.54,0.66,0.43,False,False,False,False,UTAD,2026-07-17,False,False,False,True,110,"Bar vol_ratio=1.69x, spread_ratio=1.71x, close_pos=0.06. Candidate UTAD: intrabar high=447.60 exceeded range resistance=447.40 (+0.04%), closed back below at 433.10 (close pos=0.06), elevated volume 1.69x avg (threshold >= 1.5x), spread 1.71x ATR",768.35,82.0,23,False,[DISQUALIFIED] Score: 25.0/100.0 | DISQUALIFIED: Most recent event is UTAD (Upthrust After Distribution / potential distribution phase).,https://www.tradingview.com/chart/?symbol=NSE%3ALICI&interval=D,https://www.tradingview.com/chart/?symbol=NSE%3ALICI&interval=W,https://www.tradingview.com/chart/?symbol=NSE%3ALICI&interval=75,pending,data/research_datasets/20260824,2026-08-24 10:05:13 UTC
LANCORHOL,LANCORHOL.NS,Lancor Holdings Limited,2026-08-21,606,DISQUALIFIED,True,False,25.0,True,Most recent event is UTAD (Upthrust After Distribution / potential distribution phase).,False,True,True,False,False,False,30.95,65.9,26.0,25.13,,,1.36,0.23,,4.94,1.19,0.6,False,False,False,False,UTAD,2026-08-11,False,False,False,True,65,"Bar vol_ratio=4.55x, spread_ratio=1.64x, close_pos=0.47. Candidate UTAD: intrabar high=29.20 exceeded range resistance=28.40 (+2.82%), closed back below at 27.72 (close pos=0.47), elevated volume 4.55x avg (threshold >= 1.5x), spread 1.64x ATR",93.51,202.1,23,False,[DISQUALIFIED] Score: 25.0/100.0 | DISQUALIFIED: Most recent event is UTAD (Upthrust After Distribution / potential distribution phase).,https://www.tradingview.com/chart/?symbol=NSE%3ALANCORHOL&interval=D,https://www.tradingview.com/chart/?symbol=NSE%3ALANCORHOL&interval=W,https://www.tradingview.com/chart/?symbol=NSE%3ALANCORHOL&interval=75,pending,data/research_datasets/20260824,2026-08-24 10:05:13 UTC
KRYSTAL,KRYSTAL.NS,Krystal Integrated Services Limited,2026-08-21,599,DISQUALIFIED,True,False,25.0,True,Most recent event is UTAD (Upthrust After Distribution / potential distribution phase).,True,True,False,False,False,True,657.95,70.9,605.88,592.9,,,1.83,0.138,,1.8,2.95,0.22,False,False,False,False,UTAD,2026-08-21,False,False,False,True,79,"Bar vol_ratio=1.80x, spread_ratio=2.95x, close_pos=0.22. Candidate UTAD: intrabar high=694.00 exceeded range resistance=689.00 (+0.73%), closed back below at 657.95 (close pos=0.22), elevated volume 1.80x avg (threshold >= 1.5x), spread 2.95x ATR",1246.65,89.5,43,False,[DISQUALIFIED] Score: 25.0/100.0 | DISQUALIFIED: Most recent event is UTAD (Upthrust After Distribution / potential distribution phase).,https://www.tradingview.com/chart/?symbol=NSE%3AKRYSTAL&interval=D,https://www.tradingview.com/chart/?symbol=NSE%3AKRYSTAL&interval=W,https://www.tradingview.com/chart/?symbol=NSE%3AKRYSTAL&interval=75,pending,data/research_datasets/20260824,2026-08-24 10:05:13 UTC
JKCEMENT,JKCEMENT.NS,JK Cement Limited,2026-08-21,901,DISQUALIFIED,True,False,25.0,True,Most recent event is UTAD (Upthrust After Distribution / potential distribution phase).,False,False,False,True,False,True,5250.0,38.8,5445.26,5393.46,,,0.71,0.097,,0.4,0.52,0.32,False,False,True,False,UTAD,2026-07-21,False,False,False,True,113,"Bar vol_ratio=3.17x, spread_ratio=1.63x, close_pos=0.66. Candidate UTAD: intrabar high=5750.00 exceeded range resistance=5708.75 (+0.72%), closed back below at 5658.00 (close pos=0.66), elevated volume 3.17x avg (threshold >= 1.5x), spread 1.63x ATR",8510.99,62.1,50,False,[DISQUALIFIED] Score: 25.0/100.0 | DISQUALIFIED: Most recent event is UTAD (Upthrust After Distribution / potential distribution phase).,https://www.tradingview.com/chart/?symbol=NSE%3AJKCEMENT&interval=D,https://www.tradingview.com/chart/?symbol=NSE%3AJKCEMENT&interval=W,https://www.tradingview.com/chart/?symbol=NSE%3AJKCEMENT&interval=75,pending,data/research_datasets/20260824,2026-08-24 10:05:13 UTC
INDORAMA,INDORAMA.NS,Indo Rama Synthetics (India) Limited,2026-08-21,901,DISQUALIFIED,True,True,25.0,True,Most recent event is UTAD (Upthrust After Distribution / potential distribution phase).,False,True,True,False,True,True,62.69,65.3,51.44,45.28,,,1.28,0.282,,1.42,1.23,0.35,False,False,False,False,UTAD,2026-08-04,False,False,False,True,146,"Bar vol_ratio=2.71x, spread_ratio=1.45x, close_pos=0.58. Candidate UTAD: intrabar high=66.45 exceeded range resistance=64.85 (+2.47%), closed back below at 64.46 (close pos=0.58), elevated volume 2.71x avg (threshold >= 1.5x), spread 1.45x ATR",184.78,194.8,47,False,[DISQUALIFIED] Score: 25.0/100.0 | DISQUALIFIED: Most recent event is UTAD (Upthrust After Distribution / potential distribution phase).,https://www.tradingview.com/chart/?symbol=NSE%3AINDORAMA&interval=D,https://www.tradingview.com/chart/?symbol=NSE%3AINDORAMA&interval=W,https://www.tradingview.com/chart/?symbol=NSE%3AINDORAMA&interval=75,pending,data/research_datasets/20260824,2026-08-24 10:05:13 UTC
INDIQUBE,INDIQUBE.NS,Indiqube Spaces Limited,2026-08-21,264,DISQUALIFIED,True,True,25.0,True,Most recent event is UTAD (Upthrust After Distribution / potential distribution phase).,False,True,True,False,False,True,189.1,61.9,174.45,168.26,,,1.01,0.135,,0.86,0.78,0.3,False,False,False,False,SC,2026-08-20,False,False,False,False,30,"Bar vol_ratio=2.65x, spread_ratio=1.71x, close_pos=0.34. Candidate SC: volume 2.65x 20-period avg (threshold >= 2.0x), spread 1.71x 20-period ATR (threshold >= 1.5x), down-close (Open=196.20, Close=189.15, close pos=0.34), Prior peak=196.80, bar low=184.49, decline=6.3% over prior 10 bars (threshold >= 3.0%)",355.82,88.2,31,False,[DISQUALIFIED] Score: 25.0/100.0 | DISQUALIFIED: Most recent event is UTAD (Upthrust After Distribution / potential distribution phase).,https://www.tradingview.com/chart/?symbol=NSE%3AINDIQUBE&interval=D,https://www.tradingview.com/chart/?symbol=NSE%3AINDIQUBE&interval=W,https://www.tradingview.com/chart/?symbol=NSE%3AINDIQUBE&interval=75,pending,data/research_datasets/20260824,2026-08-24 10:05:13 UTC
GKENERGY,GKENERGY.NS,GK Energy Limited,2026-08-21,225,DISQUALIFIED,True,False,25.0,True,Most recent event is UTAD (Upthrust After Distribution / potential distribution phase).,False,False,False,True,False,True,123.3,36.4,137.7,131.26,,,0.8,0.133,,0.62,0.53,0.37,False,False,True,False,UTAD,2026-06-15,False,False,False,True,15,"Bar vol_ratio=1.87x, spread_ratio=2.08x, close_pos=0.30. Candidate UTAD: intrabar high=150.95 exceeded range resistance=145.88 (+3.48%), closed back below at 140.89 (close pos=0.30), elevated volume 1.87x avg (threshold >= 1.5x), spread 2.08x ATR",230.82,87.2,16,False,[DISQUALIFIED] Score: 25.0/100.0 | DISQUALIFIED: Most recent event is UTAD (Upthrust After Distribution / potential distribution phase).,https://www.tradingview.com/chart/?symbol=NSE%3AGKENERGY&interval=D,https://www.tradingview.com/chart/?symbol=NSE%3AGKENERGY&interval=W,https://www.tradingview.com/chart/?symbol=NSE%3AGKENERGY&interval=75,pending,data/research_datasets/20260824,2026-08-24 10:05:13 UTC
GIPCL,GIPCL.NS,Gujarat Industries Power Company Limited,2026-08-21,901,DISQUALIFIED,True,True,25.0,True,Most recent event is UTAD (Upthrust After Distribution / potential distribution phase).,False,True,True,False,False,True,172.64,61.1,163.43,158.46,,,1.19,0.144,,0.57,1.05,0.63,False,False,False,False,UTAD,2026-08-12,False,False,False,True,140,"Bar vol_ratio=12.68x, spread_ratio=2.56x, close_pos=0.31. Candidate UTAD: intrabar high=181.40 exceeded range resistance=174.67 (+3.85%), closed back below at 174.05 (close pos=0.31), elevated volume 12.68x avg (threshold >= 1.5x), spread 2.56x ATR",319.28,84.9,51,False,[DISQUALIFIED] Score: 25.0/100.0 | DISQUALIFIED: Most recent event is UTAD (Upthrust After Distribution / potential distribution phase).,https://www.tradingview.com/chart/?symbol=NSE%3AGIPCL&interval=D,https://www.tradingview.com/chart/?symbol=NSE%3AGIPCL&interval=W,https://www.tradingview.com/chart/?symbol=NSE%3AGIPCL&interval=75,pending,data/research_datasets/20260824,2026-08-24 10:05:13 UTC
ENERGYDEV,ENERGYDEV.NS,Energy Development Company Limited,2026-08-21,899,DISQUALIFIED,True,False,25.0,True,Most recent event is UTAD (Upthrust After Distribution / potential distribution phase).,False,False,False,True,True,False,16.35,44.3,16.81,16.7,,,0.97,0.063,,0.39,0.53,0.1,False,False,True,False,UTAD,2026-07-01,False,False,False,True,128,"Bar vol_ratio=6.53x, spread_ratio=2.91x, close_pos=0.84. Candidate UTAD: intrabar high=18.50 exceeded range resistance=18.30 (+1.09%), closed back below at 18.11 (close pos=0.84), elevated volume 6.53x avg (threshold >= 1.5x), spread 2.91x ATR",47.22,188.8,41,False,[DISQUALIFIED] Score: 25.0/100.0 | DISQUALIFIED: Most recent event is UTAD (Upthrust After Distribution / potential distribution phase).,https://www.tradingview.com/chart/?symbol=NSE%3AENERGYDEV&interval=D,https://www.tradingview.com/chart/?symbol=NSE%3AENERGYDEV&interval=W,https://www.tradingview.com/chart/?symbol=NSE%3AENERGYDEV&interval=75,pending,data/research_datasets/20260824,2026-08-24 10:05:13 UTC
CUBEXTUB,CUBEXTUB.NS,Cubex Tubings Limited,2026-08-21,900,DISQUALIFIED,True,False,25.0,True,Failed all mechanical trend & momentum filters.,False,False,False,False,False,False,79.11,47.1,80.83,86.47,,,1.06,0.103,,0.65,0.48,0.21,False,True,False,False,LPS,2026-07-03,True,False,False,False,113,"Bar vol_ratio=0.60x, spread_ratio=0.80x, close_pos=0.72. Candidate LPS: higher low=81.01 vs prior ST low=80.40 (+0.8%), holding above range support=79.60, low volume 0.60x avg (threshold < 0.75x), spread 0.80x ATR, close pos=0.72",120.98,52.9,51,False,[DISQUALIFIED] Score: 25.0/100.0 | DISQUALIFIED: Failed all mechanical trend & momentum filters.,https://www.tradingview.com/chart/?symbol=NSE%3ACUBEXTUB&interval=D,https://www.tradingview.com/chart/?symbol=NSE%3ACUBEXTUB&interval=W,https://www.tradingview.com/chart/?symbol=NSE%3ACUBEXTUB&interval=75,pending,data/research_datasets/20260824,2026-08-24 10:05:13 UTC
CPEDU,CPEDU.NS,Career Point Edutech Limited,2026-08-21,240,DISQUALIFIED,True,False,25.0,True,Most recent event is UTAD (Upthrust After Distribution / potential distribution phase).,False,True,False,True,True,False,201.2,46.9,200.89,194.7,,,0.74,0.101,,0.22,0.29,0.3,False,False,True,False,UTAD,2026-07-29,False,False,False,True,21,"Bar vol_ratio=12.46x, spread_ratio=3.08x, close_pos=0.56. Candidate UTAD: intrabar high=225.88 exceeded range resistance=223.00 (+1.29%), closed back below at 212.52 (close pos=0.56), elevated volume 12.46x avg (threshold >= 1.5x), spread 3.08x ATR",373.51,85.6,31,False,[DISQUALIFIED] Score: 25.0/100.0 | DISQUALIFIED: Most recent event is UTAD (Upthrust After Distribution / potential distribution phase).,https://www.tradingview.com/chart/?symbol=NSE%3ACPEDU&interval=D,https://www.tradingview.com/chart/?symbol=NSE%3ACPEDU&interval=W,https://www.tradingview.com/chart/?symbol=NSE%3ACPEDU&interval=75,pending,data/research_datasets/20260824,2026-08-24 10:05:13 UTC
CINELINE,CINELINE.NS,Cineline India Limited,2026-08-21,900,DISQUALIFIED,True,False,25.0,True,Most recent event is UTAD (Upthrust After Distribution / potential distribution phase).,False,False,True,True,True,False,88.03,56.6,82.55,82.93,,,0.84,0.149,,0.34,0.49,0.78,False,True,False,False,UTAD,2026-08-03,False,False,False,True,140,"Bar vol_ratio=1.83x, spread_ratio=1.24x, close_pos=0.13. Candidate UTAD: intrabar high=92.90 exceeded range resistance=89.80 (+3.45%), closed back below at 88.53 (close pos=0.13), elevated volume 1.83x avg (threshold >= 1.5x), spread 1.24x ATR",222.0,152.2,47,False,[DISQUALIFIED] Score: 25.0/100.0 | DISQUALIFIED: Most recent event is UTAD (Upthrust After Distribution / potential distribution phase).,https://www.tradingview.com/chart/?symbol=NSE%3ACINELINE&interval=D,https://www.tradingview.com/chart/?symbol=NSE%3ACINELINE&interval=W,https://www.tradingview.com/chart/?symbol=NSE%3ACINELINE&interval=75,pending,data/research_datasets/20260824,2026-08-24 10:05:13 UTC
AUTOIND,AUTOIND.NS,Autoline Industries Limited,2026-08-24,901,DISQUALIFIED,True,True,25.0,True,Most recent event is UTAD (Upthrust After Distribution / potential distribution phase).,True,True,False,False,True,True,89.87,48.3,89.14,81.17,,,1.15,0.202,,2.59,1.32,0.11,False,False,False,False,UTAD,2026-08-13,False,False,False,True,103,"Bar vol_ratio=2.81x, spread_ratio=1.43x, close_pos=0.92. Candidate UTAD: intrabar high=104.00 exceeded range resistance=103.50 (+0.48%), closed back below at 103.44 (close pos=0.92), elevated volume 2.81x avg (threshold >= 1.5x), spread 1.43x ATR",256.04,184.9,59,False,[DISQUALIFIED] Score: 25.0/100.0 | DISQUALIFIED: Most recent event is UTAD (Upthrust After Distribution / potential distribution phase).,https://www.tradingview.com/chart/?symbol=NSE%3AAUTOIND&interval=D,https://www.tradingview.com/chart/?symbol=NSE%3AAUTOIND&interval=W,https://www.tradingview.com/chart/?symbol=NSE%3AAUTOIND&interval=75,pending,data/research_datasets/20260824,2026-08-24 10:05:13 UTC
ATUL,ATUL.NS,Atul Limited,2026-08-21,901,DISQUALIFIED,True,False,25.0,True,Most recent event is UTAD (Upthrust After Distribution / potential distribution phase).,False,False,False,True,True,True,6509.5,42.8,6513.1,6613.04,,,0.93,0.066,,0.43,0.56,0.5,False,False,True,False,UTAD,2026-08-07,False,False,False,True,130,"Bar vol_ratio=1.52x, spread_ratio=1.24x, close_pos=0.08. Candidate UTAD: intrabar high=7007.00 exceeded range resistance=6973.12 (+0.49%), closed back below at 6774.00 (close pos=0.08), elevated volume 1.52x avg (threshold >= 1.5x), spread 1.24x ATR",16643.0,155.7,41,False,[DISQUALIFIED] Score: 25.0/100.0 | DISQUALIFIED: Most recent event is UTAD (Upthrust After Distribution / potential distribution phase).,https://www.tradingview.com/chart/?symbol=NSE%3AATUL&interval=D,https://www.tradingview.com/chart/?symbol=NSE%3AATUL&interval=W,https://www.tradingview.com/chart/?symbol=NSE%3AATUL&interval=75,pending,data/research_datasets/20260824,2026-08-24 10:05:13 UTC
ALEMBICLTD,ALEMBICLTD.NS,Alembic Limited,2026-08-21,901,DISQUALIFIED,True,True,25.0,True,Most recent event is UTAD (Upthrust After Distribution / potential distribution phase).,False,True,True,False,False,True,92.73,62.7,87.91,87.13,,,1.26,0.104,,1.85,1.11,0.83,False,False,False,False,UTAD,2026-08-21,False,False,False,True,96,"Bar vol_ratio=1.85x, spread_ratio=1.11x, close_pos=0.83. Candidate UTAD: intrabar high=93.20 exceeded range resistance=93.03 (+0.18%), closed back below at 92.73 (close pos=0.83), elevated volume 1.85x avg (threshold >= 1.5x), spread 1.11x ATR",221.14,138.5,44,False,[DISQUALIFIED] Score: 25.0/100.0 | DISQUALIFIED: Most recent event is UTAD (Upthrust After Distribution / potential distribution phase).,https://www.tradingview.com/chart/?symbol=NSE%3AALEMBICLTD&interval=D,https://www.tradingview.com/chart/?symbol=NSE%3AALEMBICLTD&interval=W,https://www.tradingview.com/chart/?symbol=NSE%3AALEMBICLTD&interval=75,pending,data/research_datasets/20260824,2026-08-24 10:05:13 UTC
CEINSYS,CEINSYS.NS,Ceinsys Tech Limited,2026-08-21,127,DISQUALIFIED,True,False,24.0,True,Failed all mechanical trend & momentum filters.,False,False,False,False,False,True,758.65,32.8,875.37,946.14,,,1.24,0.183,,0.33,0.43,0.3,False,False,True,False,ST,2026-08-21,False,False,False,False,20,"Bar vol_ratio=0.33x, spread_ratio=0.43x, close_pos=0.30. Candidate ST: retest of SC low area (SC low=736.35, bar low=753.95, diff=2.4%), volume 0.33x avg strictly lower than SC volume 3.89x, spread 0.43x ATR, close pos=0.30",874.3,15.2,3,False,[DISQUALIFIED] Score: 24.0/100.0 | DISQUALIFIED: Failed all mechanical trend & momentum filters.,https://www.tradingview.com/chart/?symbol=NSE%3ACEINSYS&interval=D,https://www.tradingview.com/chart/?symbol=NSE%3ACEINSYS&interval=W,https://www.tradingview.com/chart/?symbol=NSE%3ACEINSYS&interval=75,pending,data/research_datasets/20260824,2026-08-24 10:05:13 UTC
WIPL,WIPL.NS,The Western India Plywoods Limited,2026-08-21,899,DISQUALIFIED,True,False,22.5,True,Most recent event is UTAD (Upthrust After Distribution / potential distribution phase).,True,False,False,True,True,False,165.0,46.3,168.32,160.36,,,0.68,0.046,,2.91,1.23,0.47,False,False,False,False,UTAD,2026-06-22,False,False,False,True,146,"Bar vol_ratio=2.15x, spread_ratio=3.18x, close_pos=0.68. Candidate UTAD: intrabar high=179.40 exceeded range resistance=178.80 (+0.34%), closed back below at 169.42 (close pos=0.68), elevated volume 2.15x avg (threshold >= 1.5x), spread 3.18x ATR",241.87,46.6,33,True,[DISQUALIFIED] Score: 22.5/100.0 | DISQUALIFIED: Most recent event is UTAD (Upthrust After Distribution / potential distribution phase).,https://www.tradingview.com/chart/?symbol=NSE%3AWIPL&interval=D,https://www.tradingview.com/chart/?symbol=NSE%3AWIPL&interval=W,https://www.tradingview.com/chart/?symbol=NSE%3AWIPL&interval=75,pending,data/research_datasets/20260824,2026-08-24 10:05:13 UTC
WINDLAS,WINDLAS.NS,Windlas Biotech Limited,2026-08-21,900,DISQUALIFIED,True,True,22.5,True,Most recent event is UTAD (Upthrust After Distribution / potential distribution phase).,True,True,True,False,False,True,993.6,66.9,866.52,840.19,,,1.58,0.216,,0.83,1.29,0.71,False,False,False,False,UTAD,2026-08-19,False,False,False,True,101,"Bar vol_ratio=2.23x, spread_ratio=2.10x, close_pos=0.58. Candidate UTAD: intrabar high=1000.60 exceeded range resistance=970.00 (+3.15%), closed back below at 964.95 (close pos=0.58), elevated volume 2.23x avg (threshold >= 1.5x), spread 2.10x ATR",1226.3,23.4,59,True,[DISQUALIFIED] Score: 22.5/100.0 | DISQUALIFIED: Most recent event is UTAD (Upthrust After Distribution / potential distribution phase).,https://www.tradingview.com/chart/?symbol=NSE%3AWINDLAS&interval=D,https://www.tradingview.com/chart/?symbol=NSE%3AWINDLAS&interval=W,https://www.tradingview.com/chart/?symbol=NSE%3AWINDLAS&interval=75,pending,data/research_datasets/20260824,2026-08-24 10:05:13 UTC
WENDT,WENDT.NS,Wendt (India) Limited,2026-08-21,900,DISQUALIFIED,True,True,22.5,True,Most recent event is UTAD (Upthrust After Distribution / potential distribution phase).,False,True,True,True,True,True,8182.5,58.0,7924.7,7419.22,,,0.77,0.052,,0.96,0.76,0.49,False,False,False,False,UTAD,2026-07-27,False,False,False,True,138,"Bar vol_ratio=4.63x, spread_ratio=1.87x, close_pos=0.41. Candidate UTAD: intrabar high=8600.00 exceeded range resistance=8409.18 (+2.27%), closed back below at 8302.50 (close pos=0.41), elevated volume 4.63x avg (threshold >= 1.5x), spread 1.87x ATR",8102.24,-1.0,8,True,[DISQUALIFIED] Score: 22.5/100.0 | DISQUALIFIED: Most recent event is UTAD (Upthrust After Distribution / potential distribution phase).,https://www.tradingview.com/chart/?symbol=NSE%3AWENDT&interval=D,https://www.tradingview.com/chart/?symbol=NSE%3AWENDT&interval=W,https://www.tradingview.com/chart/?symbol=NSE%3AWENDT&interval=75,pending,data/research_datasets/20260824,2026-08-24 10:05:13 UTC
WELENT,WELENT.NS,Welspun Enterprises Limited,2026-08-21,901,DISQUALIFIED,True,True,22.5,True,Most recent event is UTAD (Upthrust After Distribution / potential distribution phase).,True,True,True,False,False,True,631.45,67.2,591.13,545.82,,,1.23,0.111,,9.31,3.49,0.69,False,False,False,False,UTAD,2026-08-21,False,False,False,True,151,"Bar vol_ratio=9.31x, spread_ratio=3.49x, close_pos=0.69. Candidate UTAD: intrabar high=653.70 exceeded range resistance=634.90 (+2.96%), closed back below at 631.45 (close pos=0.69), elevated volume 9.31x avg (threshold >= 1.5x), spread 3.49x ATR",628.75,-0.4,32,True,[DISQUALIFIED] Score: 22.5/100.0 | DISQUALIFIED: Most recent event is UTAD (Upthrust After Distribution / potential distribution phase).,https://www.tradingview.com/chart/?symbol=NSE%3AWELENT&interval=D,https://www.tradingview.com/chart/?symbol=NSE%3AWELENT&interval=W,https://www.tradingview.com/chart/?symbol=NSE%3AWELENT&interval=75,pending,data/research_datasets/20260824,2026-08-24 10:05:13 UTC
UNIVCABLES,UNIVCABLES.NS,Universal Cables Limited,2026-08-21,901,DISQUALIFIED,True,True,22.5,True,Most recent event is UTAD (Upthrust After Distribution / potential distribution phase).,True,True,True,False,False,True,1592.5,59.2,1330.38,1154.14,,,1.3,0.423,,0.49,0.96,0.15,False,False,False,False,UTAD,2026-08-11,False,False,False,True,119,"Bar vol_ratio=2.39x, spread_ratio=1.57x, close_pos=0.16. Candidate UTAD: intrabar high=1774.90 exceeded range resistance=1693.40 (+4.81%), closed back below at 1669.40 (close pos=0.16), elevated volume 2.39x avg (threshold >= 1.5x), spread 1.57x ATR",1462.01,-8.2,52,True,[DISQUALIFIED] Score: 22.5/100.0 | DISQUALIFIED: Most recent event is UTAD (Upthrust After Distribution / potential distribution phase).,https://www.tradingview.com/chart/?symbol=NSE%3AUNIVCABLES&interval=D,https://www.tradingview.com/chart/?symbol=NSE%3AUNIVCABLES&interval=W,https://www.tradingview.com/chart/?symbol=NSE%3AUNIVCABLES&interval=75,pending,data/research_datasets/20260824,2026-08-24 10:05:13 UTC
TATATECH,TATATECH.NS,Tata Technologies Limited,2026-08-21,677,DISQUALIFIED,True,True,22.5,True,Most recent event is UTAD (Upthrust After Distribution / potential distribution phase).,True,True,True,False,False,True,820.75,55.5,762.08,695.52,,,1.19,0.261,,0.26,0.39,0.66,False,False,True,False,UTAD,2026-08-10,False,False,False,True,94,"Bar vol_ratio=2.08x, spread_ratio=1.26x, close_pos=0.75. Candidate UTAD: intrabar high=888.05 exceeded range resistance=880.00 (+0.91%), closed back below at 879.15 (close pos=0.75), elevated volume 2.08x avg (threshold >= 1.5x), spread 1.26x ATR",816.6,-0.5,8,True,[DISQUALIFIED] Score: 22.5/100.0 | DISQUALIFIED: Most recent event is UTAD (Upthrust After Distribution / potential distribution phase).,https://www.tradingview.com/chart/?symbol=NSE%3ATATATECH&interval=D,https://www.tradingview.com/chart/?symbol=NSE%3ATATATECH&interval=W,https://www.tradingview.com/chart/?symbol=NSE%3ATATATECH&interval=75,pending,data/research_datasets/20260824,2026-08-24 10:05:13 UTC
TARIL,TARIL.NS,Transformers And Rectifiers (India) Limited,2026-08-21,901,DISQUALIFIED,True,False,22.5,True,Most recent event is UTAD (Upthrust After Distribution / potential distribution phase).,False,False,False,True,True,True,298.65,47.3,318.3,314.82,,,0.66,0.048,,3.05,2.28,0.7,False,False,False,False,UTAD,2026-06-19,False,False,False,True,90,"Bar vol_ratio=10.98x, spread_ratio=3.66x, close_pos=0.69. Candidate UTAD: intrabar high=372.00 exceeded range resistance=358.00 (+3.91%), closed back below at 357.55 (close pos=0.69), elevated volume 10.98x avg (threshold >= 1.5x), spread 3.66x ATR",555.7,86.1,42,True,[DISQUALIFIED] Score: 22.5/100.0 | DISQUALIFIED: Most recent event is UTAD (Upthrust After Distribution / potential distribution phase).,https://www.tradingview.com/chart/?symbol=NSE%3ATARIL&interval=D,https://www.tradingview.com/chart/?symbol=NSE%3ATARIL&interval=W,https://www.tradingview.com/chart/?symbol=NSE%3ATARIL&interval=75,pending,data/research_datasets/20260824,2026-08-24 10:05:13 UTC
SUVEN,SUVEN.NS,Suven Life Sciences Limited,2026-08-21,901,DISQUALIFIED,True,True,22.5,True,Most recent event is UTAD (Upthrust After Distribution / potential distribution phase).,True,True,True,False,False,True,373.15,65.9,312.95,270.2,,,1.1,0.253,,2.14,1.48,0.41,False,False,False,False,UTAD,2026-08-21,False,False,False,True,103,"Bar vol_ratio=2.14x, spread_ratio=1.48x, close_pos=0.41. Candidate UTAD: intrabar high=389.90 exceeded range resistance=377.45 (+3.30%), closed back below at 373.15 (close pos=0.41), elevated volume 2.14x avg (threshold >= 1.5x), spread 1.48x ATR",274.13,-26.5,49,True,[DISQUALIFIED] Score: 22.5/100.0 | DISQUALIFIED: Most recent event is UTAD (Upthrust After Distribution / potential distribution phase).,https://www.tradingview.com/chart/?symbol=NSE%3ASUVEN&interval=D,https://www.tradingview.com/chart/?symbol=NSE%3ASUVEN&interval=W,https://www.tradingview.com/chart/?symbol=NSE%3ASUVEN&interval=75,pending,data/research_datasets/20260824,2026-08-24 10:05:13 UTC
STARHEALTH,STARHEALTH.NS,Star Health and Allied Insurance Company Limited,2026-08-21,901,DISQUALIFIED,True,True,22.5,True,Most recent event is UTAD (Upthrust After Distribution / potential distribution phase).,True,False,False,True,False,True,578.5,47.0,582.34,546.41,,,0.77,0.065,,0.39,0.58,0.86,False,True,False,False,UTAD,2026-07-30,False,False,False,True,106,"Bar vol_ratio=4.20x, spread_ratio=1.45x, close_pos=0.44. Candidate UTAD: intrabar high=624.90 exceeded range resistance=623.90 (+0.16%), closed back below at 610.40 (close pos=0.44), elevated volume 4.20x avg (threshold >= 1.5x), spread 1.45x ATR",1035.45,79.0,39,True,[DISQUALIFIED] Score: 22.5/100.0 | DISQUALIFIED: Most recent event is UTAD (Upthrust After Distribution / potential distribution phase).,https://www.tradingview.com/chart/?symbol=NSE%3ASTARHEALTH&interval=D,https://www.tradingview.com/chart/?symbol=NSE%3ASTARHEALTH&interval=W,https://www.tradingview.com/chart/?symbol=NSE%3ASTARHEALTH&interval=75,pending,data/research_datasets/20260824,2026-08-24 10:05:13 UTC
SPAL,SPAL.NS,S. P. Apparels Limited,2026-08-21,900,DISQUALIFIED,True,True,22.5,True,Most recent event is UTAD (Upthrust After Distribution / potential distribution phase).,True,False,False,True,True,True,930.45,41.0,1023.78,905.26,,,0.69,0.189,,1.61,0.59,0.81,True,False,False,True,UTAD,2026-06-30,False,False,False,True,110,"Bar vol_ratio=1.88x, spread_ratio=2.38x, close_pos=0.72. Candidate UTAD: intrabar high=1185.00 exceeded range resistance=1149.60 (+3.08%), closed back below at 1138.15 (close pos=0.72), elevated volume 1.88x avg (threshold >= 1.5x), spread 2.38x ATR",1590.35,70.9,56,True,[DISQUALIFIED] Score: 22.5/100.0 | DISQUALIFIED: Most recent event is UTAD (Upthrust After Distribution / potential distribution phase).,https://www.tradingview.com/chart/?symbol=NSE%3ASPAL&interval=D,https://www.tradingview.com/chart/?symbol=NSE%3ASPAL&interval=W,https://www.tradingview.com/chart/?symbol=NSE%3ASPAL&interval=75,pending,data/research_datasets/20260824,2026-08-24 10:05:13 UTC
SMCGLOBAL,SMCGLOBAL.NS,SMC Global Securities Limited,2026-08-21,899,DISQUALIFIED,True,True,22.5,True,Most recent event is UTAD (Upthrust After Distribution / potential distribution phase).,False,True,True,True,True,True,81.13,61.9,76.58,69.92,,,0.77,0.056,,0.57,0.72,0.3,False,False,False,False,UTAD,2026-08-20,False,False,False,True,102,"Bar vol_ratio=1.64x, spread_ratio=1.31x, close_pos=0.31. Candidate UTAD: intrabar high=83.59 exceeded range resistance=83.00 (+0.71%), closed back below at 81.13 (close pos=0.31), elevated volume 1.64x avg (threshold >= 1.5x), spread 1.31x ATR",95.69,18.0,44,True,[DISQUALIFIED] Score: 22.5/100.0 | DISQUALIFIED: Most recent event is UTAD (Upthrust After Distribution / potential distribution phase).,https://www.tradingview.com/chart/?symbol=NSE%3ASMCGLOBAL&interval=D,https://www.tradingview.com/chart/?symbol=NSE%3ASMCGLOBAL&interval=W,https://www.tradingview.com/chart/?symbol=NSE%3ASMCGLOBAL&interval=75,pending,data/research_datasets/20260824,2026-08-24 10:05:13 UTC
SKFINDUS,SKFINDUS.NS,SKF India (Industrial) Limited,2026-08-21,176,DISQUALIFIED,True,True,22.5,True,Most recent event is UTAD (Upthrust After Distribution / potential distribution phase).,False,True,False,True,True,True,2758.3,54.6,2722.85,2463.14,,,0.94,0.055,,0.36,0.52,0.63,False,True,False,False,UTAD,2026-07-09,False,False,False,True,19,"Bar vol_ratio=1.65x, spread_ratio=1.79x, close_pos=0.07. Candidate UTAD: intrabar high=3018.35 exceeded range resistance=2955.21 (+2.14%), closed back below at 2815.47 (close pos=0.07), elevated volume 1.65x avg (threshold >= 1.5x), spread 1.79x ATR",2461.55,-10.8,7,True,[DISQUALIFIED] Score: 22.5/100.0 | DISQUALIFIED: Most recent event is UTAD (Upthrust After Distribution / potential distribution phase).,https://www.tradingview.com/chart/?symbol=NSE%3ASKFINDUS&interval=D,https://www.tradingview.com/chart/?symbol=NSE%3ASKFINDUS&interval=W,https://www.tradingview.com/chart/?symbol=NSE%3ASKFINDUS&interval=75,pending,data/research_datasets/20260824,2026-08-24 10:05:13 UTC
SIL,SIL.NS,Standard Industries Limited,2026-08-21,899,DISQUALIFIED,True,False,22.5,True,Most recent event is UTAD (Upthrust After Distribution / potential distribution phase).,True,True,True,False,False,False,20.84,68.8,16.64,15.97,,,1.78,0.371,,2.87,2.61,0.58,False,False,False,False,UTAD,2026-08-21,False,False,False,True,141,"Bar vol_ratio=2.87x, spread_ratio=2.61x, close_pos=0.58. Candidate UTAD: intrabar high=22.30 exceeded range resistance=21.70 (+2.76%), closed back below at 20.84 (close pos=0.58), elevated volume 2.87x avg (threshold >= 1.5x), spread 2.61x ATR",42.54,104.1,35,True,[DISQUALIFIED] Score: 22.5/100.0 | DISQUALIFIED: Most recent event is UTAD (Upthrust After Distribution / potential distribution phase).,https://www.tradingview.com/chart/?symbol=NSE%3ASIL&interval=D,https://www.tradingview.com/chart/?symbol=NSE%3ASIL&interval=W,https://www.tradingview.com/chart/?symbol=NSE%3ASIL&interval=75,pending,data/research_datasets/20260824,2026-08-24 10:05:13 UTC
SIEMENS,SIEMENS.NS,Siemens Limited,2026-08-21,900,DISQUALIFIED,True,True,22.5,True,Most recent event is UTAD (Upthrust After Distribution / potential distribution phase).,True,True,True,False,True,True,3920.0,58.2,3709.41,3667.11,,,1.0,0.125,,0.94,0.78,0.5,False,False,False,False,UTAD,2026-08-12,False,False,False,True,114,"Bar vol_ratio=1.55x, spread_ratio=0.93x, close_pos=0.26. Candidate UTAD: intrabar high=4097.90 exceeded range resistance=4073.80 (+0.59%), closed back below at 4019.00 (close pos=0.26), elevated volume 1.55x avg (threshold >= 1.5x), spread 0.93x ATR",6196.19,58.1,51,True,[DISQUALIFIED] Score: 22.5/100.0 | DISQUALIFIED: Most recent event is UTAD (Upthrust After Distribution / potential distribution phase).,https://www.tradingview.com/chart/?symbol=NSE%3ASIEMENS&interval=D,https://www.tradingview.com/chart/?symbol=NSE%3ASIEMENS&interval=W,https://www.tradingview.com/chart/?symbol=NSE%3ASIEMENS&interval=75,pending,data/research_datasets/20260824,2026-08-24 10:05:13 UTC
SHYAMMETL,SHYAMMETL.NS,Shyam Metalics and Energy Limited,2026-08-21,901,DISQUALIFIED,True,True,22.5,True,Most recent event is UTAD (Upthrust After Distribution / potential distribution phase).,True,False,False,True,True,True,984.9,44.7,990.44,942.75,,,0.79,0.07,,0.16,0.63,0.13,False,False,False,False,UTAD,2026-07-20,False,False,False,True,104,"Bar vol_ratio=4.37x, spread_ratio=2.33x, close_pos=0.50. Candidate UTAD: intrabar high=1085.22 exceeded range resistance=1054.36 (+2.93%), closed back below at 1050.37 (close pos=0.50), elevated volume 4.37x avg (threshold >= 1.5x), spread 2.33x ATR",1538.83,56.2,44,True,[DISQUALIFIED] Score: 22.5/100.0 | DISQUALIFIED: Most recent event is UTAD (Upthrust After Distribution / potential distribution phase).,https://www.tradingview.com/chart/?symbol=NSE%3ASHYAMMETL&interval=D,https://www.tradingview.com/chart/?symbol=NSE%3ASHYAMMETL&interval=W,https://www.tradingview.com/chart/?symbol=NSE%3ASHYAMMETL&interval=75,pending,data/research_datasets/20260824,2026-08-24 10:05:13 UTC
SHRIPISTON,SHRIPISTON.NS,SPR Auto Technologies Limited,2026-08-21,900,DISQUALIFIED,True,True,22.5,True,Most recent event is UTAD (Upthrust After Distribution / potential distribution phase).,True,True,True,False,True,True,4600.1,64.3,4224.8,3815.91,,,1.18,0.08,,1.44,1.21,0.76,False,False,False,False,UTAD,2026-08-18,False,False,False,True,89,"Bar vol_ratio=2.18x, spread_ratio=1.09x, close_pos=0.55. Candidate UTAD: intrabar high=4589.00 exceeded range resistance=4588.00 (+0.02%), closed back below at 4509.10 (close pos=0.55), elevated volume 2.18x avg (threshold >= 1.5x), spread 1.09x ATR",3178.65,-30.9,33,True,[DISQUALIFIED] Score: 22.5/100.0 | DISQUALIFIED: Most recent event is UTAD (Upthrust After Distribution / potential distribution phase).,https://www.tradingview.com/chart/?symbol=NSE%3ASHRIPISTON&interval=D,https://www.tradingview.com/chart/?symbol=NSE%3ASHRIPISTON&interval=W,https://www.tradingview.com/chart/?symbol=NSE%3ASHRIPISTON&interval=75,pending,data/research_datasets/20260824,2026-08-24 10:05:13 UTC
SHOPERSTOP,SHOPERSTOP.NS,Shoppers Stop Limited,2026-08-21,901,DISQUALIFIED,True,True,22.5,True,Most recent event is UTAD (Upthrust After Distribution / potential distribution phase).,False,True,True,True,True,True,421.3,60.7,385.04,355.13,,,0.99,0.153,,0.39,0.65,0.62,False,False,False,False,UTAD,2026-05-07,False,False,False,True,143,"Bar vol_ratio=2.40x, spread_ratio=2.30x, close_pos=0.53. Candidate UTAD: intrabar high=373.75 exceeded range resistance=369.15 (+1.25%), closed back below at 358.50 (close pos=0.53), elevated volume 2.40x avg (threshold >= 1.5x), spread 2.30x ATR",520.4,23.5,8,True,[DISQUALIFIED] Score: 22.5/100.0 | DISQUALIFIED: Most recent event is UTAD (Upthrust After Distribution / potential distribution phase).,https://www.tradingview.com/chart/?symbol=NSE%3ASHOPERSTOP&interval=D,https://www.tradingview.com/chart/?symbol=NSE%3ASHOPERSTOP&interval=W,https://www.tradingview.com/chart/?symbol=NSE%3ASHOPERSTOP&interval=75,pending,data/research_datasets/20260824,2026-08-24 10:05:13 UTC
SCHNEIDER,SCHNEIDER.NS,Schneider Electric Infrastructure Limited,2026-08-21,901,DISQUALIFIED,True,True,22.5,True,Most recent event is UTAD (Upthrust After Distribution / potential distribution phase).,True,False,False,True,False,True,1217.3,38.8,1353.41,1266.01,,,0.98,0.188,,0.49,0.8,0.1,False,False,False,False,UTAD,2026-06-29,False,False,False,True,105,"Bar vol_ratio=2.01x, spread_ratio=2.06x, close_pos=0.90. Candidate UTAD: intrabar high=1468.80 exceeded range resistance=1468.70 (+0.01%), closed back below at 1453.60 (close pos=0.90), elevated volume 2.01x avg (threshold >= 1.5x), spread 2.06x ATR",847.95,-30.3,27,True,[DISQUALIFIED] Score: 22.5/100.0 | DISQUALIFIED: Most recent event is UTAD (Upthrust After Distribution / potential distribution phase).,https://www.tradingview.com/chart/?symbol=NSE%3ASCHNEIDER&interval=D,https://www.tradingview.com/chart/?symbol=NSE%3ASCHNEIDER&interval=W,https://www.tradingview.com/chart/?symbol=NSE%3ASCHNEIDER&interval=75,pending,data/research_datasets/20260824,2026-08-24 10:05:13 UTC
SASKEN,SASKEN.NS,Sasken Technologies Limited,2026-08-21,900,DISQUALIFIED,True,True,22.5,True,Most recent event is UTAD (Upthrust After Distribution / potential distribution phase).,True,False,False,True,True,True,1949.0,51.1,2024.85,1829.73,,,0.86,0.162,,0.77,0.99,0.88,False,False,False,False,UTAD,2026-06-19,False,False,False,True,114,"Bar vol_ratio=1.83x, spread_ratio=1.53x, close_pos=0.19. Candidate UTAD: intrabar high=2760.49 exceeded range resistance=2629.13 (+5.00%), closed back below at 2567.77 (close pos=0.19), elevated volume 1.83x avg (threshold >= 1.5x), spread 1.53x ATR",2410.47,23.7,20,True,[DISQUALIFIED] Score: 22.5/100.0 | DISQUALIFIED: Most recent event is UTAD (Upthrust After Distribution / potential distribution phase).,https://www.tradingview.com/chart/?symbol=NSE%3ASASKEN&interval=D,https://www.tradingview.com/chart/?symbol=NSE%3ASASKEN&interval=W,https://www.tradingview.com/chart/?symbol=NSE%3ASASKEN&interval=75,pending,data/research_datasets/20260824,2026-08-24 10:05:13 UTC
SANSERA,SANSERA.NS,Sansera Engineering Limited,2026-08-21,901,DISQUALIFIED,True,True,22.5,True,Most recent event is UTAD (Upthrust After Distribution / potential distribution phase).,True,True,True,False,False,True,3876.9,63.4,3355.75,2967.45,,,1.27,0.301,,0.35,0.48,0.24,False,False,True,False,AR,2026-08-14,False,False,False,False,105,"Bar vol_ratio=2.10x, spread_ratio=1.55x, close_pos=0.53. Candidate AR: up bar 1 bar(s) after SC (SC date=2026-08-13 00:00:00, SC price=3786.00), Open=3837.90, Close=3924.60, close pos=0.53, volume 2.10x avg (threshold >= 1.0x), spread 1.55x ATR",2744.6,-29.2,19,True,[DISQUALIFIED] Score: 22.5/100.0 | DISQUALIFIED: Most recent event is UTAD (Upthrust After Distribution / potential distribution phase).,https://www.tradingview.com/chart/?symbol=NSE%3ASANSERA&interval=D,https://www.tradingview.com/chart/?symbol=NSE%3ASANSERA&interval=W,https://www.tradingview.com/chart/?symbol=NSE%3ASANSERA&interval=75,pending,data/research_datasets/20260824,2026-08-24 10:05:13 UTC
SAILIFE,SAILIFE.NS,Sai Life Sciences Limited,2026-08-21,419,DISQUALIFIED,True,True,22.5,True,Most recent event is UTAD (Upthrust After Distribution / potential distribution phase).,True,True,True,False,False,True,1457.4,64.1,1300.36,1191.2,,,1.34,0.173,,0.57,0.76,0.25,False,False,False,False,AR,2026-08-10,False,False,False,False,35,"Bar vol_ratio=4.71x, spread_ratio=2.45x, close_pos=0.54. Candidate AR: up bar 1 bar(s) after SC (SC date=2026-08-07 00:00:00, SC price=1365.20), Open=1379.00, Close=1426.20, close pos=0.54, volume 4.71x avg (threshold >= 1.0x), spread 2.45x ATR",1364.85,-6.4,15,True,[DISQUALIFIED] Score: 22.5/100.0 | DISQUALIFIED: Most recent event is UTAD (Upthrust After Distribution / potential distribution phase).,https://www.tradingview.com/chart/?symbol=NSE%3ASAILIFE&interval=D,https://www.tradingview.com/chart/?symbol=NSE%3ASAILIFE&interval=W,https://www.tradingview.com/chart/?symbol=NSE%3ASAILIFE&interval=75,pending,data/research_datasets/20260824,2026-08-24 10:05:13 UTC
RUBICON,RUBICON.NS,Rubicon Research Limited,2026-08-21,211,DISQUALIFIED,True,True,22.5,True,Most recent event is UTAD (Upthrust After Distribution / potential distribution phase).,True,True,True,False,False,True,1724.7,64.3,1492.16,1237.94,,,1.11,0.262,,0.67,1.1,0.32,False,False,False,False,UTAD,2026-08-18,False,False,False,True,23,"Bar vol_ratio=1.65x, spread_ratio=1.01x, close_pos=0.78. Candidate UTAD: intrabar high=1819.00 exceeded range resistance=1808.00 (+0.61%), closed back below at 1804.10 (close pos=0.78), elevated volume 1.65x avg (threshold >= 1.5x), spread 1.01x ATR",1023.04,-40.7,6,True,[DISQUALIFIED] Score: 22.5/100.0 | DISQUALIFIED: Most recent event is UTAD (Upthrust After Distribution / potential distribution phase).,https://www.tradingview.com/chart/?symbol=NSE%3ARUBICON&interval=D,https://www.tradingview.com/chart/?symbol=NSE%3ARUBICON&interval=W,https://www.tradingview.com/chart/?symbol=NSE%3ARUBICON&interval=75,pending,data/research_datasets/20260824,2026-08-24 10:05:13 UTC
ROSSELLIND,ROSSELLIND.NS,Rossell India Limited,2026-08-21,899,DISQUALIFIED,True,False,22.5,True,Most recent event is UTAD (Upthrust After Distribution / potential distribution phase).,True,False,False,True,True,False,55.94,46.1,57.08,55.34,,,0.92,0.08,,1.92,0.69,0.28,True,False,False,False,UTAD,2026-07-20,False,False,False,True,128,"Bar vol_ratio=3.25x, spread_ratio=1.56x, close_pos=0.47. Candidate UTAD: intrabar high=64.13 exceeded range resistance=62.55 (+2.52%), closed back below at 61.98 (close pos=0.47), elevated volume 3.25x avg (threshold >= 1.5x), spread 1.56x ATR",78.24,39.9,2,True,[DISQUALIFIED] Score: 22.5/100.0 | DISQUALIFIED: Most recent event is UTAD (Upthrust After Distribution / potential distribution phase).,https://www.tradingview.com/chart/?symbol=NSE%3AROSSELLIND&interval=D,https://www.tradingview.com/chart/?symbol=NSE%3AROSSELLIND&interval=W,https://www.tradingview.com/chart/?symbol=NSE%3AROSSELLIND&interval=75,pending,data/research_datasets/20260824,2026-08-24 10:05:13 UTC
RACLGEAR,RACLGEAR.NS,RACL Geartech Limited,2026-08-21,425,DISQUALIFIED,True,True,22.5,True,Most recent event is UTAD (Upthrust After Distribution / potential distribution phase).,True,True,True,False,False,True,1512.0,64.8,1351.28,1320.56,,,1.27,0.21,,1.25,1.58,0.81,False,False,False,False,UTAD,2026-08-19,False,False,False,True,42,"Bar vol_ratio=4.66x, spread_ratio=2.17x, close_pos=0.37. Candidate UTAD: intrabar high=1535.00 exceeded range resistance=1510.10 (+1.65%), closed back below at 1438.70 (close pos=0.37), elevated volume 4.66x avg (threshold >= 1.5x), spread 2.17x ATR",1352.35,-10.6,18,True,[DISQUALIFIED] Score: 22.5/100.0 | DISQUALIFIED: Most recent event is UTAD (Upthrust After Distribution / potential distribution phase).,https://www.tradingview.com/chart/?symbol=NSE%3ARACLGEAR&interval=D,https://www.tradingview.com/chart/?symbol=NSE%3ARACLGEAR&interval=W,https://www.tradingview.com/chart/?symbol=NSE%3ARACLGEAR&interval=75,pending,data/research_datasets/20260824,2026-08-24 10:05:13 UTC
QUESS,QUESS.NS,Quess Corp Limited,2026-08-21,901,DISQUALIFIED,True,True,22.5,True,Most recent event is UTAD (Upthrust After Distribution / potential distribution phase).,True,True,True,False,False,True,335.85,64.3,293.41,248.59,,,1.16,0.185,,0.22,0.71,0.25,False,False,False,False,UTAD,2026-07-30,False,False,False,True,107,"Bar vol_ratio=4.89x, spread_ratio=1.59x, close_pos=0.44. Candidate UTAD: intrabar high=316.91 exceeded range resistance=307.05 (+3.21%), closed back below at 306.75 (close pos=0.44), elevated volume 4.89x avg (threshold >= 1.5x), spread 1.59x ATR",1029.15,206.4,28,True,[DISQUALIFIED] Score: 22.5/100.0 | DISQUALIFIED: Most recent event is UTAD (Upthrust After Distribution / potential distribution phase).,https://www.tradingview.com/chart/?symbol=NSE%3AQUESS&interval=D,https://www.tradingview.com/chart/?symbol=NSE%3AQUESS&interval=W,https://www.tradingview.com/chart/?symbol=NSE%3AQUESS&interval=75,pending,data/research_datasets/20260824,2026-08-24 10:05:13 UTC
QPOWER,QPOWER.NS,Quality Power Electrical Equipments Limited,2026-08-21,371,DISQUALIFIED,True,True,22.5,True,Most recent event is UTAD (Upthrust After Distribution / potential distribution phase).,True,True,True,False,False,True,1305.6,60.8,1201.05,1176.14,,,1.05,0.289,,0.82,0.9,0.1,False,False,False,False,UTAD,2026-08-18,False,False,False,True,35,"Bar vol_ratio=2.04x, spread_ratio=1.25x, close_pos=0.52. Candidate UTAD: intrabar high=1357.00 exceeded range resistance=1335.24 (+1.63%), closed back below at 1325.10 (close pos=0.52), elevated volume 2.04x avg (threshold >= 1.5x), spread 1.25x ATR",1343.25,2.9,37,True,[DISQUALIFIED] Score: 22.5/100.0 | DISQUALIFIED: Most recent event is UTAD (Upthrust After Distribution / potential distribution phase).,https://www.tradingview.com/chart/?symbol=NSE%3AQPOWER&interval=D,https://www.tradingview.com/chart/?symbol=NSE%3AQPOWER&interval=W,https://www.tradingview.com/chart/?symbol=NSE%3AQPOWER&interval=75,pending,data/research_datasets/20260824,2026-08-24 10:05:13 UTC
PRUDENT,PRUDENT.NS,Prudent Corporate Advisory Services Limited,2026-08-21,900,DISQUALIFIED,True,True,22.5,True,Most recent event is UTAD (Upthrust After Distribution / potential distribution phase).,True,True,True,False,True,True,3353.5,60.4,3095.35,2888.24,,,1.03,0.151,,0.23,0.52,0.48,False,False,True,False,UTAD,2026-08-11,False,False,False,True,113,"Bar vol_ratio=1.72x, spread_ratio=1.02x, close_pos=0.76. Candidate UTAD: intrabar high=3434.00 exceeded range resistance=3412.60 (+0.63%), closed back below at 3401.40 (close pos=0.76), elevated volume 1.72x avg (threshold >= 1.5x), spread 1.02x ATR",4448.05,32.6,57,True,[DISQUALIFIED] Score: 22.5/100.0 | DISQUALIFIED: Most recent event is UTAD (Upthrust After Distribution / potential distribution phase).,https://www.tradingview.com/chart/?symbol=NSE%3APRUDENT&interval=D,https://www.tradingview.com/chart/?symbol=NSE%3APRUDENT&interval=W,https://www.tradingview.com/chart/?symbol=NSE%3APRUDENT&interval=75,pending,data/research_datasets/20260824,2026-08-24 10:05:13 UTC
POWERMECH,POWERMECH.NS,Power Mech Projects Limited,2026-08-21,900,DISQUALIFIED,True,True,22.5,True,Most recent event is UTAD (Upthrust After Distribution / potential distribution phase).,True,False,False,True,False,True,2502.4,46.7,2627.72,2530.13,,,0.89,0.14,,1.64,1.02,0.84,False,False,False,False,UTAD,2026-06-22,False,False,False,True,122,"Bar vol_ratio=4.40x, spread_ratio=1.39x, close_pos=0.20. Candidate UTAD: intrabar high=3007.50 exceeded range resistance=2924.00 (+2.86%), closed back below at 2895.30 (close pos=0.20), elevated volume 4.40x avg (threshold >= 1.5x), spread 1.39x ATR",4732.3,89.1,75,True,[DISQUALIFIED] Score: 22.5/100.0 | DISQUALIFIED: Most recent event is UTAD (Upthrust After Distribution / potential distribution phase).,https://www.tradingview.com/chart/?symbol=NSE%3APOWERMECH&interval=D,https://www.tradingview.com/chart/?symbol=NSE%3APOWERMECH&interval=W,https://www.tradingview.com/chart/?symbol=NSE%3APOWERMECH&interval=75,pending,data/research_datasets/20260824,2026-08-24 10:05:13 UTC
PLAZACABLE,PLAZACABLE.NS,Plaza Wires Limited,2026-08-21,708,DISQUALIFIED,True,False,22.5,True,Most recent event is UTAD (Upthrust After Distribution / potential distribution phase).,True,True,True,False,False,False,52.08,60.4,46.39,45.65,,,1.45,0.362,,0.64,0.67,0.42,False,False,False,False,SC,2026-08-17,False,False,False,False,89,"Bar vol_ratio=5.56x, spread_ratio=2.61x, close_pos=0.00. Candidate SC: volume 5.56x 20-period avg (threshold >= 2.0x), spread 2.61x 20-period ATR (threshold >= 1.5x), down-close (Open=58.50, Close=53.57, close pos=0.00), Prior peak=56.38, bar low=53.57, decline=5.0% over prior 10 bars (threshold >= 3.0%)",75.99,45.9,12,True,[DISQUALIFIED] Score: 22.5/100.0 | DISQUALIFIED: Most recent event is UTAD (Upthrust After Distribution / potential distribution phase).,https://www.tradingview.com/chart/?symbol=NSE%3APLAZACABLE&interval=D,https://www.tradingview.com/chart/?symbol=NSE%3APLAZACABLE&interval=W,https://www.tradingview.com/chart/?symbol=NSE%3APLAZACABLE&interval=75,pending,data/research_datasets/20260824,2026-08-24 10:05:13 UTC
PITTIENG,PITTIENG.NS,Pitti Engineering Limited,2026-08-21,899,DISQUALIFIED,True,True,22.5,True,Most recent event is UTAD (Upthrust After Distribution / potential distribution phase).,True,True,True,False,False,True,1052.2,64.8,971.06,943.75,,,1.23,0.231,,0.54,0.67,0.57,False,False,False,False,UTAD,2026-08-17,False,False,False,True,117,"Bar vol_ratio=1.61x, spread_ratio=1.74x, close_pos=0.06. Candidate UTAD: intrabar high=1100.00 exceeded range resistance=1093.50 (+0.59%), closed back below at 1046.55 (close pos=0.06), elevated volume 1.61x avg (threshold >= 1.5x), spread 1.74x ATR",2007.63,90.8,71,True,[DISQUALIFIED] Score: 22.5/100.0 | DISQUALIFIED: Most recent event is UTAD (Upthrust After Distribution / potential distribution phase).,https://www.tradingview.com/chart/?symbol=NSE%3APITTIENG&interval=D,https://www.tradingview.com/chart/?symbol=NSE%3APITTIENG&interval=W,https://www.tradingview.com/chart/?symbol=NSE%3APITTIENG&interval=75,pending,data/research_datasets/20260824,2026-08-24 10:05:13 UTC
PERSISTENT,PERSISTENT.NS,Persistent Systems Limited,2026-08-21,901,DISQUALIFIED,True,True,22.5,True,Most recent event is UTAD (Upthrust After Distribution / potential distribution phase).,False,True,True,True,True,True,5667.5,64.7,5131.33,5095.76,,,0.8,0.062,,0.59,0.75,0.55,False,False,False,False,UTAD,2026-07-30,False,False,False,True,107,"Bar vol_ratio=1.63x, spread_ratio=1.35x, close_pos=0.20. Candidate UTAD: intrabar high=5698.00 exceeded range resistance=5592.58 (+1.89%), closed back below at 5514.70 (close pos=0.20), elevated volume 1.63x avg (threshold >= 1.5x), spread 1.35x ATR",8536.77,50.6,38,True,[DISQUALIFIED] Score: 22.5/100.0 | DISQUALIFIED: Most recent event is UTAD (Upthrust After Distribution / potential distribution phase).,https://www.tradingview.com/chart/?symbol=NSE%3APERSISTENT&interval=D,https://www.tradingview.com/chart/?symbol=NSE%3APERSISTENT&interval=W,https://www.tradingview.com/chart/?symbol=NSE%3APERSISTENT&interval=75,pending,data/research_datasets/20260824,2026-08-24 10:05:13 UTC
PAUSHAKLTD,PAUSHAKLTD.NS,Paushak Limited,2026-08-21,182,DISQUALIFIED,True,True,22.5,True,Most recent event is UTAD (Upthrust After Distribution / potential distribution phase).,False,True,True,False,False,True,763.35,69.5,589.67,528.94,,,1.39,0.379,,0.21,0.79,0.32,False,False,False,False,UTAD,2026-08-19,False,False,False,True,35,"Bar vol_ratio=2.07x, spread_ratio=1.05x, close_pos=0.19. Candidate UTAD: intrabar high=814.65 exceeded range resistance=780.60 (+4.36%), closed back below at 777.80 (close pos=0.19), elevated volume 2.07x avg (threshold >= 1.5x), spread 1.05x ATR",698.2,-8.5,11,True,[DISQUALIFIED] Score: 22.5/100.0 | DISQUALIFIED: Most recent event is UTAD (Upthrust After Distribution / potential distribution phase).,https://www.tradingview.com/chart/?symbol=NSE%3APAUSHAKLTD&interval=D,https://www.tradingview.com/chart/?symbol=NSE%3APAUSHAKLTD&interval=W,https://www.tradingview.com/chart/?symbol=NSE%3APAUSHAKLTD&interval=75,pending,data/research_datasets/20260824,2026-08-24 10:05:13 UTC
NUVAMA,NUVAMA.NS,Nuvama Wealth Management Limited,2026-08-21,720,DISQUALIFIED,True,True,22.5,True,Most recent event is UTAD (Upthrust After Distribution / potential distribution phase).,True,False,False,True,True,True,1743.6,49.3,1790.79,1609.04,,,0.87,0.157,,0.66,0.75,0.81,False,False,False,False,UTAD,2026-07-24,False,False,False,True,81,"Bar vol_ratio=5.57x, spread_ratio=2.00x, close_pos=0.41. Candidate UTAD: intrabar high=2066.00 exceeded range resistance=1993.70 (+3.63%), closed back below at 1980.10 (close pos=0.41), elevated volume 5.57x avg (threshold >= 1.5x), spread 2.00x ATR",2038.71,16.9,44,True,[DISQUALIFIED] Score: 22.5/100.0 | DISQUALIFIED: Most recent event is UTAD (Upthrust After Distribution / potential distribution phase).,https://www.tradingview.com/chart/?symbol=NSE%3ANUVAMA&interval=D,https://www.tradingview.com/chart/?symbol=NSE%3ANUVAMA&interval=W,https://www.tradingview.com/chart/?symbol=NSE%3ANUVAMA&interval=75,pending,data/research_datasets/20260824,2026-08-24 10:05:13 UTC
NITCO,NITCO.NS,Nitco Limited,2026-08-21,900,DISQUALIFIED,True,True,22.5,True,Most recent event is UTAD (Upthrust After Distribution / potential distribution phase).,True,False,False,True,False,True,93.36,40.1,104.26,99.01,,,0.79,0.248,,0.74,1.18,0.67,False,False,False,False,UTAD,2026-06-22,False,False,False,True,133,"Bar vol_ratio=1.70x, spread_ratio=1.11x, close_pos=0.38. Candidate UTAD: intrabar high=117.94 exceeded range resistance=114.44 (+3.06%), closed back below at 113.98 (close pos=0.38), elevated volume 1.70x avg (threshold >= 1.5x), spread 1.11x ATR",159.12,70.4,34,True,[DISQUALIFIED] Score: 22.5/100.0 | DISQUALIFIED: Most recent event is UTAD (Upthrust After Distribution / potential distribution phase).,https://www.tradingview.com/chart/?symbol=NSE%3ANITCO&interval=D,https://www.tradingview.com/chart/?symbol=NSE%3ANITCO&interval=W,https://www.tradingview.com/chart/?symbol=NSE%3ANITCO&interval=75,pending,data/research_datasets/20260824,2026-08-24 10:05:13 UTC
NEULANDLAB,NEULANDLAB.NS,Neuland Laboratories Limited,2026-08-21,901,DISQUALIFIED,True,True,22.5,True,Most recent event is UTAD (Upthrust After Distribution / potential distribution phase).,True,True,True,False,False,True,23301.0,68.0,19619.7,17765.52,,,1.34,0.345,,0.26,0.57,0.25,False,False,True,False,UTAD,2026-08-05,False,False,False,True,105,"Bar vol_ratio=1.74x, spread_ratio=1.04x, close_pos=0.79. Candidate UTAD: intrabar high=20099.00 exceeded range resistance=20051.94 (+0.23%), closed back below at 19956.00 (close pos=0.79), elevated volume 1.74x avg (threshold >= 1.5x), spread 1.04x ATR",18576.88,-20.3,38,True,[DISQUALIFIED] Score: 22.5/100.0 | DISQUALIFIED: Most recent event is UTAD (Upthrust After Distribution / potential distribution phase).,https://www.tradingview.com/chart/?symbol=NSE%3ANEULANDLAB&interval=D,https://www.tradingview.com/chart/?symbol=NSE%3ANEULANDLAB&interval=W,https://www.tradingview.com/chart/?symbol=NSE%3ANEULANDLAB&interval=75,pending,data/research_datasets/20260824,2026-08-24 10:05:13 UTC
NAZARA,NAZARA.NS,Nazara Technologies Limited,2026-08-21,901,DISQUALIFIED,True,True,22.5,True,Most recent event is UTAD (Upthrust After Distribution / potential distribution phase).,True,True,True,False,False,True,354.35,68.9,318.28,294.64,,,1.1,0.227,,0.18,0.53,0.23,False,False,True,False,UTAD,2026-08-06,False,False,False,True,116,"Bar vol_ratio=1.59x, spread_ratio=1.78x, close_pos=0.74. Candidate UTAD: intrabar high=358.00 exceeded range resistance=355.20 (+0.79%), closed back below at 352.85 (close pos=0.74), elevated volume 1.59x avg (threshold >= 1.5x), spread 1.78x ATR",522.33,47.4,45,True,[DISQUALIFIED] Score: 22.5/100.0 | DISQUALIFIED: Most recent event is UTAD (Upthrust After Distribution / potential distribution phase).,https://www.tradingview.com/chart/?symbol=NSE%3ANAZARA&interval=D,https://www.tradingview.com/chart/?symbol=NSE%3ANAZARA&interval=W,https://www.tradingview.com/chart/?symbol=NSE%3ANAZARA&interval=75,pending,data/research_datasets/20260824,2026-08-24 10:05:13 UTC
MUFIN,MUFIN.NS,Mufin Green Finance Limited,2026-08-21,693,DISQUALIFIED,True,True,22.5,True,Most recent event is UTAD (Upthrust After Distribution / potential distribution phase).,True,True,True,False,False,True,139.49,66.3,131.13,123.58,,,1.04,0.121,,1.17,0.77,0.35,False,False,False,False,UTAD,2026-08-20,False,False,False,True,103,"Bar vol_ratio=1.59x, spread_ratio=1.31x, close_pos=0.82. Candidate UTAD: intrabar high=140.46 exceeded range resistance=139.99 (+0.34%), closed back below at 139.51 (close pos=0.82), elevated volume 1.59x avg (threshold >= 1.5x), spread 1.31x ATR",305.73,119.2,64,True,[DISQUALIFIED] Score: 22.5/100.0 | DISQUALIFIED: Most recent event is UTAD (Upthrust After Distribution / potential distribution phase).,https://www.tradingview.com/chart/?symbol=NSE%3AMUFIN&interval=D,https://www.tradingview.com/chart/?symbol=NSE%3AMUFIN&interval=W,https://www.tradingview.com/chart/?symbol=NSE%3AMUFIN&interval=75,pending,data/research_datasets/20260824,2026-08-24 10:05:13 UTC
MOSCHIP,MOSCHIP.NS,Moschip Technologies Limited,2026-08-21,384,DISQUALIFIED,True,True,22.5,True,Most recent event is UTAD (Upthrust After Distribution / potential distribution phase).,True,False,False,True,True,True,204.89,41.9,217.5,210.07,,,0.56,0.045,,0.38,0.52,0.11,False,False,True,False,UTAD,2026-07-09,False,False,False,True,39,"Bar vol_ratio=2.92x, spread_ratio=1.44x, close_pos=0.43. Candidate UTAD: intrabar high=246.00 exceeded range resistance=243.86 (+0.88%), closed back below at 238.62 (close pos=0.43), elevated volume 2.92x avg (threshold >= 1.5x), spread 1.44x ATR",366.33,78.8,33,True,[DISQUALIFIED] Score: 22.5/100.0 | DISQUALIFIED: Most recent event is UTAD (Upthrust After Distribution / potential distribution phase).,https://www.tradingview.com/chart/?symbol=NSE%3AMOSCHIP&interval=D,https://www.tradingview.com/chart/?symbol=NSE%3AMOSCHIP&interval=W,https://www.tradingview.com/chart/?symbol=NSE%3AMOSCHIP&interval=75,pending,data/research_datasets/20260824,2026-08-24 10:05:13 UTC
MONARCH,MONARCH.NS,Monarch Networth Capital Limited,2026-08-21,900,DISQUALIFIED,True,True,22.5,True,Most recent event is UTAD (Upthrust After Distribution / potential distribution phase).,True,True,True,False,True,True,385.45,55.6,364.61,337.39,,,1.22,0.054,,0.23,3.15,0.79,False,False,False,False,UTAD,2026-08-14,False,False,False,True,122,"Bar vol_ratio=1.97x, spread_ratio=1.86x, close_pos=0.44. Candidate UTAD: intrabar high=405.91 exceeded range resistance=402.77 (+0.78%), closed back below at 389.60 (close pos=0.44), elevated volume 1.97x avg (threshold >= 1.5x), spread 1.86x ATR",444.34,15.3,28,True,[DISQUALIFIED] Score: 22.5/100.0 | DISQUALIFIED: Most recent event is UTAD (Upthrust After Distribution / potential distribution phase).,https://www.tradingview.com/chart/?symbol=NSE%3AMONARCH&interval=D,https://www.tradingview.com/chart/?symbol=NSE%3AMONARCH&interval=W,https://www.tradingview.com/chart/?symbol=NSE%3AMONARCH&interval=75,pending,data/research_datasets/20260824,2026-08-24 10:05:13 UTC
MODTHREAD,MODTHREAD.NS,Modern Threads (India) Limited,2026-08-21,622,DISQUALIFIED,True,False,22.5,True,Most recent event is UTAD (Upthrust After Distribution / potential distribution phase).,True,True,True,False,False,False,58.31,65.2,47.84,47.04,,,1.31,0.309,,1.31,1.78,0.81,False,False,False,False,UTAD,2026-08-18,False,False,False,True,101,"Bar vol_ratio=10.81x, spread_ratio=3.10x, close_pos=0.10. Candidate UTAD: intrabar high=65.65 exceeded range resistance=57.93 (+13.33%), closed back below at 57.47 (close pos=0.10), elevated volume 10.81x avg (threshold >= 1.5x), spread 3.10x ATR",97.63,67.4,72,True,[DISQUALIFIED] Score: 22.5/100.0 | DISQUALIFIED: Most recent event is UTAD (Upthrust After Distribution / potential distribution phase).,https://www.tradingview.com/chart/?symbol=NSE%3AMODTHREAD&interval=D,https://www.tradingview.com/chart/?symbol=NSE%3AMODTHREAD&interval=W,https://www.tradingview.com/chart/?symbol=NSE%3AMODTHREAD&interval=75,pending,data/research_datasets/20260824,2026-08-24 10:05:13 UTC
MAITHANALL,MAITHANALL.NS,Maithan Alloys Limited,2026-08-21,901,DISQUALIFIED,True,False,22.5,True,Most recent event is UTAD (Upthrust After Distribution / potential distribution phase).,False,False,False,True,True,True,977.1,47.2,1005.53,992.78,,,0.78,0.045,,0.58,0.53,0.4,False,False,True,False,UTAD,2026-06-18,False,False,False,True,126,"Bar vol_ratio=4.76x, spread_ratio=1.81x, close_pos=0.08. Candidate UTAD: intrabar high=1210.10 exceeded range resistance=1138.20 (+6.32%), closed back below at 1136.20 (close pos=0.08), elevated volume 4.76x avg (threshold >= 1.5x), spread 1.81x ATR",1921.91,96.7,34,True,[DISQUALIFIED] Score: 22.5/100.0 | DISQUALIFIED: Most recent event is UTAD (Upthrust After Distribution / potential distribution phase).,https://www.tradingview.com/chart/?symbol=NSE%3AMAITHANALL&interval=D,https://www.tradingview.com/chart/?symbol=NSE%3AMAITHANALL&interval=W,https://www.tradingview.com/chart/?symbol=NSE%3AMAITHANALL&interval=75,pending,data/research_datasets/20260824,2026-08-24 10:05:13 UTC
MAHLOG,MAHLOG.NS,Mahindra Logistics Limited,2026-08-21,901,DISQUALIFIED,True,True,22.5,True,Most recent event is UTAD (Upthrust After Distribution / potential distribution phase).,True,True,False,True,True,True,401.15,49.0,390.67,382.81,,,0.76,0.052,,0.46,0.7,0.18,False,False,False,False,UTAD,2026-07-27,False,False,False,True,122,"Bar vol_ratio=1.70x, spread_ratio=1.10x, close_pos=0.32. Candidate UTAD: intrabar high=431.90 exceeded range resistance=428.65 (+0.76%), closed back below at 419.10 (close pos=0.32), elevated volume 1.70x avg (threshold >= 1.5x), spread 1.10x ATR",994.0,147.8,42,True,[DISQUALIFIED] Score: 22.5/100.0 | DISQUALIFIED: Most recent event is UTAD (Upthrust After Distribution / potential distribution phase).,https://www.tradingview.com/chart/?symbol=NSE%3AMAHLOG&interval=D,https://www.tradingview.com/chart/?symbol=NSE%3AMAHLOG&interval=W,https://www.tradingview.com/chart/?symbol=NSE%3AMAHLOG&interval=75,pending,data/research_datasets/20260824,2026-08-24 10:05:13 UTC
LAGNAM,LAGNAM.NS,Lagnam Spintex Limited,2026-08-21,899,DISQUALIFIED,True,False,22.5,True,Most recent event is UTAD (Upthrust After Distribution / potential distribution phase).,True,False,False,True,False,False,76.91,32.8,82.55,80.18,,,0.77,0.218,,0.21,0.21,0.21,False,False,True,False,UTAD,2026-07-16,False,False,False,True,161,"Bar vol_ratio=7.48x, spread_ratio=4.18x, close_pos=0.36. Candidate UTAD: intrabar high=95.90 exceeded range resistance=88.40 (+8.48%), closed back below at 85.08 (close pos=0.36), elevated volume 7.48x avg (threshold >= 1.5x), spread 4.18x ATR",152.62,98.4,26,True,[DISQUALIFIED] Score: 22.5/100.0 | DISQUALIFIED: Most recent event is UTAD (Upthrust After Distribution / potential distribution phase).,https://www.tradingview.com/chart/?symbol=NSE%3ALAGNAM&interval=D,https://www.tradingview.com/chart/?symbol=NSE%3ALAGNAM&interval=W,https://www.tradingview.com/chart/?symbol=NSE%3ALAGNAM&interval=75,pending,data/research_datasets/20260824,2026-08-24 10:05:13 UTC
KROSS,KROSS.NS,Kross Limited,2026-08-21,483,DISQUALIFIED,True,True,22.5,True,Most recent event is UTAD (Upthrust After Distribution / potential distribution phase).,True,True,False,True,True,True,206.84,54.9,194.76,192.18,,,0.99,0.105,,0.65,0.51,0.21,False,False,True,False,SC,2026-05-13,False,False,False,False,57,"Bar vol_ratio=5.73x, spread_ratio=2.62x, close_pos=0.08. Candidate SC: volume 5.73x 20-period avg (threshold >= 2.0x), spread 2.62x 20-period ATR (threshold >= 1.5x), down-close (Open=215.00, Close=208.01, close pos=0.08), Prior peak=230.00, bar low=206.00, decline=10.4% over prior 10 bars (threshold >= 3.0%)",540.36,161.2,59,True,[DISQUALIFIED] Score: 22.5/100.0 | DISQUALIFIED: Most recent event is UTAD (Upthrust After Distribution / potential distribution phase).,https://www.tradingview.com/chart/?symbol=NSE%3AKROSS&interval=D,https://www.tradingview.com/chart/?symbol=NSE%3AKROSS&interval=W,https://www.tradingview.com/chart/?symbol=NSE%3AKROSS&interval=75,pending,data/research_datasets/20260824,2026-08-24 10:05:13 UTC
KPIL,KPIL.NS,Kalpataru Projects International Limited,2026-08-21,900,DISQUALIFIED,True,True,22.5,True,Most recent event is UTAD (Upthrust After Distribution / potential distribution phase).,True,True,True,False,False,True,1404.5,61.8,1342.75,1289.24,,,1.08,0.145,,0.44,0.6,0.7,False,False,False,False,UTAD,2026-08-12,False,False,False,True,98,"Bar vol_ratio=11.87x, spread_ratio=3.03x, close_pos=0.41. Candidate UTAD: intrabar high=1468.00 exceeded range resistance=1467.84 (+0.01%), closed back below at 1396.80 (close pos=0.41), elevated volume 11.87x avg (threshold >= 1.5x), spread 3.03x ATR",1422.49,1.3,24,True,[DISQUALIFIED] Score: 22.5/100.0 | DISQUALIFIED: Most recent event is UTAD (Upthrust After Distribution / potential distribution phase).,https://www.tradingview.com/chart/?symbol=NSE%3AKPIL&interval=D,https://www.tradingview.com/chart/?symbol=NSE%3AKPIL&interval=W,https://www.tradingview.com/chart/?symbol=NSE%3AKPIL&interval=75,pending,data/research_datasets/20260824,2026-08-24 10:05:13 UTC
KFINTECH,KFINTECH.NS,Kfin Technologies Limited,2026-08-21,901,DISQUALIFIED,True,True,22.5,True,Most recent event is UTAD (Upthrust After Distribution / potential distribution phase).,False,True,True,True,True,True,980.0,63.1,902.68,888.05,,,0.97,0.066,,1.72,1.3,0.68,False,False,False,False,UTAD,2026-08-21,False,False,False,True,87,"Bar vol_ratio=1.72x, spread_ratio=1.30x, close_pos=0.68. Candidate UTAD: intrabar high=992.40 exceeded range resistance=982.50 (+1.01%), closed back below at 980.00 (close pos=0.68), elevated volume 1.72x avg (threshold >= 1.5x), spread 1.30x ATR",1681.15,71.5,38,True,[DISQUALIFIED] Score: 22.5/100.0 | DISQUALIFIED: Most recent event is UTAD (Upthrust After Distribution / potential distribution phase).,https://www.tradingview.com/chart/?symbol=NSE%3AKFINTECH&interval=D,https://www.tradingview.com/chart/?symbol=NSE%3AKFINTECH&interval=W,https://www.tradingview.com/chart/?symbol=NSE%3AKFINTECH&interval=75,pending,data/research_datasets/20260824,2026-08-24 10:05:13 UTC
KANPRPLA,KANPRPLA.NS,Kanpur Plastipack Limited,2026-08-21,899,DISQUALIFIED,True,True,22.5,True,Most recent event is UTAD (Upthrust After Distribution / potential distribution phase).,True,True,True,False,False,True,260.91,65.5,208.51,202.96,,,1.36,0.391,,1.73,1.61,0.12,False,False,False,False,UTAD,2026-08-21,False,False,False,True,124,"Bar vol_ratio=1.73x, spread_ratio=1.61x, close_pos=0.12. Candidate UTAD: intrabar high=281.44 exceeded range resistance=272.20 (+3.39%), closed back below at 260.91 (close pos=0.12), elevated volume 1.73x avg (threshold >= 1.5x), spread 1.61x ATR",239.63,-8.2,23,True,[DISQUALIFIED] Score: 22.5/100.0 | DISQUALIFIED: Most recent event is UTAD (Upthrust After Distribution / potential distribution phase).,https://www.tradingview.com/chart/?symbol=NSE%3AKANPRPLA&interval=D,https://www.tradingview.com/chart/?symbol=NSE%3AKANPRPLA&interval=W,https://www.tradingview.com/chart/?symbol=NSE%3AKANPRPLA&interval=75,pending,data/research_datasets/20260824,2026-08-24 10:05:13 UTC
JSWENERGY,JSWENERGY.NS,JSW Energy Limited,2026-08-21,901,DISQUALIFIED,True,True,22.5,True,Most recent event is UTAD (Upthrust After Distribution / potential distribution phase).,True,False,False,True,False,True,544.95,42.4,559.16,553.6,,,0.81,0.073,,0.65,1.14,0.4,False,False,False,False,UTAD,2026-05-29,False,False,False,True,78,"Bar vol_ratio=2.45x, spread_ratio=1.51x, close_pos=0.12. Candidate UTAD: intrabar high=615.26 exceeded range resistance=606.84 (+1.39%), closed back below at 593.03 (close pos=0.12), elevated volume 2.45x avg (threshold >= 1.5x), spread 1.51x ATR",775.28,42.3,40,True,[DISQUALIFIED] Score: 22.5/100.0 | DISQUALIFIED: Most recent event is UTAD (Upthrust After Distribution / potential distribution phase).,https://www.tradingview.com/chart/?symbol=NSE%3AJSWENERGY&interval=D,https://www.tradingview.com/chart/?symbol=NSE%3AJSWENERGY&interval=W,https://www.tradingview.com/chart/?symbol=NSE%3AJSWENERGY&interval=75,pending,data/research_datasets/20260824,2026-08-24 10:05:13 UTC
JSWCEMENT,JSWCEMENT.NS,JSW Cement Limited,2026-08-21,255,DISQUALIFIED,True,True,22.5,True,Most recent event is UTAD (Upthrust After Distribution / potential distribution phase).,True,False,False,True,False,True,126.04,36.9,133.09,129.21,,,0.89,0.094,,1.21,0.75,0.59,False,False,False,False,UTAD,2026-07-21,False,False,False,True,34,"Bar vol_ratio=1.57x, spread_ratio=1.06x, close_pos=0.26. Candidate UTAD: intrabar high=143.40 exceeded range resistance=142.99 (+0.29%), closed back below at 140.97 (close pos=0.26), elevated volume 1.57x avg (threshold >= 1.5x), spread 1.06x ATR",178.25,41.4,16,True,[DISQUALIFIED] Score: 22.5/100.0 | DISQUALIFIED: Most recent event is UTAD (Upthrust After Distribution / potential distribution phase).,https://www.tradingview.com/chart/?symbol=NSE%3AJSWCEMENT&interval=D,https://www.tradingview.com/chart/?symbol=NSE%3AJSWCEMENT&interval=W,https://www.tradingview.com/chart/?symbol=NSE%3AJSWCEMENT&interval=75,pending,data/research_datasets/20260824,2026-08-24 10:05:13 UTC
JSFB,JSFB.NS,Jana Small Finance Bank Limited,2026-08-21,626,DISQUALIFIED,True,True,22.5,True,Most recent event is UTAD (Upthrust After Distribution / potential distribution phase).,True,True,True,False,True,True,582.35,59.9,513.12,482.57,,,1.18,0.123,,5.8,1.75,0.45,False,False,False,False,UTAD,2026-08-21,False,False,False,True,81,"Bar vol_ratio=5.80x, spread_ratio=1.75x, close_pos=0.45. Candidate UTAD: intrabar high=606.95 exceeded range resistance=593.00 (+2.35%), closed back below at 582.35 (close pos=0.45), elevated volume 5.80x avg (threshold >= 1.5x), spread 1.75x ATR",1361.45,133.8,60,True,[DISQUALIFIED] Score: 22.5/100.0 | DISQUALIFIED: Most recent event is UTAD (Upthrust After Distribution / potential distribution phase).,https://www.tradingview.com/chart/?symbol=NSE%3AJSFB&interval=D,https://www.tradingview.com/chart/?symbol=NSE%3AJSFB&interval=W,https://www.tradingview.com/chart/?symbol=NSE%3AJSFB&interval=75,pending,data/research_datasets/20260824,2026-08-24 10:05:13 UTC
JKIPL,JKIPL.NS,Jinkushal Industries Limited,2026-08-21,222,DISQUALIFIED,True,False,22.5,True,Most recent event is UTAD (Upthrust After Distribution / potential distribution phase).,False,True,True,True,True,False,102.32,56.7,101.1,93.87,,,0.99,0.071,,0.97,1.06,0.89,False,False,False,False,SC,2026-06-18,False,False,False,False,44,"Bar vol_ratio=2.67x, spread_ratio=1.55x, close_pos=0.09. Candidate SC: volume 2.67x 20-period avg (threshold >= 2.0x), spread 1.55x 20-period ATR (threshold >= 1.5x), down-close (Open=119.70, Close=112.18, close pos=0.09), Prior peak=118.70, bar low=111.48, decline=6.1% over prior 10 bars (threshold >= 3.0%)",101.05,-1.2,8,True,[DISQUALIFIED] Score: 22.5/100.0 | DISQUALIFIED: Most recent event is UTAD (Upthrust After Distribution / potential distribution phase).,https://www.tradingview.com/chart/?symbol=NSE%3AJKIPL&interval=D,https://www.tradingview.com/chart/?symbol=NSE%3AJKIPL&interval=W,https://www.tradingview.com/chart/?symbol=NSE%3AJKIPL&interval=75,pending,data/research_datasets/20260824,2026-08-24 10:05:13 UTC
JKIL,JKIL.NS,J.Kumar Infraprojects Limited,2026-08-21,901,DISQUALIFIED,True,True,22.5,True,Most recent event is UTAD (Upthrust After Distribution / potential distribution phase).,False,True,True,True,False,True,506.3,58.0,495.22,494.88,,,0.99,0.069,,0.7,0.86,0.63,False,False,False,False,UTAD,2026-08-19,False,False,False,True,116,"Bar vol_ratio=1.70x, spread_ratio=1.44x, close_pos=0.13. Candidate UTAD: intrabar high=519.85 exceeded range resistance=515.50 (+0.84%), closed back below at 504.70 (close pos=0.13), elevated volume 1.70x avg (threshold >= 1.5x), spread 1.44x ATR",697.6,37.8,25,True,[DISQUALIFIED] Score: 22.5/100.0 | DISQUALIFIED: Most recent event is UTAD (Upthrust After Distribution / potential distribution phase).,https://www.tradingview.com/chart/?symbol=NSE%3AJKIL&interval=D,https://www.tradingview.com/chart/?symbol=NSE%3AJKIL&interval=W,https://www.tradingview.com/chart/?symbol=NSE%3AJKIL&interval=75,pending,data/research_datasets/20260824,2026-08-24 10:05:13 UTC
JGCHEM,JGCHEM.NS,J.G.Chemicals Limited,2026-08-21,606,DISQUALIFIED,True,True,22.5,True,Most recent event is UTAD (Upthrust After Distribution / potential distribution phase).,True,True,True,False,False,True,621.85,68.7,492.55,445.62,,,1.6,0.378,,0.16,0.62,0.82,False,False,False,False,UTAD,2026-08-11,False,False,False,True,70,"Bar vol_ratio=2.02x, spread_ratio=1.55x, close_pos=0.28. Candidate UTAD: intrabar high=654.00 exceeded range resistance=647.30 (+1.04%), closed back below at 622.35 (close pos=0.28), elevated volume 2.02x avg (threshold >= 1.5x), spread 1.55x ATR",728.7,17.2,51,True,[DISQUALIFIED] Score: 22.5/100.0 | DISQUALIFIED: Most recent event is UTAD (Upthrust After Distribution / potential distribution phase).,https://www.tradingview.com/chart/?symbol=NSE%3AJGCHEM&interval=D,https://www.tradingview.com/chart/?symbol=NSE%3AJGCHEM&interval=W,https://www.tradingview.com/chart/?symbol=NSE%3AJGCHEM&interval=75,pending,data/research_datasets/20260824,2026-08-24 10:05:13 UTC
JAYAGROGN,JAYAGROGN.NS,Jayant Agro Organics Limited,2026-08-21,899,DISQUALIFIED,True,False,22.5,True,Most recent event is UTAD (Upthrust After Distribution / potential distribution phase).,True,True,False,True,True,False,220.69,51.9,215.42,210.23,,,0.86,0.081,,0.27,0.48,0.69,False,True,False,False,UTAD,2026-05-15,False,False,False,True,116,"Bar vol_ratio=1.80x, spread_ratio=2.17x, close_pos=0.05. Candidate UTAD: intrabar high=236.26 exceeded range resistance=235.96 (+0.13%), closed back below at 219.62 (close pos=0.05), elevated volume 1.80x avg (threshold >= 1.5x), spread 2.17x ATR",242.98,10.1,13,True,[DISQUALIFIED] Score: 22.5/100.0 | DISQUALIFIED: Most recent event is UTAD (Upthrust After Distribution / potential distribution phase).,https://www.tradingview.com/chart/?symbol=NSE%3AJAYAGROGN&interval=D,https://www.tradingview.com/chart/?symbol=NSE%3AJAYAGROGN&interval=W,https://www.tradingview.com/chart/?symbol=NSE%3AJAYAGROGN&interval=75,pending,data/research_datasets/20260824,2026-08-24 10:05:13 UTC
ITDC,ITDC.NS,India Tourism Development Corporation Limited,2026-08-21,900,DISQUALIFIED,True,True,22.5,True,Most recent event is UTAD (Upthrust After Distribution / potential distribution phase).,True,True,False,True,True,True,684.3,46.4,679.77,622.12,,,0.72,0.08,,0.23,0.45,0.28,False,False,True,False,UTAD,2026-07-20,False,False,False,True,101,"Bar vol_ratio=1.88x, spread_ratio=2.11x, close_pos=0.45. Candidate UTAD: intrabar high=822.00 exceeded range resistance=820.00 (+0.24%), closed back below at 773.90 (close pos=0.45), elevated volume 1.88x avg (threshold >= 1.5x), spread 2.11x ATR",618.0,-9.7,14,True,[DISQUALIFIED] Score: 22.5/100.0 | DISQUALIFIED: Most recent event is UTAD (Upthrust After Distribution / potential distribution phase).,https://www.tradingview.com/chart/?symbol=NSE%3AITDC&interval=D,https://www.tradingview.com/chart/?symbol=NSE%3AITDC&interval=W,https://www.tradingview.com/chart/?symbol=NSE%3AITDC&interval=75,pending,data/research_datasets/20260824,2026-08-24 10:05:13 UTC
INOXINDIA,INOXINDIA.NS,INOX India Limited,2026-08-21,661,DISQUALIFIED,True,True,22.5,True,Most recent event is UTAD (Upthrust After Distribution / potential distribution phase).,True,False,False,True,True,True,1930.2,49.9,1930.99,1705.8,,,0.71,0.057,,0.72,0.85,0.51,False,False,False,False,UTAD,2026-06-09,False,False,False,True,72,"Bar vol_ratio=2.17x, spread_ratio=1.43x, close_pos=0.32. Candidate UTAD: intrabar high=1753.00 exceeded range resistance=1695.36 (+3.40%), closed back below at 1686.70 (close pos=0.32), elevated volume 2.17x avg (threshold >= 1.5x), spread 1.43x ATR",1987.46,3.0,18,True,[DISQUALIFIED] Score: 22.5/100.0 | DISQUALIFIED: Most recent event is UTAD (Upthrust After Distribution / potential distribution phase).,https://www.tradingview.com/chart/?symbol=NSE%3AINOXINDIA&interval=D,https://www.tradingview.com/chart/?symbol=NSE%3AINOXINDIA&interval=W,https://www.tradingview.com/chart/?symbol=NSE%3AINOXINDIA&interval=75,pending,data/research_datasets/20260824,2026-08-24 10:05:13 UTC
ICIL,ICIL.NS,Indo Count Industries Limited,2026-08-21,901,DISQUALIFIED,True,True,22.5,True,Most recent event is UTAD (Upthrust After Distribution / potential distribution phase).,True,True,True,False,False,True,443.55,62.5,407.83,349.13,,,1.23,0.173,,0.41,0.99,0.81,False,False,False,False,UTAD,2026-08-18,False,False,False,True,95,"Bar vol_ratio=14.58x, spread_ratio=3.41x, close_pos=0.68. Candidate UTAD: intrabar high=462.00 exceeded range resistance=461.97 (+0.01%), closed back below at 437.70 (close pos=0.68), elevated volume 14.58x avg (threshold >= 1.5x), spread 3.41x ATR",475.37,7.2,51,True,[DISQUALIFIED] Score: 22.5/100.0 | DISQUALIFIED: Most recent event is UTAD (Upthrust After Distribution / potential distribution phase).,https://www.tradingview.com/chart/?symbol=NSE%3AICIL&interval=D,https://www.tradingview.com/chart/?symbol=NSE%3AICIL&interval=W,https://www.tradingview.com/chart/?symbol=NSE%3AICIL&interval=75,pending,data/research_datasets/20260824,2026-08-24 10:05:13 UTC
HYUNDAI,HYUNDAI.NS,Hyundai Motor India Limited,2026-08-21,458,DISQUALIFIED,True,True,22.5,True,Most recent event is UTAD (Upthrust After Distribution / potential distribution phase).,False,True,True,True,True,True,2218.8,64.8,2032.75,1930.08,,,0.93,0.17,,0.92,0.75,0.19,False,False,False,False,UTAD,2026-08-03,False,False,False,True,48,"Bar vol_ratio=1.83x, spread_ratio=0.81x, close_pos=0.15. Candidate UTAD: intrabar high=2226.34 exceeded range resistance=2187.11 (+1.79%), closed back below at 2186.12 (close pos=0.15), elevated volume 1.83x avg (threshold >= 1.5x), spread 0.81x ATR",3639.41,64.0,31,True,[DISQUALIFIED] Score: 22.5/100.0 | DISQUALIFIED: Most recent event is UTAD (Upthrust After Distribution / potential distribution phase).,https://www.tradingview.com/chart/?symbol=NSE%3AHYUNDAI&interval=D,https://www.tradingview.com/chart/?symbol=NSE%3AHYUNDAI&interval=W,https://www.tradingview.com/chart/?symbol=NSE%3AHYUNDAI&interval=75,pending,data/research_datasets/20260824,2026-08-24 10:05:13 UTC
GVPTECH,GVPTECH.NS,GVP Infotech Limited,2026-08-21,899,DISQUALIFIED,True,False,22.5,True,Most recent event is UTAD (Upthrust After Distribution / potential distribution phase).,False,True,True,True,True,False,7.34,62.9,6.93,6.83,,,0.87,0.061,,4.4,3.45,0.5,False,False,False,False,UTAD,2026-06-22,False,False,False,True,126,"Bar vol_ratio=7.30x, spread_ratio=2.79x, close_pos=0.41. Candidate UTAD: intrabar high=7.89 exceeded range resistance=7.74 (+1.94%), closed back below at 7.28 (close pos=0.41), elevated volume 7.30x avg (threshold >= 1.5x), spread 2.79x ATR",19.11,160.4,16,True,[DISQUALIFIED] Score: 22.5/100.0 | DISQUALIFIED: Most recent event is UTAD (Upthrust After Distribution / potential distribution phase).,https://www.tradingview.com/chart/?symbol=NSE%3AGVPTECH&interval=D,https://www.tradingview.com/chart/?symbol=NSE%3AGVPTECH&interval=W,https://www.tradingview.com/chart/?symbol=NSE%3AGVPTECH&interval=75,pending,data/research_datasets/20260824,2026-08-24 10:05:13 UTC
GUJALKALI,GUJALKALI.NS,Gujarat Alkalies and Chemicals Limited,2026-08-21,900,DISQUALIFIED,True,True,22.5,True,Most recent event is UTAD (Upthrust After Distribution / potential distribution phase).,True,False,True,True,True,True,684.25,55.9,643.99,667.66,,,0.89,0.058,,0.54,0.6,0.75,False,False,False,False,UTAD,2026-08-03,False,False,False,True,119,"Bar vol_ratio=3.15x, spread_ratio=1.42x, close_pos=0.44. Candidate UTAD: intrabar high=719.00 exceeded range resistance=714.95 (+0.57%), closed back below at 697.25 (close pos=0.44), elevated volume 3.15x avg (threshold >= 1.5x), spread 1.42x ATR",1308.45,91.2,47,True,[DISQUALIFIED] Score: 22.5/100.0 | DISQUALIFIED: Most recent event is UTAD (Upthrust After Distribution / potential distribution phase).,https://www.tradingview.com/chart/?symbol=NSE%3AGUJALKALI&interval=D,https://www.tradingview.com/chart/?symbol=NSE%3AGUJALKALI&interval=W,https://www.tradingview.com/chart/?symbol=NSE%3AGUJALKALI&interval=75,pending,data/research_datasets/20260824,2026-08-24 10:05:13 UTC
FLUOROCHEM,FLUOROCHEM.NS,Gujarat Fluorochemicals Limited,2026-08-21,901,DISQUALIFIED,True,True,22.5,True,Most recent event is UTAD (Upthrust After Distribution / potential distribution phase).,True,True,True,False,True,True,4621.9,58.5,4233.48,3895.27,,,1.19,0.095,,0.37,0.68,0.17,False,False,False,False,UTAD,2026-08-12,False,False,False,True,87,"Bar vol_ratio=4.76x, spread_ratio=1.79x, close_pos=0.55. Candidate UTAD: intrabar high=4695.00 exceeded range resistance=4653.20 (+0.90%), closed back below at 4565.80 (close pos=0.55), elevated volume 4.76x avg (threshold >= 1.5x), spread 1.79x ATR",7766.2,68.0,73,True,[DISQUALIFIED] Score: 22.5/100.0 | DISQUALIFIED: Most recent event is UTAD (Upthrust After Distribution / potential distribution phase).,https://www.tradingview.com/chart/?symbol=NSE%3AFLUOROCHEM&interval=D,https://www.tradingview.com/chart/?symbol=NSE%3AFLUOROCHEM&interval=W,https://www.tradingview.com/chart/?symbol=NSE%3AFLUOROCHEM&interval=75,pending,data/research_datasets/20260824,2026-08-24 10:05:13 UTC
FILATEX,FILATEX.NS,Filatex India Limited,2026-08-21,900,DISQUALIFIED,True,True,22.5,True,Most recent event is UTAD (Upthrust After Distribution / potential distribution phase).,True,True,True,False,True,True,83.06,62.5,67.89,56.39,,,1.05,0.247,,0.53,0.97,0.48,False,False,False,False,UTAD,2026-08-03,False,False,False,True,134,"Bar vol_ratio=1.71x, spread_ratio=1.35x, close_pos=0.64. Candidate UTAD: intrabar high=79.00 exceeded range resistance=77.54 (+1.88%), closed back below at 76.70 (close pos=0.64), elevated volume 1.71x avg (threshold >= 1.5x), spread 1.35x ATR",82.22,-1.0,13,False,[DISQUALIFIED] Score: 22.5/100.0 | DISQUALIFIED: Most recent event is UTAD (Upthrust After Distribution / potential distribution phase).,https://www.tradingview.com/chart/?symbol=NSE%3AFILATEX&interval=D,https://www.tradingview.com/chart/?symbol=NSE%3AFILATEX&interval=W,https://www.tradingview.com/chart/?symbol=NSE%3AFILATEX&interval=75,pending,data/research_datasets/20260824,2026-08-24 10:05:13 UTC
FEDFINA,FEDFINA.NS,Fedbank Financial Services Limited,2026-08-21,677,DISQUALIFIED,True,True,22.5,True,Most recent event is UTAD (Upthrust After Distribution / potential distribution phase).,False,True,True,True,True,True,156.84,57.3,153.54,152.12,,,0.76,0.055,,1.7,1.4,0.51,False,False,False,False,UTAD,2026-07-15,False,False,False,True,87,"Bar vol_ratio=7.39x, spread_ratio=3.21x, close_pos=0.41. Candidate UTAD: intrabar high=174.40 exceeded range resistance=166.44 (+4.78%), closed back below at 163.55 (close pos=0.41), elevated volume 7.39x avg (threshold >= 1.5x), spread 3.21x ATR",328.58,109.5,59,True,[DISQUALIFIED] Score: 22.5/100.0 | DISQUALIFIED: Most recent event is UTAD (Upthrust After Distribution / potential distribution phase).,https://www.tradingview.com/chart/?symbol=NSE%3AFEDFINA&interval=D,https://www.tradingview.com/chart/?symbol=NSE%3AFEDFINA&interval=W,https://www.tradingview.com/chart/?symbol=NSE%3AFEDFINA&interval=75,pending,data/research_datasets/20260824,2026-08-24 10:05:13 UTC
EMBDL,EMBDL.NS,Embassy Developments Limited,2026-08-21,901,DISQUALIFIED,True,True,22.5,True,Most recent event is UTAD (Upthrust After Distribution / potential distribution phase).,False,True,True,True,True,True,64.87,58.5,62.87,59.71,,,0.98,0.084,,2.01,1.05,0.85,False,False,False,False,UTAD,2026-08-11,False,False,False,True,107,"Bar vol_ratio=4.07x, spread_ratio=2.62x, close_pos=0.11. Candidate UTAD: intrabar high=69.60 exceeded range resistance=67.67 (+2.85%), closed back below at 64.72 (close pos=0.11), elevated volume 4.07x avg (threshold >= 1.5x), spread 2.62x ATR",258.92,299.1,46,True,[DISQUALIFIED] Score: 22.5/100.0 | DISQUALIFIED: Most recent event is UTAD (Upthrust After Distribution / potential distribution phase).,https://www.tradingview.com/chart/?symbol=NSE%3AEMBDL&interval=D,https://www.tradingview.com/chart/?symbol=NSE%3AEMBDL&interval=W,https://www.tradingview.com/chart/?symbol=NSE%3AEMBDL&interval=75,pending,data/research_datasets/20260824,2026-08-24 10:05:13 UTC
DELHIVERY,DELHIVERY.NS,Delhivery Limited,2026-08-21,901,DISQUALIFIED,True,False,22.5,True,Most recent event is UTAD (Upthrust After Distribution / potential distribution phase).,False,False,False,True,True,True,450.7,37.6,477.81,467.26,,,0.84,0.085,,0.35,0.48,0.4,False,True,False,False,UTAD,2026-07-10,False,False,False,True,128,"Bar vol_ratio=2.11x, spread_ratio=0.73x, close_pos=0.67. Candidate UTAD: intrabar high=524.00 exceeded range resistance=523.00 (+0.19%), closed back below at 520.30 (close pos=0.67), elevated volume 2.11x avg (threshold >= 1.5x), spread 0.73x ATR",1239.75,175.1,52,True,[DISQUALIFIED] Score: 22.5/100.0 | DISQUALIFIED: Most recent event is UTAD (Upthrust After Distribution / potential distribution phase).,https://www.tradingview.com/chart/?symbol=NSE%3ADELHIVERY&interval=D,https://www.tradingview.com/chart/?symbol=NSE%3ADELHIVERY&interval=W,https://www.tradingview.com/chart/?symbol=NSE%3ADELHIVERY&interval=75,pending,data/research_datasets/20260824,2026-08-24 10:05:13 UTC
DCBBANK,DCBBANK.NS,DCB Bank Limited,2026-08-21,901,DISQUALIFIED,True,True,22.5,True,Most recent event is UTAD (Upthrust After Distribution / potential distribution phase).,True,True,True,False,False,True,203.59,65.0,187.89,184.27,,,1.1,0.108,,4.88,2.59,0.92,False,False,False,False,UTAD,2026-08-21,False,False,False,True,95,"Bar vol_ratio=4.88x, spread_ratio=2.59x, close_pos=0.92. Candidate UTAD: intrabar high=205.00 exceeded range resistance=204.74 (+0.13%), closed back below at 203.59 (close pos=0.92), elevated volume 4.88x avg (threshold >= 1.5x), spread 2.59x ATR",214.53,5.4,28,True,[DISQUALIFIED] Score: 22.5/100.0 | DISQUALIFIED: Most recent event is UTAD (Upthrust After Distribution / potential distribution phase).,https://www.tradingview.com/chart/?symbol=NSE%3ADCBBANK&interval=D,https://www.tradingview.com/chart/?symbol=NSE%3ADCBBANK&interval=W,https://www.tradingview.com/chart/?symbol=NSE%3ADCBBANK&interval=75,pending,data/research_datasets/20260824,2026-08-24 10:05:13 UTC
CREDITACC,CREDITACC.NS,CREDITACCESS GRAMEEN LIMITED,2026-08-21,901,DISQUALIFIED,True,True,22.5,True,Most recent event is UTAD (Upthrust After Distribution / potential distribution phase).,True,False,False,True,True,True,1496.1,43.7,1510.38,1402.78,,,0.77,0.075,,0.78,1.32,0.32,False,False,False,False,UTAD,2026-07-27,False,False,False,True,96,"Bar vol_ratio=7.66x, spread_ratio=1.21x, close_pos=0.64. Candidate UTAD: intrabar high=1614.00 exceeded range resistance=1608.10 (+0.37%), closed back below at 1591.10 (close pos=0.64), elevated volume 7.66x avg (threshold >= 1.5x), spread 1.21x ATR",3564.1,138.2,76,True,[DISQUALIFIED] Score: 22.5/100.0 | DISQUALIFIED: Most recent event is UTAD (Upthrust After Distribution / potential distribution phase).,https://www.tradingview.com/chart/?symbol=NSE%3ACREDITACC&interval=D,https://www.tradingview.com/chart/?symbol=NSE%3ACREDITACC&interval=W,https://www.tradingview.com/chart/?symbol=NSE%3ACREDITACC&interval=75,pending,data/research_datasets/20260824,2026-08-24 10:05:13 UTC
CRAMC,CRAMC.NS,Canara Robeco Asset Management Company Limited,2026-08-21,213,DISQUALIFIED,True,True,22.5,True,Most recent event is UTAD (Upthrust After Distribution / potential distribution phase).,False,True,True,True,True,True,264.7,58.0,255.81,252.85,,,0.81,0.064,,1.36,1.43,0.65,False,False,False,False,UTAD,2026-07-22,False,False,False,True,24,"Bar vol_ratio=16.55x, spread_ratio=3.18x, close_pos=0.09. Candidate UTAD: intrabar high=294.00 exceeded range resistance=267.32 (+9.98%), closed back below at 266.81 (close pos=0.09), elevated volume 16.55x avg (threshold >= 1.5x), spread 3.18x ATR",397.02,50.0,23,True,[DISQUALIFIED] Score: 22.5/100.0 | DISQUALIFIED: Most recent event is UTAD (Upthrust After Distribution / potential distribution phase).,https://www.tradingview.com/chart/?symbol=NSE%3ACRAMC&interval=D,https://www.tradingview.com/chart/?symbol=NSE%3ACRAMC&interval=W,https://www.tradingview.com/chart/?symbol=NSE%3ACRAMC&interval=75,pending,data/research_datasets/20260824,2026-08-24 10:05:13 UTC
COSMOFIRST,COSMOFIRST.NS,COSMO FIRST LIMITED,2026-08-21,900,DISQUALIFIED,True,True,22.5,True,Most recent event is UTAD (Upthrust After Distribution / potential distribution phase).,True,True,True,False,True,True,922.95,55.7,852.87,785.42,,,1.19,0.106,,0.24,0.73,0.11,False,False,False,False,UTAD,2026-08-10,False,False,False,True,118,"Bar vol_ratio=2.21x, spread_ratio=1.62x, close_pos=0.52. Candidate UTAD: intrabar high=954.95 exceeded range resistance=943.00 (+1.27%), closed back below at 927.15 (close pos=0.52), elevated volume 2.21x avg (threshold >= 1.5x), spread 1.62x ATR",1754.34,90.1,35,True,[DISQUALIFIED] Score: 22.5/100.0 | DISQUALIFIED: Most recent event is UTAD (Upthrust After Distribution / potential distribution phase).,https://www.tradingview.com/chart/?symbol=NSE%3ACOSMOFIRST&interval=D,https://www.tradingview.com/chart/?symbol=NSE%3ACOSMOFIRST&interval=W,https://www.tradingview.com/chart/?symbol=NSE%3ACOSMOFIRST&interval=75,pending,data/research_datasets/20260824,2026-08-24 10:05:13 UTC
CLEAN,CLEAN.NS,Clean Science and Technology Limited,2026-08-21,901,DISQUALIFIED,True,True,22.5,True,Most recent event is UTAD (Upthrust After Distribution / potential distribution phase).,False,True,True,True,False,True,825.5,59.9,777.47,777.46,,,0.97,0.2,,0.45,0.83,0.26,False,False,False,False,UTAD,2026-04-23,False,False,False,True,135,"Bar vol_ratio=12.82x, spread_ratio=2.48x, close_pos=0.45. Candidate UTAD: intrabar high=842.90 exceeded range resistance=820.00 (+2.79%), closed back below at 800.70 (close pos=0.45), elevated volume 12.82x avg (threshold >= 1.5x), spread 2.48x ATR",2527.14,206.1,41,True,[DISQUALIFIED] Score: 22.5/100.0 | DISQUALIFIED: Most recent event is UTAD (Upthrust After Distribution / potential distribution phase).,https://www.tradingview.com/chart/?symbol=NSE%3ACLEAN&interval=D,https://www.tradingview.com/chart/?symbol=NSE%3ACLEAN&interval=W,https://www.tradingview.com/chart/?symbol=NSE%3ACLEAN&interval=75,pending,data/research_datasets/20260824,2026-08-24 10:05:13 UTC
CHENNPETRO,CHENNPETRO.NS,Chennai Petroleum Corporation Limited,2026-08-21,901,DISQUALIFIED,True,True,22.5,True,Most recent event is UTAD (Upthrust After Distribution / potential distribution phase).,True,True,True,False,False,True,1393.5,61.5,1183.42,1099.47,,,1.24,0.303,,0.32,0.4,0.48,False,True,False,False,UTAD,2026-08-19,False,False,False,True,120,"Bar vol_ratio=1.86x, spread_ratio=0.91x, close_pos=0.28. Candidate UTAD: intrabar high=1489.70 exceeded range resistance=1454.50 (+2.42%), closed back below at 1440.30 (close pos=0.28), elevated volume 1.86x avg (threshold >= 1.5x), spread 0.91x ATR",1239.64,-11.0,13,False,[DISQUALIFIED] Score: 22.5/100.0 | DISQUALIFIED: Most recent event is UTAD (Upthrust After Distribution / potential distribution phase).,https://www.tradingview.com/chart/?symbol=NSE%3ACHENNPETRO&interval=D,https://www.tradingview.com/chart/?symbol=NSE%3ACHENNPETRO&interval=W,https://www.tradingview.com/chart/?symbol=NSE%3ACHENNPETRO&interval=75,pending,data/research_datasets/20260824,2026-08-24 10:05:13 UTC
CCL,CCL.NS,CCL Products (India) Limited,2026-08-21,901,DISQUALIFIED,True,False,22.5,True,Most recent event is UTAD (Upthrust After Distribution / potential distribution phase).,False,False,False,True,False,True,1082.3,28.9,1163.56,1135.86,,,0.8,0.093,,2.13,1.47,0.17,False,False,False,False,UTAD,2026-06-10,False,False,False,True,108,"Bar vol_ratio=4.34x, spread_ratio=2.15x, close_pos=0.49. Candidate UTAD: intrabar high=1236.20 exceeded range resistance=1219.90 (+1.34%), closed back below at 1193.40 (close pos=0.49), elevated volume 4.34x avg (threshold >= 1.5x), spread 2.15x ATR",1341.0,23.9,18,True,[DISQUALIFIED] Score: 22.5/100.0 | DISQUALIFIED: Most recent event is UTAD (Upthrust After Distribution / potential distribution phase).,https://www.tradingview.com/chart/?symbol=NSE%3ACCL&interval=D,https://www.tradingview.com/chart/?symbol=NSE%3ACCL&interval=W,https://www.tradingview.com/chart/?symbol=NSE%3ACCL&interval=75,pending,data/research_datasets/20260824,2026-08-24 10:05:13 UTC
CASTROLIND,CASTROLIND.NS,Castrol India Limited,2026-08-21,901,DISQUALIFIED,True,True,22.5,True,Most recent event is UTAD (Upthrust After Distribution / potential distribution phase).,True,True,True,False,False,True,187.77,64.7,181.07,178.91,,,1.34,0.087,,0.3,0.8,0.3,False,False,False,False,UTAD,2026-08-19,False,False,False,True,115,"Bar vol_ratio=1.61x, spread_ratio=1.61x, close_pos=0.47. Candidate UTAD: intrabar high=190.90 exceeded range resistance=190.45 (+0.24%), closed back below at 188.75 (close pos=0.47), elevated volume 1.61x avg (threshold >= 1.5x), spread 1.61x ATR",323.35,72.2,50,True,[DISQUALIFIED] Score: 22.5/100.0 | DISQUALIFIED: Most recent event is UTAD (Upthrust After Distribution / potential distribution phase).,https://www.tradingview.com/chart/?symbol=NSE%3ACASTROLIND&interval=D,https://www.tradingview.com/chart/?symbol=NSE%3ACASTROLIND&interval=W,https://www.tradingview.com/chart/?symbol=NSE%3ACASTROLIND&interval=75,pending,data/research_datasets/20260824,2026-08-24 10:05:13 UTC
CARBORUNIV,CARBORUNIV.NS,Carborundum Universal Limited,2026-08-21,900,DISQUALIFIED,True,True,22.5,True,Most recent event is UTAD (Upthrust After Distribution / potential distribution phase).,True,True,True,False,False,True,1169.8,59.2,1113.76,1048.46,,,1.09,0.153,,3.17,1.82,0.54,False,False,False,False,UTAD,2026-06-19,False,False,False,True,126,"Bar vol_ratio=5.31x, spread_ratio=2.76x, close_pos=0.50. Candidate UTAD: intrabar high=1303.79 exceeded range resistance=1264.98 (+3.07%), closed back below at 1238.75 (close pos=0.50), elevated volume 5.31x avg (threshold >= 1.5x), spread 2.76x ATR",1214.38,3.8,13,True,[DISQUALIFIED] Score: 22.5/100.0 | DISQUALIFIED: Most recent event is UTAD (Upthrust After Distribution / potential distribution phase).,https://www.tradingview.com/chart/?symbol=NSE%3ACARBORUNIV&interval=D,https://www.tradingview.com/chart/?symbol=NSE%3ACARBORUNIV&interval=W,https://www.tradingview.com/chart/?symbol=NSE%3ACARBORUNIV&interval=75,pending,data/research_datasets/20260824,2026-08-24 10:05:13 UTC
BLSE,BLSE.NS,BLS E-Services Limited,2026-08-21,632,DISQUALIFIED,True,True,22.5,True,Most recent event is UTAD (Upthrust After Distribution / potential distribution phase).,True,True,False,True,True,True,320.9,70.2,274.1,235.3,,,0.98,0.141,,0.58,0.76,0.64,False,False,False,False,UTAD,2026-08-20,False,False,False,True,88,"Bar vol_ratio=1.67x, spread_ratio=1.27x, close_pos=0.54. Candidate UTAD: intrabar high=328.10 exceeded range resistance=324.90 (+0.98%), closed back below at 321.10 (close pos=0.54), elevated volume 1.67x avg (threshold >= 1.5x), spread 1.27x ATR",295.05,-8.1,9,True,[DISQUALIFIED] Score: 22.5/100.0 | DISQUALIFIED: Most recent event is UTAD (Upthrust After Distribution / potential distribution phase).,https://www.tradingview.com/chart/?symbol=NSE%3ABLSE&interval=D,https://www.tradingview.com/chart/?symbol=NSE%3ABLSE&interval=W,https://www.tradingview.com/chart/?symbol=NSE%3ABLSE&interval=75,pending,data/research_datasets/20260824,2026-08-24 10:05:13 UTC
BIOCON,BIOCON.NS,Biocon Limited,2026-08-21,901,DISQUALIFIED,True,True,22.5,True,Most recent event is UTAD (Upthrust After Distribution / potential distribution phase).,True,False,False,True,True,True,415.55,43.9,422.61,405.93,,,0.83,0.069,,0.63,0.61,0.91,False,False,False,False,UTAD,2026-07-14,False,False,False,True,101,"Bar vol_ratio=7.16x, spread_ratio=1.82x, close_pos=0.68. Candidate UTAD: intrabar high=444.50 exceeded range resistance=439.87 (+1.05%), closed back below at 437.30 (close pos=0.68), elevated volume 7.16x avg (threshold >= 1.5x), spread 1.82x ATR",666.18,60.3,53,True,[DISQUALIFIED] Score: 22.5/100.0 | DISQUALIFIED: Most recent event is UTAD (Upthrust After Distribution / potential distribution phase).,https://www.tradingview.com/chart/?symbol=NSE%3ABIOCON&interval=D,https://www.tradingview.com/chart/?symbol=NSE%3ABIOCON&interval=W,https://www.tradingview.com/chart/?symbol=NSE%3ABIOCON&interval=75,pending,data/research_datasets/20260824,2026-08-24 10:05:13 UTC
BHAGCHEM,BHAGCHEM.NS,Bhagiradha Chemicals & Industries Limited,2026-08-21,899,DISQUALIFIED,True,True,22.5,True,Most recent event is UTAD (Upthrust After Distribution / potential distribution phase).,True,True,False,True,True,True,280.2,49.4,279.76,261.96,,,0.97,0.132,,0.17,0.39,0.09,False,False,True,False,UTAD,2026-08-03,False,False,False,True,146,"Bar vol_ratio=6.85x, spread_ratio=2.36x, close_pos=0.33. Candidate UTAD: intrabar high=316.90 exceeded range resistance=306.73 (+3.32%), closed back below at 298.35 (close pos=0.33), elevated volume 6.85x avg (threshold >= 1.5x), spread 2.36x ATR",445.07,58.8,47,True,[DISQUALIFIED] Score: 22.5/100.0 | DISQUALIFIED: Most recent event is UTAD (Upthrust After Distribution / potential distribution phase).,https://www.tradingview.com/chart/?symbol=NSE%3ABHAGCHEM&interval=D,https://www.tradingview.com/chart/?symbol=NSE%3ABHAGCHEM&interval=W,https://www.tradingview.com/chart/?symbol=NSE%3ABHAGCHEM&interval=75,pending,data/research_datasets/20260824,2026-08-24 10:05:13 UTC
BCLIND,BCLIND.NS,Bcl Industries Limited,2026-08-21,900,DISQUALIFIED,True,True,22.5,True,Most recent event is UTAD (Upthrust After Distribution / potential distribution phase).,True,True,False,True,True,True,36.5,51.6,35.9,35.01,,,0.91,0.105,,0.68,0.75,0.15,False,False,False,False,UTAD,2026-07-14,False,False,False,True,126,"Bar vol_ratio=3.90x, spread_ratio=1.77x, close_pos=0.20. Candidate UTAD: intrabar high=40.00 exceeded range resistance=39.98 (+0.05%), closed back below at 37.79 (close pos=0.20), elevated volume 3.90x avg (threshold >= 1.5x), spread 1.77x ATR",46.41,27.2,18,True,[DISQUALIFIED] Score: 22.5/100.0 | DISQUALIFIED: Most recent event is UTAD (Upthrust After Distribution / potential distribution phase).,https://www.tradingview.com/chart/?symbol=NSE%3ABCLIND&interval=D,https://www.tradingview.com/chart/?symbol=NSE%3ABCLIND&interval=W,https://www.tradingview.com/chart/?symbol=NSE%3ABCLIND&interval=75,pending,data/research_datasets/20260824,2026-08-24 10:05:13 UTC
BAJAJFINSV,BAJAJFINSV.NS,Bajaj Finserv Limited,2026-08-21,901,DISQUALIFIED,True,True,22.5,True,Most recent event is UTAD (Upthrust After Distribution / potential distribution phase).,False,True,True,True,True,True,2032.5,61.2,1903.75,1832.49,,,0.86,0.112,,0.61,0.65,1.0,False,False,False,False,UTAD,2026-08-05,False,False,False,True,95,"Bar vol_ratio=1.62x, spread_ratio=0.94x, close_pos=0.23. Candidate UTAD: intrabar high=2118.50 exceeded range resistance=2105.00 (+0.64%), closed back below at 2086.00 (close pos=0.23), elevated volume 1.62x avg (threshold >= 1.5x), spread 0.94x ATR",3858.39,89.8,31,True,[DISQUALIFIED] Score: 22.5/100.0 | DISQUALIFIED: Most recent event is UTAD (Upthrust After Distribution / potential distribution phase).,https://www.tradingview.com/chart/?symbol=NSE%3ABAJAJFINSV&interval=D,https://www.tradingview.com/chart/?symbol=NSE%3ABAJAJFINSV&interval=W,https://www.tradingview.com/chart/?symbol=NSE%3ABAJAJFINSV&interval=75,pending,data/research_datasets/20260824,2026-08-24 10:05:13 UTC
AYMSYNTEX,AYMSYNTEX.NS,AYM Syntex Limited,2026-08-21,900,DISQUALIFIED,True,True,22.5,True,Most recent event is UTAD (Upthrust After Distribution / potential distribution phase).,True,True,True,False,False,True,258.2,55.3,240.94,229.05,,,1.01,0.151,,1.14,1.13,0.38,False,False,False,False,UTAD,2026-07-01,False,False,False,True,135,"Bar vol_ratio=11.50x, spread_ratio=2.20x, close_pos=0.45. Candidate UTAD: intrabar high=260.00 exceeded range resistance=249.69 (+4.13%), closed back below at 247.93 (close pos=0.45), elevated volume 11.50x avg (threshold >= 1.5x), spread 2.20x ATR",214.41,-17.0,18,True,[DISQUALIFIED] Score: 22.5/100.0 | DISQUALIFIED: Most recent event is UTAD (Upthrust After Distribution / potential distribution phase).,https://www.tradingview.com/chart/?symbol=NSE%3AAYMSYNTEX&interval=D,https://www.tradingview.com/chart/?symbol=NSE%3AAYMSYNTEX&interval=W,https://www.tradingview.com/chart/?symbol=NSE%3AAYMSYNTEX&interval=75,pending,data/research_datasets/20260824,2026-08-24 10:05:13 UTC
AVANTEL,AVANTEL.NS,Avantel Limited,2026-08-21,514,DISQUALIFIED,True,True,22.5,True,Most recent event is UTAD (Upthrust After Distribution / potential distribution phase).,True,False,False,True,True,True,160.22,43.0,169.57,163.97,,,0.64,0.055,,0.86,1.09,0.18,False,False,False,False,SC,2026-07-13,False,False,False,False,68,"Bar vol_ratio=6.68x, spread_ratio=1.98x, close_pos=0.10. Candidate SC: volume 6.68x 20-period avg (threshold >= 2.0x), spread 1.98x 20-period ATR (threshold >= 1.5x), down-close (Open=186.49, Close=183.76, close pos=0.10), Prior peak=188.76, bar low=182.20, decline=3.5% over prior 10 bars (threshold >= 3.0%)",283.92,77.2,25,True,[DISQUALIFIED] Score: 22.5/100.0 | DISQUALIFIED: Most recent event is UTAD (Upthrust After Distribution / potential distribution phase).,https://www.tradingview.com/chart/?symbol=NSE%3AAVANTEL&interval=D,https://www.tradingview.com/chart/?symbol=NSE%3AAVANTEL&interval=W,https://www.tradingview.com/chart/?symbol=NSE%3AAVANTEL&interval=75,pending,data/research_datasets/20260824,2026-08-24 10:05:13 UTC
AVALON,AVALON.NS,Avalon Technologies Limited,2026-08-21,831,DISQUALIFIED,True,True,22.5,True,Most recent event is UTAD (Upthrust After Distribution / potential distribution phase).,True,True,True,False,False,True,2183.8,69.4,1812.55,1545.29,,,1.3,0.381,,0.74,0.72,0.37,False,False,False,False,UTAD,2026-08-19,False,False,False,True,81,"Bar vol_ratio=1.68x, spread_ratio=1.90x, close_pos=0.88. Candidate UTAD: intrabar high=2269.40 exceeded range resistance=2258.00 (+0.50%), closed back below at 2245.60 (close pos=0.88), elevated volume 1.68x avg (threshold >= 1.5x), spread 1.90x ATR",1442.2,-34.0,27,True,[DISQUALIFIED] Score: 22.5/100.0 | DISQUALIFIED: Most recent event is UTAD (Upthrust After Distribution / potential distribution phase).,https://www.tradingview.com/chart/?symbol=NSE%3AAVALON&interval=D,https://www.tradingview.com/chart/?symbol=NSE%3AAVALON&interval=W,https://www.tradingview.com/chart/?symbol=NSE%3AAVALON&interval=75,pending,data/research_datasets/20260824,2026-08-24 10:05:13 UTC
ASPINWALL,ASPINWALL.NS,Aspinwall and Company Limited,2026-08-21,899,DISQUALIFIED,True,False,22.5,True,Most recent event is UTAD (Upthrust After Distribution / potential distribution phase).,False,True,True,True,True,False,247.49,56.0,243.79,234.94,,,0.97,0.085,,1.71,0.63,0.32,True,False,False,False,UTAD,2026-07-15,False,False,False,True,114,"Bar vol_ratio=4.92x, spread_ratio=1.45x, close_pos=0.67. Candidate UTAD: intrabar high=265.39 exceeded range resistance=263.14 (+0.85%), closed back below at 260.85 (close pos=0.67), elevated volume 4.92x avg (threshold >= 1.5x), spread 1.45x ATR",676.07,173.2,76,True,[DISQUALIFIED] Score: 22.5/100.0 | DISQUALIFIED: Most recent event is UTAD (Upthrust After Distribution / potential distribution phase).,https://www.tradingview.com/chart/?symbol=NSE%3AASPINWALL&interval=D,https://www.tradingview.com/chart/?symbol=NSE%3AASPINWALL&interval=W,https://www.tradingview.com/chart/?symbol=NSE%3AASPINWALL&interval=75,pending,data/research_datasets/20260824,2026-08-24 10:05:13 UTC
ASHIANA,ASHIANA.NS,Ashiana Housing Limited,2026-08-21,901,DISQUALIFIED,True,True,22.5,True,Most recent event is UTAD (Upthrust After Distribution / potential distribution phase).,True,False,False,True,False,True,361.8,37.7,380.06,364.59,,,0.82,0.105,,0.78,0.93,0.27,False,False,False,False,UTAD,2026-07-21,False,False,False,True,134,"Bar vol_ratio=17.72x, spread_ratio=4.15x, close_pos=0.31. Candidate UTAD: intrabar high=435.90 exceeded range resistance=406.00 (+7.36%), closed back below at 395.30 (close pos=0.31), elevated volume 17.72x avg (threshold >= 1.5x), spread 4.15x ATR",462.97,28.0,57,True,[DISQUALIFIED] Score: 22.5/100.0 | DISQUALIFIED: Most recent event is UTAD (Upthrust After Distribution / potential distribution phase).,https://www.tradingview.com/chart/?symbol=NSE%3AASHIANA&interval=D,https://www.tradingview.com/chart/?symbol=NSE%3AASHIANA&interval=W,https://www.tradingview.com/chart/?symbol=NSE%3AASHIANA&interval=75,pending,data/research_datasets/20260824,2026-08-24 10:05:13 UTC
ARVSMART,ARVSMART.NS,Arvind SmartSpaces Limited,2026-08-21,900,DISQUALIFIED,True,True,22.5,True,Most recent event is UTAD (Upthrust After Distribution / potential distribution phase).,True,True,True,False,False,True,667.0,63.5,615.19,605.57,,,1.46,0.199,,0.16,0.74,0.81,False,False,False,False,UTAD,2026-08-07,False,False,False,True,116,"Bar vol_ratio=18.55x, spread_ratio=5.08x, close_pos=0.56. Candidate UTAD: intrabar high=693.80 exceeded range resistance=656.70 (+5.65%), closed back below at 650.75 (close pos=0.56), elevated volume 18.55x avg (threshold >= 1.5x), spread 5.08x ATR",1396.9,109.4,52,True,[DISQUALIFIED] Score: 22.5/100.0 | DISQUALIFIED: Most recent event is UTAD (Upthrust After Distribution / potential distribution phase).,https://www.tradingview.com/chart/?symbol=NSE%3AARVSMART&interval=D,https://www.tradingview.com/chart/?symbol=NSE%3AARVSMART&interval=W,https://www.tradingview.com/chart/?symbol=NSE%3AARVSMART&interval=75,pending,data/research_datasets/20260824,2026-08-24 10:05:13 UTC
APOLLO,APOLLO.NS,Apollo Micro Systems Limited,2026-08-21,901,DISQUALIFIED,True,True,22.5,True,Most recent event is UTAD (Upthrust After Distribution / potential distribution phase).,True,False,False,True,True,True,384.55,44.6,402.06,362.64,,,0.72,0.076,,1.21,1.25,0.3,False,False,False,False,UTAD,2026-05-27,False,False,False,True,103,"Bar vol_ratio=1.54x, spread_ratio=1.18x, close_pos=0.38. Candidate UTAD: intrabar high=433.80 exceeded range resistance=428.70 (+1.19%), closed back below at 417.85 (close pos=0.38), elevated volume 1.54x avg (threshold >= 1.5x), spread 1.18x ATR",291.6,-24.2,17,True,[DISQUALIFIED] Score: 22.5/100.0 | DISQUALIFIED: Most recent event is UTAD (Upthrust After Distribution / potential distribution phase).,https://www.tradingview.com/chart/?symbol=NSE%3AAPOLLO&interval=D,https://www.tradingview.com/chart/?symbol=NSE%3AAPOLLO&interval=W,https://www.tradingview.com/chart/?symbol=NSE%3AAPOLLO&interval=75,pending,data/research_datasets/20260824,2026-08-24 10:05:13 UTC
ANANTRAJ,ANANTRAJ.NS,Anant Raj Limited,2026-08-21,901,DISQUALIFIED,True,True,22.5,True,Most recent event is UTAD (Upthrust After Distribution / potential distribution phase).,False,True,True,True,True,True,625.0,58.5,580.2,544.41,,,0.96,0.058,,0.55,1.07,0.1,False,False,False,False,UTAD,2026-08-20,False,False,False,True,70,"Bar vol_ratio=1.70x, spread_ratio=1.00x, close_pos=0.18. Candidate UTAD: intrabar high=649.00 exceeded range resistance=641.70 (+1.14%), closed back below at 633.85 (close pos=0.18), elevated volume 1.70x avg (threshold >= 1.5x), spread 1.00x ATR",725.51,16.1,56,True,[DISQUALIFIED] Score: 22.5/100.0 | DISQUALIFIED: Most recent event is UTAD (Upthrust After Distribution / potential distribution phase).,https://www.tradingview.com/chart/?symbol=NSE%3AANANTRAJ&interval=D,https://www.tradingview.com/chart/?symbol=NSE%3AANANTRAJ&interval=W,https://www.tradingview.com/chart/?symbol=NSE%3AANANTRAJ&interval=75,pending,data/research_datasets/20260824,2026-08-24 10:05:13 UTC
ALIVUS,ALIVUS.NS,Alivus Life Sciences Limited,2026-08-21,900,DISQUALIFIED,True,True,22.5,True,Most recent event is UTAD (Upthrust After Distribution / potential distribution phase).,True,True,True,False,False,True,1350.9,62.9,1191.93,1123.31,,,1.28,0.333,,0.4,1.01,0.37,False,False,False,False,UTAD,2026-08-10,False,False,False,True,95,"Bar vol_ratio=1.88x, spread_ratio=1.08x, close_pos=0.75. Candidate UTAD: intrabar high=1387.40 exceeded range resistance=1377.90 (+0.69%), closed back below at 1374.50 (close pos=0.75), elevated volume 1.88x avg (threshold >= 1.5x), spread 1.08x ATR",1637.4,21.2,46,True,[DISQUALIFIED] Score: 22.5/100.0 | DISQUALIFIED: Most recent event is UTAD (Upthrust After Distribution / potential distribution phase).,https://www.tradingview.com/chart/?symbol=NSE%3AALIVUS&interval=D,https://www.tradingview.com/chart/?symbol=NSE%3AALIVUS&interval=W,https://www.tradingview.com/chart/?symbol=NSE%3AALIVUS&interval=75,pending,data/research_datasets/20260824,2026-08-24 10:05:13 UTC
ALGOQUANT,ALGOQUANT.NS,Algoquant Fintech Limited,2026-08-21,157,DISQUALIFIED,True,True,22.5,True,Most recent event is UTAD (Upthrust After Distribution / potential distribution phase).,False,True,False,True,True,True,65.0,47.9,62.75,59.44,,,0.98,0.074,,0.91,0.71,0.25,False,False,False,False,UTAD,2026-07-17,False,False,False,True,11,"Bar vol_ratio=1.74x, spread_ratio=1.19x, close_pos=0.19. Candidate UTAD: intrabar high=66.80 exceeded range resistance=65.99 (+1.23%), closed back below at 64.55 (close pos=0.19), elevated volume 1.74x avg (threshold >= 1.5x), spread 1.19x ATR",67.76,4.2,6,True,[DISQUALIFIED] Score: 22.5/100.0 | DISQUALIFIED: Most recent event is UTAD (Upthrust After Distribution / potential distribution phase).,https://www.tradingview.com/chart/?symbol=NSE%3AALGOQUANT&interval=D,https://www.tradingview.com/chart/?symbol=NSE%3AALGOQUANT&interval=W,https://www.tradingview.com/chart/?symbol=NSE%3AALGOQUANT&interval=75,pending,data/research_datasets/20260824,2026-08-24 10:05:13 UTC
ADANIENSOL,ADANIENSOL.NS,Adani Energy Solutions Limited,2026-08-21,901,DISQUALIFIED,True,True,22.5,True,Most recent event is UTAD (Upthrust After Distribution / potential distribution phase).,True,False,False,True,False,True,1541.9,36.8,1605.36,1479.23,,,0.87,0.103,,1.07,0.71,0.45,False,False,False,False,UTAD,2026-07-08,False,False,False,True,105,"Bar vol_ratio=1.78x, spread_ratio=1.56x, close_pos=0.29. Candidate UTAD: intrabar high=1712.00 exceeded range resistance=1663.90 (+2.89%), closed back below at 1655.50 (close pos=0.29), elevated volume 1.78x avg (threshold >= 1.5x), spread 1.56x ATR",1805.3,17.1,9,True,[DISQUALIFIED] Score: 22.5/100.0 | DISQUALIFIED: Most recent event is UTAD (Upthrust After Distribution / potential distribution phase).,https://www.tradingview.com/chart/?symbol=NSE%3AADANIENSOL&interval=D,https://www.tradingview.com/chart/?symbol=NSE%3AADANIENSOL&interval=W,https://www.tradingview.com/chart/?symbol=NSE%3AADANIENSOL&interval=75,pending,data/research_datasets/20260824,2026-08-24 10:05:13 UTC
PFS,PFS.NS,PTC India Financial Services Limited,2026-08-21,901,DISQUALIFIED,True,False,22.0,True,Failed all mechanical trend & momentum filters.,False,False,False,False,True,True,27.76,33.5,29.72,30.08,,,1.08,0.072,,0.48,0.5,0.16,False,False,True,False,Spring,2026-07-24,False,False,True,False,144,"Bar vol_ratio=0.88x, spread_ratio=0.92x, close_pos=0.59. Candidate Spring: low=28.92 undercut prior support=29.22 by 1.03%, closed back above support at 29.28 (close pos=0.59, volume 0.88x avg, spread 0.92x ATR)",64.78,133.4,41,True,[DISQUALIFIED] Score: 22.0/100.0 | DISQUALIFIED: Failed all mechanical trend & momentum filters.,https://www.tradingview.com/chart/?symbol=NSE%3APFS&interval=D,https://www.tradingview.com/chart/?symbol=NSE%3APFS&interval=W,https://www.tradingview.com/chart/?symbol=NSE%3APFS&interval=75,pending,data/research_datasets/20260824,2026-08-24 10:05:13 UTC
VIKRAMSOLR,VIKRAMSOLR.NS,Vikram Solar Limited,2026-08-21,248,DISQUALIFIED,True,False,21.0,True,Failed all mechanical trend & momentum filters.,False,False,False,False,False,True,173.23,47.8,184.24,197.37,,,1.11,0.192,,0.5,0.87,0.26,False,False,False,False,ST,2026-08-21,False,False,False,False,46,"Bar vol_ratio=0.50x, spread_ratio=0.87x, close_pos=0.26. Candidate ST: retest of SC low area (SC low=175.50, bar low=171.50, diff=2.3%), volume 0.50x avg strictly lower than SC volume 3.42x, spread 0.87x ATR, close pos=0.26",175.15,1.1,1,False,[DISQUALIFIED] Score: 21.0/100.0 | DISQUALIFIED: Failed all mechanical trend & momentum filters.,https://www.tradingview.com/chart/?symbol=NSE%3AVIKRAMSOLR&interval=D,https://www.tradingview.com/chart/?symbol=NSE%3AVIKRAMSOLR&interval=W,https://www.tradingview.com/chart/?symbol=NSE%3AVIKRAMSOLR&interval=75,pending,data/research_datasets/20260824,2026-08-24 10:05:13 UTC
SILVERTUC,SILVERTUC.NS,Silver Touch Technologies Limited,2026-08-21,901,DISQUALIFIED,True,False,21.0,True,Most recent event is UTAD (Upthrust After Distribution / potential distribution phase).,False,False,False,True,True,True,185.94,39.5,193.79,172.85,,,0.88,0.128,,0.76,1.28,0.14,False,False,False,False,UTAD,2026-07-30,False,False,False,True,118,"Bar vol_ratio=2.07x, spread_ratio=1.29x, close_pos=0.25. Candidate UTAD: intrabar high=216.70 exceeded range resistance=212.60 (+1.93%), closed back below at 206.70 (close pos=0.25), elevated volume 2.07x avg (threshold >= 1.5x), spread 1.29x ATR",208.44,12.1,18,False,[DISQUALIFIED] Score: 21.0/100.0 | DISQUALIFIED: Most recent event is UTAD (Upthrust After Distribution / potential distribution phase).,https://www.tradingview.com/chart/?symbol=NSE%3ASILVERTUC&interval=D,https://www.tradingview.com/chart/?symbol=NSE%3ASILVERTUC&interval=W,https://www.tradingview.com/chart/?symbol=NSE%3ASILVERTUC&interval=75,pending,data/research_datasets/20260824,2026-08-24 10:05:13 UTC
NESTLEIND,NESTLEIND.NS,Nestle India Limited,2026-08-21,901,DISQUALIFIED,True,True,21.0,True,Most recent event is UTAD (Upthrust After Distribution / potential distribution phase).,True,True,False,False,True,True,1477.1,49.2,1454.09,1417.72,,,1.06,0.073,,1.15,1.08,0.77,False,False,False,False,UTAD,2026-08-04,False,False,False,True,126,"Bar vol_ratio=1.60x, spread_ratio=2.41x, close_pos=0.82. Candidate UTAD: intrabar high=1535.90 exceeded range resistance=1532.60 (+0.22%), closed back below at 1520.00 (close pos=0.82), elevated volume 1.60x avg (threshold >= 1.5x), spread 2.41x ATR",1766.65,19.6,10,False,[DISQUALIFIED] Score: 21.0/100.0 | DISQUALIFIED: Most recent event is UTAD (Upthrust After Distribution / potential distribution phase).,https://www.tradingview.com/chart/?symbol=NSE%3ANESTLEIND&interval=D,https://www.tradingview.com/chart/?symbol=NSE%3ANESTLEIND&interval=W,https://www.tradingview.com/chart/?symbol=NSE%3ANESTLEIND&interval=75,pending,data/research_datasets/20260824,2026-08-24 10:05:13 UTC
IGCL,IGCL.NS,Indogulf Cropsciences Limited,2026-08-21,284,DISQUALIFIED,True,True,21.0,True,Most recent event is UTAD (Upthrust After Distribution / potential distribution phase).,False,True,False,True,True,True,72.81,52.8,69.9,65.93,,,0.76,0.112,,0.78,0.48,0.54,False,True,False,False,UTAD,2026-07-30,False,False,False,True,40,"Bar vol_ratio=2.14x, spread_ratio=1.34x, close_pos=0.36. Candidate UTAD: intrabar high=80.80 exceeded range resistance=79.00 (+2.28%), closed back below at 77.15 (close pos=0.36), elevated volume 2.14x avg (threshold >= 1.5x), spread 1.34x ATR",85.05,16.8,9,False,[DISQUALIFIED] Score: 21.0/100.0 | DISQUALIFIED: Most recent event is UTAD (Upthrust After Distribution / potential distribution phase).,https://www.tradingview.com/chart/?symbol=NSE%3AIGCL&interval=D,https://www.tradingview.com/chart/?symbol=NSE%3AIGCL&interval=W,https://www.tradingview.com/chart/?symbol=NSE%3AIGCL&interval=75,pending,data/research_datasets/20260824,2026-08-24 10:05:13 UTC
GOKULAGRO,GOKULAGRO.NS,Gokul Agro Resources Limited,2026-08-21,901,DISQUALIFIED,True,True,21.0,True,Most recent event is UTAD (Upthrust After Distribution / potential distribution phase).,True,False,True,False,False,True,242.8,67.8,220.62,222.8,,,1.09,0.151,,0.92,0.74,0.4,False,False,False,False,UTAD,2026-08-20,False,False,False,True,119,"Bar vol_ratio=5.30x, spread_ratio=1.79x, close_pos=0.13. Candidate UTAD: intrabar high=257.99 exceeded range resistance=245.49 (+5.09%), closed back below at 243.69 (close pos=0.13), elevated volume 5.30x avg (threshold >= 1.5x), spread 1.79x ATR",279.67,15.2,18,False,[DISQUALIFIED] Score: 21.0/100.0 | DISQUALIFIED: Most recent event is UTAD (Upthrust After Distribution / potential distribution phase).,https://www.tradingview.com/chart/?symbol=NSE%3AGOKULAGRO&interval=D,https://www.tradingview.com/chart/?symbol=NSE%3AGOKULAGRO&interval=W,https://www.tradingview.com/chart/?symbol=NSE%3AGOKULAGRO&interval=75,pending,data/research_datasets/20260824,2026-08-24 10:05:13 UTC
GKSL,GKSL.NS,Gujarat Kidney And Super Speciality Limited,2026-08-21,163,DISQUALIFIED,True,False,21.0,True,Most recent event is UTAD (Upthrust After Distribution / potential distribution phase).,False,True,False,False,False,True,152.97,74.9,132.46,129.18,,,1.32,0.305,,0.57,1.2,0.29,False,False,False,False,UTAD,2026-08-20,False,False,False,True,19,"Bar vol_ratio=1.65x, spread_ratio=1.33x, close_pos=0.16. Candidate UTAD: intrabar high=162.22 exceeded range resistance=161.22 (+0.62%), closed back below at 156.41 (close pos=0.16), elevated volume 1.65x avg (threshold >= 1.5x), spread 1.33x ATR",176.38,15.3,14,False,[DISQUALIFIED] Score: 21.0/100.0 | DISQUALIFIED: Most recent event is UTAD (Upthrust After Distribution / potential distribution phase).,https://www.tradingview.com/chart/?symbol=NSE%3AGKSL&interval=D,https://www.tradingview.com/chart/?symbol=NSE%3AGKSL&interval=W,https://www.tradingview.com/chart/?symbol=NSE%3AGKSL&interval=75,pending,data/research_datasets/20260824,2026-08-24 10:05:13 UTC
EIMCOELECO,EIMCOELECO.NS,Eimco Elecon (India) Limited,2026-08-21,899,DISQUALIFIED,True,False,21.0,True,Most recent event is UTAD (Upthrust After Distribution / potential distribution phase).,True,True,False,False,False,True,2182.9,72.9,1830.3,1713.28,,,1.05,0.331,,1.55,1.0,0.42,True,False,False,False,UTAD,2026-08-20,False,False,False,True,141,"Bar vol_ratio=1.54x, spread_ratio=1.67x, close_pos=0.42. Candidate UTAD: intrabar high=2257.50 exceeded range resistance=2214.50 (+1.94%), closed back below at 2180.00 (close pos=0.42), elevated volume 1.54x avg (threshold >= 1.5x), spread 1.67x ATR",2472.4,13.3,40,False,[DISQUALIFIED] Score: 21.0/100.0 | DISQUALIFIED: Most recent event is UTAD (Upthrust After Distribution / potential distribution phase).,https://www.tradingview.com/chart/?symbol=NSE%3AEIMCOELECO&interval=D,https://www.tradingview.com/chart/?symbol=NSE%3AEIMCOELECO&interval=W,https://www.tradingview.com/chart/?symbol=NSE%3AEIMCOELECO&interval=75,pending,data/research_datasets/20260824,2026-08-24 10:05:13 UTC
ATALREAL,ATALREAL.NS,Atal Realtech Limited,2026-08-21,899,DISQUALIFIED,True,True,21.0,True,Most recent event is UTAD (Upthrust After Distribution / potential distribution phase).,True,True,False,False,True,True,33.48,52.0,31.48,29.41,,,1.02,0.158,,1.22,0.96,0.4,False,False,False,False,UTAD,2026-08-10,False,False,False,True,140,"Bar vol_ratio=1.54x, spread_ratio=1.25x, close_pos=0.05. Candidate UTAD: intrabar high=35.88 exceeded range resistance=35.50 (+1.07%), closed back below at 34.57 (close pos=0.05), elevated volume 1.54x avg (threshold >= 1.5x), spread 1.25x ATR",38.73,15.7,10,False,[DISQUALIFIED] Score: 21.0/100.0 | DISQUALIFIED: Most recent event is UTAD (Upthrust After Distribution / potential distribution phase).,https://www.tradingview.com/chart/?symbol=NSE%3AATALREAL&interval=D,https://www.tradingview.com/chart/?symbol=NSE%3AATALREAL&interval=W,https://www.tradingview.com/chart/?symbol=NSE%3AATALREAL&interval=75,pending,data/research_datasets/20260824,2026-08-24 10:05:13 UTC
ZODIAC,ZODIAC.NS,Zodiac Energy Limited,2026-08-24,879,DISQUALIFIED,True,False,18.0,True,Failed all mechanical trend & momentum filters.,False,False,False,False,True,False,249.15,45.1,262.34,278.64,,,1.39,0.12,,0.81,0.76,0.14,False,False,False,False,ST,2026-08-21,False,False,False,False,155,"Bar vol_ratio=0.73x, spread_ratio=0.72x, close_pos=0.40. Candidate ST: retest of SC low area (SC low=238.50, bar low=243.55, diff=2.1%), volume 0.73x avg strictly lower than SC volume 3.50x, spread 0.72x ATR, close pos=0.40",392.85,57.7,30,True,[DISQUALIFIED] Score: 18.0/100.0 | DISQUALIFIED: Failed all mechanical trend & momentum filters.,https://www.tradingview.com/chart/?symbol=NSE%3AZODIAC&interval=D,https://www.tradingview.com/chart/?symbol=NSE%3AZODIAC&interval=W,https://www.tradingview.com/chart/?symbol=NSE%3AZODIAC&interval=75,pending,data/research_datasets/20260824,2026-08-24 10:05:13 UTC
ZAGGLE,ZAGGLE.NS,Zaggle Prepaid Ocean Services Limited,2026-08-21,722,DISQUALIFIED,True,False,18.0,True,Failed all mechanical trend & momentum filters.,False,False,False,False,False,True,200.12,50.9,204.61,219.21,,,1.44,0.257,,1.63,1.0,0.6,False,False,False,False,AR,2026-08-20,False,False,False,False,80,"Bar vol_ratio=4.93x, spread_ratio=1.70x, close_pos=0.87. Candidate AR: up bar 1 bar(s) after SC (SC date=2026-08-19 00:00:00, SC price=186.04), Open=186.88, Close=197.56, close pos=0.87, volume 4.93x avg (threshold >= 1.0x), spread 1.70x ATR",484.3,142.0,14,True,[DISQUALIFIED] Score: 18.0/100.0 | DISQUALIFIED: Failed all mechanical trend & momentum filters.,https://www.tradingview.com/chart/?symbol=NSE%3AZAGGLE&interval=D,https://www.tradingview.com/chart/?symbol=NSE%3AZAGGLE&interval=W,https://www.tradingview.com/chart/?symbol=NSE%3AZAGGLE&interval=75,pending,data/research_datasets/20260824,2026-08-24 10:05:13 UTC
WILLAMAGOR,WILLAMAGOR.NS,Williamson Magor & Company Limited,2026-08-21,899,DISQUALIFIED,True,False,18.0,True,Failed all mechanical trend & momentum filters.,False,False,False,False,False,False,25.04,45.8,26.04,26.53,,,1.1,0.09,,0.77,1.12,0.53,False,False,False,False,ST,2026-08-21,False,False,False,False,110,"Bar vol_ratio=0.77x, spread_ratio=1.12x, close_pos=0.53. Candidate ST: retest of SC low area (SC low=24.00, bar low=24.10, diff=0.4%), volume 0.77x avg strictly lower than SC volume 2.95x, spread 1.12x ATR, close pos=0.53",80.16,220.1,71,True,[DISQUALIFIED] Score: 18.0/100.0 | DISQUALIFIED: Failed all mechanical trend & momentum filters.,https://www.tradingview.com/chart/?symbol=NSE%3AWILLAMAGOR&interval=D,https://www.tradingview.com/chart/?symbol=NSE%3AWILLAMAGOR&interval=W,https://www.tradingview.com/chart/?symbol=NSE%3AWILLAMAGOR&interval=75,pending,data/research_datasets/20260824,2026-08-24 10:05:13 UTC
VSTTILLERS,VSTTILLERS.NS,V.S.T Tillers Tractors Limited,2026-08-21,900,DISQUALIFIED,True,False,18.0,True,Failed all mechanical trend & momentum filters.,False,False,False,False,True,True,4410.2,42.7,4508.82,4717.94,,,1.13,0.046,,0.3,0.43,0.19,False,False,True,False,ST,2026-08-18,False,False,False,False,119,"Bar vol_ratio=0.55x, spread_ratio=0.99x, close_pos=0.25. Candidate ST: retest of SC low area (SC low=4463.80, bar low=4444.00, diff=0.4%), volume 0.55x avg strictly lower than SC volume 2.65x, spread 0.99x ATR, close pos=0.25",6244.5,41.6,25,True,[DISQUALIFIED] Score: 18.0/100.0 | DISQUALIFIED: Failed all mechanical trend & momentum filters.,https://www.tradingview.com/chart/?symbol=NSE%3AVSTTILLERS&interval=D,https://www.tradingview.com/chart/?symbol=NSE%3AVSTTILLERS&interval=W,https://www.tradingview.com/chart/?symbol=NSE%3AVSTTILLERS&interval=75,pending,data/research_datasets/20260824,2026-08-24 10:05:13 UTC
VPRPL,VPRPL.NS,Vishnu Prakash R Punglia Limited,2026-08-21,734,DISQUALIFIED,True,False,18.0,True,Failed all mechanical trend & momentum filters.,False,False,False,False,False,True,32.71,53.0,29.5,34.33,,,2.2,0.517,,0.35,0.67,0.29,False,False,False,False,SC,2026-08-12,False,False,False,False,108,"Bar vol_ratio=3.53x, spread_ratio=2.68x, close_pos=0.35. Candidate SC: volume 3.53x 20-period avg (threshold >= 2.0x), spread 2.68x 20-period ATR (threshold >= 1.5x), down-close (Open=40.31, Close=37.25, close pos=0.35), Prior peak=42.75, bar low=35.55, decline=16.8% over prior 10 bars (threshold >= 3.0%)",72.76,122.4,10,True,[DISQUALIFIED] Score: 18.0/100.0 | DISQUALIFIED: Failed all mechanical trend & momentum filters.,https://www.tradingview.com/chart/?symbol=NSE%3AVPRPL&interval=D,https://www.tradingview.com/chart/?symbol=NSE%3AVPRPL&interval=W,https://www.tradingview.com/chart/?symbol=NSE%3AVPRPL&interval=75,pending,data/research_datasets/20260824,2026-08-24 10:05:13 UTC
TEMBO,TEMBO.NS,Tembo Global Industries Limited,2026-08-21,901,DISQUALIFIED,True,False,18.0,True,Failed all mechanical trend & momentum filters.,False,False,False,False,False,True,58.3,48.6,57.17,57.82,,,1.49,0.194,,0.57,0.64,0.34,False,False,False,False,ST,2026-08-10,False,False,False,False,114,"Bar vol_ratio=0.95x, spread_ratio=1.12x, close_pos=0.35. Candidate ST: retest of SC low area (SC low=59.70, bar low=60.95, diff=2.1%), volume 0.95x avg strictly lower than SC volume 2.70x, spread 1.12x ATR, close pos=0.35",50.7,-13.0,35,True,[DISQUALIFIED] Score: 18.0/100.0 | DISQUALIFIED: Failed all mechanical trend & momentum filters.,https://www.tradingview.com/chart/?symbol=NSE%3ATEMBO&interval=D,https://www.tradingview.com/chart/?symbol=NSE%3ATEMBO&interval=W,https://www.tradingview.com/chart/?symbol=NSE%3ATEMBO&interval=75,pending,data/research_datasets/20260824,2026-08-24 10:05:13 UTC
TARAPUR,TARAPUR.NS,Tarapur Transformers Limited,2026-08-21,899,DISQUALIFIED,True,False,18.0,True,Failed all mechanical trend & momentum filters.,False,False,False,False,False,False,15.5,47.9,17.17,19.88,,,1.24,0.303,,0.81,1.44,0.72,False,False,False,False,AR,2026-08-10,False,False,False,False,118,"Bar vol_ratio=2.22x, spread_ratio=1.80x, close_pos=0.84. Candidate AR: up bar 1 bar(s) after SC (SC date=2026-08-07 00:00:00, SC price=13.21), Open=13.79, Close=14.24, close pos=0.84, volume 2.22x avg (threshold >= 1.0x), spread 1.80x ATR",48.12,210.5,18,True,[DISQUALIFIED] Score: 18.0/100.0 | DISQUALIFIED: Failed all mechanical trend & momentum filters.,https://www.tradingview.com/chart/?symbol=NSE%3ATARAPUR&interval=D,https://www.tradingview.com/chart/?symbol=NSE%3ATARAPUR&interval=W,https://www.tradingview.com/chart/?symbol=NSE%3ATARAPUR&interval=75,pending,data/research_datasets/20260824,2026-08-24 10:05:13 UTC
SYRMA,SYRMA.NS,Syrma SGS Technology Limited,2026-08-21,901,DISQUALIFIED,True,False,18.0,True,Most recent event is UTAD (Upthrust After Distribution / potential distribution phase).,True,True,False,False,False,True,1439.3,52.7,1396.32,1212.17,,,1.0,0.172,,0.35,0.49,0.65,False,False,True,False,UTAD,2026-08-10,False,False,False,True,113,"Bar vol_ratio=2.51x, spread_ratio=1.66x, close_pos=0.94. Candidate UTAD: intrabar high=1520.44 exceeded range resistance=1516.15 (+0.28%), closed back below at 1514.85 (close pos=0.94), elevated volume 2.51x avg (threshold >= 1.5x), spread 1.66x ATR",1513.24,5.1,15,False,[DISQUALIFIED] Score: 18.0/100.0 | DISQUALIFIED: Most recent event is UTAD (Upthrust After Distribution / potential distribution phase).,https://www.tradingview.com/chart/?symbol=NSE%3ASYRMA&interval=D,https://www.tradingview.com/chart/?symbol=NSE%3ASYRMA&interval=W,https://www.tradingview.com/chart/?symbol=NSE%3ASYRMA&interval=75,pending,data/research_datasets/20260824,2026-08-24 10:05:13 UTC
SHANTI,SHANTI.NS,Shanti Overseas (India) Limited,2026-08-21,899,DISQUALIFIED,True,False,18.0,True,Failed all mechanical trend & momentum filters.,False,False,False,False,False,False,6.3,42.1,6.66,6.75,,,1.06,0.176,,0.38,0.6,0.07,False,False,False,False,SC,2026-08-11,False,False,False,False,161,"Bar vol_ratio=10.92x, spread_ratio=2.52x, close_pos=0.22. Candidate SC: volume 10.92x 20-period avg (threshold >= 2.0x), spread 2.52x 20-period ATR (threshold >= 1.5x), down-close (Open=6.61, Close=6.09, close pos=0.22), Prior peak=7.50, bar low=5.83, decline=22.3% over prior 10 bars (threshold >= 3.0%)",21.26,237.5,19,True,[DISQUALIFIED] Score: 18.0/100.0 | DISQUALIFIED: Failed all mechanical trend & momentum filters.,https://www.tradingview.com/chart/?symbol=NSE%3ASHANTI&interval=D,https://www.tradingview.com/chart/?symbol=NSE%3ASHANTI&interval=W,https://www.tradingview.com/chart/?symbol=NSE%3ASHANTI&interval=75,pending,data/research_datasets/20260824,2026-08-24 10:05:13 UTC
NAGREEKEXP,NAGREEKEXP.NS,Nagreeka Exports Limited,2026-08-21,899,DISQUALIFIED,True,False,18.0,True,Failed all mechanical trend & momentum filters.,False,False,False,False,True,False,22.41,42.5,24.21,25.25,,,1.11,0.136,,1.12,0.63,0.15,False,False,False,False,SC,2026-07-28,False,False,False,False,159,"Bar vol_ratio=3.68x, spread_ratio=2.53x, close_pos=0.33. Candidate SC: volume 3.68x 20-period avg (threshold >= 2.0x), spread 2.53x 20-period ATR (threshold >= 1.5x), down-close (Open=22.55, Close=21.28, close pos=0.33), Prior peak=24.89, bar low=20.10, decline=19.2% over prior 10 bars (threshold >= 3.0%)",37.45,67.1,23,True,[DISQUALIFIED] Score: 18.0/100.0 | DISQUALIFIED: Failed all mechanical trend & momentum filters.,https://www.tradingview.com/chart/?symbol=NSE%3ANAGREEKEXP&interval=D,https://www.tradingview.com/chart/?symbol=NSE%3ANAGREEKEXP&interval=W,https://www.tradingview.com/chart/?symbol=NSE%3ANAGREEKEXP&interval=75,pending,data/research_datasets/20260824,2026-08-24 10:05:13 UTC
MEDICO,MEDICO.NS,Medico Remedies Limited,2026-08-21,900,DISQUALIFIED,True,False,18.0,True,Failed all mechanical trend & momentum filters.,False,False,False,False,True,True,42.65,44.5,42.37,42.61,,,1.27,0.227,,0.39,0.67,0.55,False,False,False,False,ST,2026-08-07,False,False,False,False,142,"Bar vol_ratio=1.12x, spread_ratio=0.93x, close_pos=0.41. Candidate ST: retest of SC low area (SC low=44.70, bar low=46.00, diff=2.9%), volume 1.12x avg strictly lower than SC volume 6.09x, spread 0.93x ATR, close pos=0.41",190.96,347.7,48,True,[DISQUALIFIED] Score: 18.0/100.0 | DISQUALIFIED: Failed all mechanical trend & momentum filters.,https://www.tradingview.com/chart/?symbol=NSE%3AMEDICO&interval=D,https://www.tradingview.com/chart/?symbol=NSE%3AMEDICO&interval=W,https://www.tradingview.com/chart/?symbol=NSE%3AMEDICO&interval=75,pending,data/research_datasets/20260824,2026-08-24 10:05:13 UTC
MEDICAMEQ,MEDICAMEQ.NS,Medicamen Biotech Limited,2026-08-21,900,DISQUALIFIED,True,False,18.0,True,Failed all mechanical trend & momentum filters.,False,False,False,False,False,False,244.55,54.5,239.03,249.25,,,1.04,0.112,,1.81,0.96,0.56,True,False,False,False,AR,2026-08-18,False,False,False,False,136,"Bar vol_ratio=1.48x, spread_ratio=0.92x, close_pos=0.76. Candidate AR: up bar 1 bar(s) after SC (SC date=2026-08-17 00:00:00, SC price=219.88), Open=219.87, Close=225.73, close pos=0.76, volume 1.48x avg (threshold >= 1.0x), spread 0.92x ATR",390.85,59.8,3,True,[DISQUALIFIED] Score: 18.0/100.0 | DISQUALIFIED: Failed all mechanical trend & momentum filters.,https://www.tradingview.com/chart/?symbol=NSE%3AMEDICAMEQ&interval=D,https://www.tradingview.com/chart/?symbol=NSE%3AMEDICAMEQ&interval=W,https://www.tradingview.com/chart/?symbol=NSE%3AMEDICAMEQ&interval=75,pending,data/research_datasets/20260824,2026-08-24 10:05:13 UTC
KPIGREEN,KPIGREEN.NS,KPI Green Energy Limited,2026-08-21,901,DISQUALIFIED,True,False,18.0,True,Failed all mechanical trend & momentum filters.,False,False,False,False,False,True,312.6,23.5,382.61,406.36,,,1.31,0.367,,1.38,1.2,0.36,False,False,False,False,ST,2026-08-13,False,False,False,False,97,"Bar vol_ratio=1.26x, spread_ratio=1.14x, close_pos=0.14. Candidate ST: retest of SC low area (SC low=332.90, bar low=326.30, diff=2.0%), volume 1.26x avg strictly lower than SC volume 11.00x, spread 1.14x ATR, close pos=0.14",529.2,69.3,47,True,[DISQUALIFIED] Score: 18.0/100.0 | DISQUALIFIED: Failed all mechanical trend & momentum filters.,https://www.tradingview.com/chart/?symbol=NSE%3AKPIGREEN&interval=D,https://www.tradingview.com/chart/?symbol=NSE%3AKPIGREEN&interval=W,https://www.tradingview.com/chart/?symbol=NSE%3AKPIGREEN&interval=75,pending,data/research_datasets/20260824,2026-08-24 10:05:13 UTC
KAMOPAINTS,KAMOPAINTS.NS,Kamdhenu Ventures Limited,2026-08-21,884,DISQUALIFIED,True,False,18.0,True,Failed all mechanical trend & momentum filters.,False,False,False,False,True,False,4.45,40.3,4.78,5.04,,,1.28,0.062,,2.47,2.48,0.1,False,False,False,False,SC,2026-08-21,False,False,False,False,111,"Bar vol_ratio=2.47x, spread_ratio=2.48x, close_pos=0.10. Candidate SC: volume 2.47x 20-period avg (threshold >= 2.0x), spread 2.48x 20-period ATR (threshold >= 1.5x), down-close (Open=4.59, Close=4.45, close pos=0.10), Prior peak=5.31, bar low=4.39, decline=17.3% over prior 10 bars (threshold >= 3.0%)",8.73,96.2,3,True,[DISQUALIFIED] Score: 18.0/100.0 | DISQUALIFIED: Failed all mechanical trend & momentum filters.,https://www.tradingview.com/chart/?symbol=NSE%3AKAMOPAINTS&interval=D,https://www.tradingview.com/chart/?symbol=NSE%3AKAMOPAINTS&interval=W,https://www.tradingview.com/chart/?symbol=NSE%3AKAMOPAINTS&interval=75,pending,data/research_datasets/20260824,2026-08-24 10:05:13 UTC
INVENTURE,INVENTURE.NS,Inventure Growth & Securities Limited,2026-08-21,900,DISQUALIFIED,True,False,18.0,True,Failed all mechanical trend & momentum filters.,False,False,False,False,False,False,0.86,32.9,0.92,0.95,,,1.17,0.071,,1.16,0.88,0.67,False,False,False,False,SC,2026-08-20,False,False,False,False,78,"Bar vol_ratio=2.97x, spread_ratio=5.37x, close_pos=0.78. Candidate SC: volume 2.97x 20-period avg (threshold >= 2.0x), spread 5.37x 20-period ATR (threshold >= 1.5x), down-close (Open=0.90, Close=0.86, close pos=0.78), Prior peak=0.93, bar low=0.72, decline=22.6% over prior 10 bars (threshold >= 3.0%)",8.45,882.6,8,True,[DISQUALIFIED] Score: 18.0/100.0 | DISQUALIFIED: Failed all mechanical trend & momentum filters.,https://www.tradingview.com/chart/?symbol=NSE%3AINVENTURE&interval=D,https://www.tradingview.com/chart/?symbol=NSE%3AINVENTURE&interval=W,https://www.tradingview.com/chart/?symbol=NSE%3AINVENTURE&interval=75,pending,data/research_datasets/20260824,2026-08-24 10:05:13 UTC
HGINFRA,HGINFRA.NS,H.G. Infra Engineering Limited,2026-08-21,901,DISQUALIFIED,True,False,18.0,True,Failed all mechanical trend & momentum filters.,False,False,False,False,False,True,511.9,35.7,551.04,568.04,,,1.25,0.105,,0.19,0.35,0.31,False,False,True,False,ST,2026-08-21,False,False,False,False,134,"Bar vol_ratio=0.19x, spread_ratio=0.35x, close_pos=0.31. Candidate ST: retest of SC low area (SC low=511.35, bar low=510.35, diff=0.2%), volume 0.19x avg strictly lower than SC volume 15.85x, spread 0.35x ATR, close pos=0.31",1416.99,176.8,36,True,[DISQUALIFIED] Score: 18.0/100.0 | DISQUALIFIED: Failed all mechanical trend & momentum filters.,https://www.tradingview.com/chart/?symbol=NSE%3AHGINFRA&interval=D,https://www.tradingview.com/chart/?symbol=NSE%3AHGINFRA&interval=W,https://www.tradingview.com/chart/?symbol=NSE%3AHGINFRA&interval=75,pending,data/research_datasets/20260824,2026-08-24 10:05:13 UTC
HEROMOTOCO,HEROMOTOCO.NS,Hero MotoCorp Limited,2026-08-21,901,DISQUALIFIED,True,True,18.0,True,Most recent event is UTAD (Upthrust After Distribution / potential distribution phase).,False,True,True,False,True,True,5735.0,65.9,5164.36,5077.05,,,1.22,0.177,,0.63,0.74,1.0,False,False,False,False,UTAD,2026-08-07,False,False,False,True,122,"Bar vol_ratio=2.46x, spread_ratio=2.08x, close_pos=0.71. Candidate UTAD: intrabar high=5800.00 exceeded range resistance=5755.00 (+0.78%), closed back below at 5725.00 (close pos=0.71), elevated volume 2.46x avg (threshold >= 1.5x), spread 2.08x ATR",5786.27,0.9,18,False,[DISQUALIFIED] Score: 18.0/100.0 | DISQUALIFIED: Most recent event is UTAD (Upthrust After Distribution / potential distribution phase).,https://www.tradingview.com/chart/?symbol=NSE%3AHEROMOTOCO&interval=D,https://www.tradingview.com/chart/?symbol=NSE%3AHEROMOTOCO&interval=W,https://www.tradingview.com/chart/?symbol=NSE%3AHEROMOTOCO&interval=75,pending,data/research_datasets/20260824,2026-08-24 10:05:13 UTC
GUJENERGY,GUJENERGY.NS,GUJARAT ENERGY LIMITED,2026-08-21,900,DISQUALIFIED,True,False,18.0,True,Failed all mechanical trend & momentum filters.,False,False,False,False,True,True,263.35,35.6,300.09,335.71,,,1.08,0.086,,0.81,0.55,0.06,False,False,True,False,ST,2026-08-14,False,False,False,False,109,"Bar vol_ratio=2.05x, spread_ratio=1.46x, close_pos=0.22. Candidate ST: retest of SC low area (SC low=272.40, bar low=279.80, diff=2.7%), volume 2.05x avg strictly lower than SC volume 5.97x, spread 1.46x ATR, close pos=0.22",567.6,115.5,13,True,[DISQUALIFIED] Score: 18.0/100.0 | DISQUALIFIED: Failed all mechanical trend & momentum filters.,https://www.tradingview.com/chart/?symbol=NSE%3AGUJENERGY&interval=D,https://www.tradingview.com/chart/?symbol=NSE%3AGUJENERGY&interval=W,https://www.tradingview.com/chart/?symbol=NSE%3AGUJENERGY&interval=75,pending,data/research_datasets/20260824,2026-08-24 10:05:13 UTC
GSFC,GSFC.NS,Gujarat State Fertilizers & Chemicals Limited,2026-08-21,901,DISQUALIFIED,True,False,18.0,True,Failed all mechanical trend & momentum filters.,False,False,False,False,True,True,158.23,43.2,161.04,164.65,,,1.03,0.029,,1.3,0.86,0.06,False,False,False,False,ST,2026-08-17,False,False,False,False,78,"Bar vol_ratio=3.19x, spread_ratio=1.28x, close_pos=0.12. Candidate ST: retest of SC low area (SC low=157.16, bar low=159.35, diff=1.4%), volume 3.19x avg strictly lower than SC volume 3.20x, spread 1.28x ATR, close pos=0.12",265.21,67.6,32,True,[DISQUALIFIED] Score: 18.0/100.0 | DISQUALIFIED: Failed all mechanical trend & momentum filters.,https://www.tradingview.com/chart/?symbol=NSE%3AGSFC&interval=D,https://www.tradingview.com/chart/?symbol=NSE%3AGSFC&interval=W,https://www.tradingview.com/chart/?symbol=NSE%3AGSFC&interval=75,pending,data/research_datasets/20260824,2026-08-24 10:05:13 UTC
GLOBECIVIL,GLOBECIVIL.NS,Globe Civil Projects Limited,2026-08-21,286,DISQUALIFIED,True,False,18.0,True,Failed all mechanical trend & momentum filters.,False,False,False,False,False,False,42.0,49.0,41.98,43.11,,,1.26,0.209,,0.31,0.98,0.4,False,False,False,False,ST,2026-08-20,False,False,False,False,35,"Bar vol_ratio=1.17x, spread_ratio=1.62x, close_pos=0.21. Candidate ST: retest of SC low area (SC low=41.56, bar low=41.50, diff=0.1%), volume 1.17x avg strictly lower than SC volume 2.48x, spread 1.62x ATR, close pos=0.21",78.43,86.7,8,True,[DISQUALIFIED] Score: 18.0/100.0 | DISQUALIFIED: Failed all mechanical trend & momentum filters.,https://www.tradingview.com/chart/?symbol=NSE%3AGLOBECIVIL&interval=D,https://www.tradingview.com/chart/?symbol=NSE%3AGLOBECIVIL&interval=W,https://www.tradingview.com/chart/?symbol=NSE%3AGLOBECIVIL&interval=75,pending,data/research_datasets/20260824,2026-08-24 10:05:13 UTC
ESTER,ESTER.NS,Ester Industries Limited,2026-08-21,901,DISQUALIFIED,True,False,18.0,True,Failed all mechanical trend & momentum filters.,False,False,False,False,False,True,95.14,52.5,91.52,91.85,,,1.42,0.24,,0.19,0.68,0.15,False,False,False,False,ST,2026-08-17,False,False,False,False,129,"Bar vol_ratio=0.20x, spread_ratio=0.96x, close_pos=0.11. Candidate ST: retest of SC low area (SC low=95.80, bar low=98.50, diff=2.8%), volume 0.20x avg strictly lower than SC volume 2.31x, spread 0.96x ATR, close pos=0.11",93.42,-1.8,4,True,[DISQUALIFIED] Score: 18.0/100.0 | DISQUALIFIED: Failed all mechanical trend & momentum filters.,https://www.tradingview.com/chart/?symbol=NSE%3AESTER&interval=D,https://www.tradingview.com/chart/?symbol=NSE%3AESTER&interval=W,https://www.tradingview.com/chart/?symbol=NSE%3AESTER&interval=75,pending,data/research_datasets/20260824,2026-08-24 10:05:13 UTC
DOLLAR,DOLLAR.NS,Dollar Industries Limited,2026-08-21,900,DISQUALIFIED,True,False,18.0,True,Failed all mechanical trend & momentum filters.,False,False,False,False,False,True,273.2,54.2,264.65,267.67,,,1.27,0.127,,0.42,0.55,0.49,False,True,False,False,ST,2026-08-12,False,False,False,False,113,"Bar vol_ratio=1.23x, spread_ratio=2.06x, close_pos=0.14. Candidate ST: retest of SC low area (SC low=273.90, bar low=274.65, diff=0.3%), volume 1.23x avg strictly lower than SC volume 2.06x, spread 2.06x ATR, close pos=0.14",428.37,56.8,8,True,[DISQUALIFIED] Score: 18.0/100.0 | DISQUALIFIED: Failed all mechanical trend & momentum filters.,https://www.tradingview.com/chart/?symbol=NSE%3ADOLLAR&interval=D,https://www.tradingview.com/chart/?symbol=NSE%3ADOLLAR&interval=W,https://www.tradingview.com/chart/?symbol=NSE%3ADOLLAR&interval=75,pending,data/research_datasets/20260824,2026-08-24 10:05:13 UTC
DHUNINV,DHUNINV.NS,Dhunseri Investments Limited,2026-08-21,899,DISQUALIFIED,True,False,18.0,True,Most recent event is UTAD (Upthrust After Distribution / potential distribution phase).,False,True,True,False,False,False,975.65,56.4,908.74,881.78,,,1.38,0.273,,0.19,0.79,0.45,False,False,False,False,UTAD,2026-08-13,False,False,False,True,108,"Bar vol_ratio=12.79x, spread_ratio=3.96x, close_pos=0.45. Candidate UTAD: intrabar high=1148.00 exceeded range resistance=1051.94 (+9.13%), closed back below at 1042.60 (close pos=0.45), elevated volume 12.79x avg (threshold >= 1.5x), spread 3.96x ATR",980.87,0.5,13,False,[DISQUALIFIED] Score: 18.0/100.0 | DISQUALIFIED: Most recent event is UTAD (Upthrust After Distribution / potential distribution phase).,https://www.tradingview.com/chart/?symbol=NSE%3ADHUNINV&interval=D,https://www.tradingview.com/chart/?symbol=NSE%3ADHUNINV&interval=W,https://www.tradingview.com/chart/?symbol=NSE%3ADHUNINV&interval=75,pending,data/research_datasets/20260824,2026-08-24 10:05:13 UTC
DECCANCE,DECCANCE.NS,Deccan Cements Limited,2026-08-21,899,DISQUALIFIED,True,False,18.0,True,Failed all mechanical trend & momentum filters.,False,False,False,False,False,True,554.15,46.3,567.57,597.64,,,1.17,0.088,,1.08,1.48,0.12,False,False,False,False,ST,2026-08-19,False,False,False,False,147,"Bar vol_ratio=1.72x, spread_ratio=1.11x, close_pos=0.75. Candidate ST: retest of SC low area (SC low=525.00, bar low=535.00, diff=1.9%), volume 1.72x avg strictly lower than SC volume 3.85x, spread 1.11x ATR, close pos=0.75",1202.9,117.1,34,True,[DISQUALIFIED] Score: 18.0/100.0 | DISQUALIFIED: Failed all mechanical trend & momentum filters.,https://www.tradingview.com/chart/?symbol=NSE%3ADECCANCE&interval=D,https://www.tradingview.com/chart/?symbol=NSE%3ADECCANCE&interval=W,https://www.tradingview.com/chart/?symbol=NSE%3ADECCANCE&interval=75,pending,data/research_datasets/20260824,2026-08-24 10:05:13 UTC
DAVANGERE,DAVANGERE.NS,Davangere Sugar Company Limited,2026-08-21,639,DISQUALIFIED,True,False,18.0,True,Failed all mechanical trend & momentum filters.,False,False,False,False,True,True,2.99,35.6,3.37,3.57,,,1.13,0.111,,2.44,0.55,0.14,True,False,False,True,ST,2026-08-21,False,False,False,False,106,"Bar vol_ratio=2.44x, spread_ratio=0.55x, close_pos=0.14. Candidate ST: retest of SC low area (SC low=2.95, bar low=2.98, diff=1.0%), volume 2.44x avg strictly lower than SC volume 7.04x, spread 0.55x ATR, close pos=0.14",11.63,289.0,10,True,[DISQUALIFIED] Score: 18.0/100.0 | DISQUALIFIED: Failed all mechanical trend & momentum filters.,https://www.tradingview.com/chart/?symbol=NSE%3ADAVANGERE&interval=D,https://www.tradingview.com/chart/?symbol=NSE%3ADAVANGERE&interval=W,https://www.tradingview.com/chart/?symbol=NSE%3ADAVANGERE&interval=75,pending,data/research_datasets/20260824,2026-08-24 10:05:13 UTC
CENTEXT,CENTEXT.NS,Century Extrusions Limited,2026-08-21,900,DISQUALIFIED,True,False,18.0,True,Failed all mechanical trend & momentum filters.,False,False,False,False,False,True,20.64,48.2,20.06,20.21,,,1.49,0.305,,0.24,0.35,0.31,False,False,False,False,ST,2026-08-10,False,False,False,False,155,"Bar vol_ratio=0.63x, spread_ratio=1.48x, close_pos=0.35. Candidate ST: retest of SC low area (SC low=21.80, bar low=22.01, diff=1.0%), volume 0.63x avg strictly lower than SC volume 4.80x, spread 1.48x ATR, close pos=0.35",71.39,245.9,68,True,[DISQUALIFIED] Score: 18.0/100.0 | DISQUALIFIED: Failed all mechanical trend & momentum filters.,https://www.tradingview.com/chart/?symbol=NSE%3ACENTEXT&interval=D,https://www.tradingview.com/chart/?symbol=NSE%3ACENTEXT&interval=W,https://www.tradingview.com/chart/?symbol=NSE%3ACENTEXT&interval=75,pending,data/research_datasets/20260824,2026-08-24 10:05:13 UTC
BALAJEE,BALAJEE.NS,Shree Tirupati Balajee Agro Trading Company Limited,2026-08-21,483,DISQUALIFIED,True,False,18.0,True,Failed all mechanical trend & momentum filters.,False,False,False,False,True,False,26.88,42.3,28.15,29.49,,,1.13,0.052,,0.65,0.61,0.58,False,False,False,False,ST,2026-08-21,False,False,False,False,60,"Bar vol_ratio=0.65x, spread_ratio=0.61x, close_pos=0.58. Candidate ST: retest of SC low area (SC low=26.10, bar low=26.50, diff=1.5%), volume 0.65x avg strictly lower than SC volume 2.55x, spread 0.61x ATR, close pos=0.58",81.06,201.6,12,True,[DISQUALIFIED] Score: 18.0/100.0 | DISQUALIFIED: Failed all mechanical trend & momentum filters.,https://www.tradingview.com/chart/?symbol=NSE%3ABALAJEE&interval=D,https://www.tradingview.com/chart/?symbol=NSE%3ABALAJEE&interval=W,https://www.tradingview.com/chart/?symbol=NSE%3ABALAJEE&interval=75,pending,data/research_datasets/20260824,2026-08-24 10:05:13 UTC
AWHCL,AWHCL.NS,Antony Waste Handling Cell Limited,2026-08-21,901,DISQUALIFIED,True,False,18.0,True,Failed all mechanical trend & momentum filters.,False,False,False,False,False,True,383.85,26.8,439.77,460.29,,,1.03,0.207,,0.45,0.73,0.77,False,False,False,False,ST,2026-08-17,False,False,False,False,100,"Bar vol_ratio=0.51x, spread_ratio=0.85x, close_pos=0.12. Candidate ST: retest of SC low area (SC low=374.07, bar low=384.60, diff=2.8%), volume 0.51x avg strictly lower than SC volume 8.93x, spread 0.85x ATR, close pos=0.12",1082.86,182.1,23,True,[DISQUALIFIED] Score: 18.0/100.0 | DISQUALIFIED: Failed all mechanical trend & momentum filters.,https://www.tradingview.com/chart/?symbol=NSE%3AAWHCL&interval=D,https://www.tradingview.com/chart/?symbol=NSE%3AAWHCL&interval=W,https://www.tradingview.com/chart/?symbol=NSE%3AAWHCL&interval=75,pending,data/research_datasets/20260824,2026-08-24 10:05:13 UTC
ATAM,ATAM.NS,Atam Valves Limited,2026-08-21,815,DISQUALIFIED,True,False,18.0,True,Failed all mechanical trend & momentum filters.,False,False,False,False,False,False,54.21,30.9,66.55,68.33,,,1.46,0.253,,1.67,1.07,0.17,False,False,False,False,ST,2026-08-21,False,False,False,False,168,"Bar vol_ratio=1.67x, spread_ratio=1.07x, close_pos=0.17. Candidate ST: retest of SC low area (SC low=52.30, bar low=53.53, diff=2.4%), volume 1.67x avg strictly lower than SC volume 10.14x, spread 1.07x ATR, close pos=0.17",64.06,18.2,2,True,[DISQUALIFIED] Score: 18.0/100.0 | DISQUALIFIED: Failed all mechanical trend & momentum filters.,https://www.tradingview.com/chart/?symbol=NSE%3AATAM&interval=D,https://www.tradingview.com/chart/?symbol=NSE%3AATAM&interval=W,https://www.tradingview.com/chart/?symbol=NSE%3AATAM&interval=75,pending,data/research_datasets/20260824,2026-08-24 10:05:13 UTC
AKASH,AKASH.NS,Akash Infra-Projects Limited,2026-08-21,899,DISQUALIFIED,True,False,18.0,True,Failed all mechanical trend & momentum filters.,False,False,False,False,False,False,24.97,36.2,26.52,26.79,,,1.0,0.112,,0.98,1.38,0.42,False,False,False,False,ST,2026-08-18,False,False,False,False,137,"Bar vol_ratio=0.04x, spread_ratio=1.07x, close_pos=0.35. Candidate ST: retest of SC low area (SC low=24.00, bar low=24.71, diff=3.0%), volume 0.04x avg strictly lower than SC volume 5.94x, spread 1.07x ATR, close pos=0.35",122.21,389.4,128,True,[DISQUALIFIED] Score: 18.0/100.0 | DISQUALIFIED: Failed all mechanical trend & momentum filters.,https://www.tradingview.com/chart/?symbol=NSE%3AAKASH&interval=D,https://www.tradingview.com/chart/?symbol=NSE%3AAKASH&interval=W,https://www.tradingview.com/chart/?symbol=NSE%3AAKASH&interval=75,pending,data/research_datasets/20260824,2026-08-24 10:05:13 UTC
YUKEN,YUKEN.NS,Yuken India Limited,2026-08-21,900,DISQUALIFIED,True,False,17.5,True,Most recent event is UTAD (Upthrust After Distribution / potential distribution phase).,False,True,False,False,False,True,964.6,81.4,764.3,731.17,,,1.51,0.417,,1.73,1.21,0.61,False,False,False,False,UTAD,2026-08-21,False,False,False,True,147,"Bar vol_ratio=1.73x, spread_ratio=1.21x, close_pos=0.61. Candidate UTAD: intrabar high=982.85 exceeded range resistance=978.00 (+0.50%), closed back below at 964.60 (close pos=0.61), elevated volume 1.73x avg (threshold >= 1.5x), spread 1.21x ATR",1453.9,50.7,49,False,[DISQUALIFIED] Score: 17.5/100.0 | DISQUALIFIED: Most recent event is UTAD (Upthrust After Distribution / potential distribution phase).,https://www.tradingview.com/chart/?symbol=NSE%3AYUKEN&interval=D,https://www.tradingview.com/chart/?symbol=NSE%3AYUKEN&interval=W,https://www.tradingview.com/chart/?symbol=NSE%3AYUKEN&interval=75,pending,data/research_datasets/20260824,2026-08-24 10:05:13 UTC
WONDERLA,WONDERLA.NS,Wonderla Holidays Limited,2026-08-21,900,DISQUALIFIED,True,False,17.5,True,Most recent event is UTAD (Upthrust After Distribution / potential distribution phase).,False,False,True,False,False,True,519.2,68.9,480.54,491.79,,,1.38,0.123,,2.48,2.17,0.83,False,False,False,False,UTAD,2026-08-21,False,False,False,True,149,"Bar vol_ratio=2.48x, spread_ratio=2.17x, close_pos=0.83. Candidate UTAD: intrabar high=524.95 exceeded range resistance=520.35 (+0.88%), closed back below at 519.20 (close pos=0.83), elevated volume 2.48x avg (threshold >= 1.5x), spread 2.17x ATR",718.15,38.3,15,False,[DISQUALIFIED] Score: 17.5/100.0 | DISQUALIFIED: Most recent event is UTAD (Upthrust After Distribution / potential distribution phase).,https://www.tradingview.com/chart/?symbol=NSE%3AWONDERLA&interval=D,https://www.tradingview.com/chart/?symbol=NSE%3AWONDERLA&interval=W,https://www.tradingview.com/chart/?symbol=NSE%3AWONDERLA&interval=75,pending,data/research_datasets/20260824,2026-08-24 10:05:13 UTC
VLSFINANCE,VLSFINANCE.NS,VLS Finance Limited,2026-08-21,899,DISQUALIFIED,True,False,17.5,True,Most recent event is UTAD (Upthrust After Distribution / potential distribution phase).,False,False,False,False,False,False,248.95,41.0,254.1,243.63,,,1.33,0.091,,0.62,0.58,0.39,False,False,True,False,UTAD,2026-08-12,False,False,False,True,100,"Bar vol_ratio=3.57x, spread_ratio=1.80x, close_pos=0.50. Candidate UTAD: intrabar high=277.00 exceeded range resistance=275.00 (+0.73%), closed back below at 270.35 (close pos=0.50), elevated volume 3.57x avg (threshold >= 1.5x), spread 1.80x ATR",468.89,88.3,40,False,[DISQUALIFIED] Score: 17.5/100.0 | DISQUALIFIED: Most recent event is UTAD (Upthrust After Distribution / potential distribution phase).,https://www.tradingview.com/chart/?symbol=NSE%3AVLSFINANCE&interval=D,https://www.tradingview.com/chart/?symbol=NSE%3AVLSFINANCE&interval=W,https://www.tradingview.com/chart/?symbol=NSE%3AVLSFINANCE&interval=75,pending,data/research_datasets/20260824,2026-08-24 10:05:13 UTC
UFLEX,UFLEX.NS,UFLEX Limited,2026-08-21,900,DISQUALIFIED,True,False,17.5,True,Most recent event is UTAD (Upthrust After Distribution / potential distribution phase).,False,True,False,False,False,True,614.6,82.1,467.72,438.08,,,1.42,0.431,,0.4,1.2,0.27,False,False,False,False,UTAD,2026-08-19,False,False,False,True,177,"Bar vol_ratio=1.76x, spread_ratio=1.79x, close_pos=0.65. Candidate UTAD: intrabar high=635.00 exceeded range resistance=630.45 (+0.72%), closed back below at 620.95 (close pos=0.65), elevated volume 1.76x avg (threshold >= 1.5x), spread 1.79x ATR",1149.6,87.0,45,False,[DISQUALIFIED] Score: 17.5/100.0 | DISQUALIFIED: Most recent event is UTAD (Upthrust After Distribution / potential distribution phase).,https://www.tradingview.com/chart/?symbol=NSE%3AUFLEX&interval=D,https://www.tradingview.com/chart/?symbol=NSE%3AUFLEX&interval=W,https://www.tradingview.com/chart/?symbol=NSE%3AUFLEX&interval=75,pending,data/research_datasets/20260824,2026-08-24 10:05:13 UTC
TOTAL,TOTAL.NS,Total Transport Systems Limited,2026-08-21,899,DISQUALIFIED,True,False,17.5,True,Most recent event is UTAD (Upthrust After Distribution / potential distribution phase).,False,True,False,False,False,False,72.77,72.7,55.72,55.02,,,1.45,0.549,,0.33,1.11,0.84,False,False,False,False,UTAD,2026-08-07,False,False,False,True,128,"Bar vol_ratio=1.63x, spread_ratio=1.18x, close_pos=0.54. Candidate UTAD: intrabar high=71.79 exceeded range resistance=71.48 (+0.43%), closed back below at 69.60 (close pos=0.54), elevated volume 1.63x avg (threshold >= 1.5x), spread 1.18x ATR",92.11,26.6,7,False,[DISQUALIFIED] Score: 17.5/100.0 | DISQUALIFIED: Most recent event is UTAD (Upthrust After Distribution / potential distribution phase).,https://www.tradingview.com/chart/?symbol=NSE%3ATOTAL&interval=D,https://www.tradingview.com/chart/?symbol=NSE%3ATOTAL&interval=W,https://www.tradingview.com/chart/?symbol=NSE%3ATOTAL&interval=75,pending,data/research_datasets/20260824,2026-08-24 10:05:13 UTC
TARMAT,TARMAT.NS,Tarmat Limited,2026-08-21,900,DISQUALIFIED,True,False,17.5,True,Most recent event is UTAD (Upthrust After Distribution / potential distribution phase).,False,False,False,False,False,False,50.2,44.8,51.23,51.98,,,1.72,0.292,,0.54,0.45,0.13,False,False,True,False,SC,2026-08-14,False,False,False,False,154,"Bar vol_ratio=8.97x, spread_ratio=3.80x, close_pos=0.10. Candidate SC: volume 8.97x 20-period avg (threshold >= 2.0x), spread 3.80x 20-period ATR (threshold >= 1.5x), down-close (Open=68.50, Close=58.70, close pos=0.10), Prior peak=66.10, bar low=57.44, decline=13.1% over prior 10 bars (threshold >= 3.0%)",145.67,190.2,32,False,[DISQUALIFIED] Score: 17.5/100.0 | DISQUALIFIED: Most recent event is UTAD (Upthrust After Distribution / potential distribution phase).,https://www.tradingview.com/chart/?symbol=NSE%3ATARMAT&interval=D,https://www.tradingview.com/chart/?symbol=NSE%3ATARMAT&interval=W,https://www.tradingview.com/chart/?symbol=NSE%3ATARMAT&interval=75,pending,data/research_datasets/20260824,2026-08-24 10:05:13 UTC
SUNDRMFAST,SUNDRMFAST.NS,Sundram Fasteners Limited,2026-08-21,900,DISQUALIFIED,True,False,17.5,True,Most recent event is UTAD (Upthrust After Distribution / potential distribution phase).,False,True,False,False,False,True,1228.0,82.9,998.33,913.64,,,1.54,0.411,,0.58,0.83,0.56,False,False,False,False,UTAD,2026-08-07,False,False,False,True,130,"Bar vol_ratio=2.15x, spread_ratio=1.00x, close_pos=0.22. Candidate UTAD: intrabar high=1109.45 exceeded range resistance=1094.60 (+1.36%), closed back below at 1090.55 (close pos=0.22), elevated volume 2.15x avg (threshold >= 1.5x), spread 1.00x ATR",2123.75,72.9,39,False,[DISQUALIFIED] Score: 17.5/100.0 | DISQUALIFIED: Most recent event is UTAD (Upthrust After Distribution / potential distribution phase).,https://www.tradingview.com/chart/?symbol=NSE%3ASUNDRMFAST&interval=D,https://www.tradingview.com/chart/?symbol=NSE%3ASUNDRMFAST&interval=W,https://www.tradingview.com/chart/?symbol=NSE%3ASUNDRMFAST&interval=75,pending,data/research_datasets/20260824,2026-08-24 10:05:13 UTC
SANATHAN,SANATHAN.NS,Sanathan Textiles Limited,2026-08-21,412,DISQUALIFIED,True,True,17.5,True,Most recent event is UTAD (Upthrust After Distribution / potential distribution phase).,False,True,False,False,True,True,465.6,49.7,457.27,441.49,,,1.06,0.099,,1.13,0.77,0.49,False,False,False,False,UTAD,2026-08-11,False,False,False,True,68,"Bar vol_ratio=3.54x, spread_ratio=1.49x, close_pos=0.76. Candidate UTAD: intrabar high=509.00 exceeded range resistance=504.45 (+0.90%), closed back below at 501.40 (close pos=0.76), elevated volume 3.54x avg (threshold >= 1.5x), spread 1.49x ATR",1165.1,150.2,48,False,[DISQUALIFIED] Score: 17.5/100.0 | DISQUALIFIED: Most recent event is UTAD (Upthrust After Distribution / potential distribution phase).,https://www.tradingview.com/chart/?symbol=NSE%3ASANATHAN&interval=D,https://www.tradingview.com/chart/?symbol=NSE%3ASANATHAN&interval=W,https://www.tradingview.com/chart/?symbol=NSE%3ASANATHAN&interval=75,pending,data/research_datasets/20260824,2026-08-24 10:05:13 UTC
RAMANEWS,RAMANEWS.NS,Shree Rama Newsprint Limited,2026-08-21,899,DISQUALIFIED,True,False,17.5,True,Most recent event is UTAD (Upthrust After Distribution / potential distribution phase).,True,False,False,False,False,False,31.79,52.6,30.09,30.56,,,1.51,0.243,,0.09,0.86,0.34,False,False,False,False,UTAD,2026-08-10,False,False,False,True,130,"Bar vol_ratio=1.89x, spread_ratio=1.66x, close_pos=0.55. Candidate UTAD: intrabar high=35.00 exceeded range resistance=34.48 (+1.51%), closed back below at 33.76 (close pos=0.55), elevated volume 1.89x avg (threshold >= 1.5x), spread 1.66x ATR",53.27,67.6,33,False,[DISQUALIFIED] Score: 17.5/100.0 | DISQUALIFIED: Most recent event is UTAD (Upthrust After Distribution / potential distribution phase).,https://www.tradingview.com/chart/?symbol=NSE%3ARAMANEWS&interval=D,https://www.tradingview.com/chart/?symbol=NSE%3ARAMANEWS&interval=W,https://www.tradingview.com/chart/?symbol=NSE%3ARAMANEWS&interval=75,pending,data/research_datasets/20260824,2026-08-24 10:05:13 UTC
PRIMO,PRIMO.NS,Primo Chemicals Limited,2026-08-21,334,DISQUALIFIED,True,False,17.5,True,Most recent event is UTAD (Upthrust After Distribution / potential distribution phase).,False,False,False,False,False,False,20.89,32.5,23.77,23.61,,,1.19,0.209,,1.12,0.71,0.09,False,False,False,False,UTAD,2026-08-14,False,False,False,True,47,"Bar vol_ratio=5.25x, spread_ratio=3.19x, close_pos=0.77. Candidate UTAD: intrabar high=26.60 exceeded range resistance=26.44 (+0.61%), closed back below at 25.62 (close pos=0.77), elevated volume 5.25x avg (threshold >= 1.5x), spread 3.19x ATR",62.83,200.8,51,False,[DISQUALIFIED] Score: 17.5/100.0 | DISQUALIFIED: Most recent event is UTAD (Upthrust After Distribution / potential distribution phase).,https://www.tradingview.com/chart/?symbol=NSE%3APRIMO&interval=D,https://www.tradingview.com/chart/?symbol=NSE%3APRIMO&interval=W,https://www.tradingview.com/chart/?symbol=NSE%3APRIMO&interval=75,pending,data/research_datasets/20260824,2026-08-24 10:05:13 UTC
ONEPOINT,ONEPOINT.NS,One Point One Solutions Limited,2026-08-21,900,DISQUALIFIED,True,False,17.5,True,Most recent event is UTAD (Upthrust After Distribution / potential distribution phase).,False,False,False,False,True,True,56.17,44.9,56.99,56.87,,,1.21,0.095,,0.24,0.53,0.27,False,False,True,False,SC,2026-08-13,False,False,False,False,134,"Bar vol_ratio=2.04x, spread_ratio=1.76x, close_pos=0.19. Candidate SC: volume 2.04x 20-period avg (threshold >= 2.0x), spread 1.76x 20-period ATR (threshold >= 1.5x), down-close (Open=62.43, Close=59.42, close pos=0.19), Prior peak=61.25, bar low=58.70, decline=4.2% over prior 10 bars (threshold >= 3.0%)",100.32,78.6,55,False,[DISQUALIFIED] Score: 17.5/100.0 | DISQUALIFIED: Most recent event is UTAD (Upthrust After Distribution / potential distribution phase).,https://www.tradingview.com/chart/?symbol=NSE%3AONEPOINT&interval=D,https://www.tradingview.com/chart/?symbol=NSE%3AONEPOINT&interval=W,https://www.tradingview.com/chart/?symbol=NSE%3AONEPOINT&interval=75,pending,data/research_datasets/20260824,2026-08-24 10:05:13 UTC
MAXESTATES,MAXESTATES.NS,Max Estates Limited,2026-08-21,696,DISQUALIFIED,True,False,17.5,True,Most recent event is UTAD (Upthrust After Distribution / potential distribution phase).,False,True,False,False,False,True,494.85,72.4,430.04,418.11,,,1.16,0.358,,0.64,0.7,0.35,False,False,False,False,UTAD,2026-08-19,False,False,False,True,72,"Bar vol_ratio=3.34x, spread_ratio=1.77x, close_pos=0.36. Candidate UTAD: intrabar high=510.00 exceeded range resistance=501.45 (+1.71%), closed back below at 490.15 (close pos=0.36), elevated volume 3.34x avg (threshold >= 1.5x), spread 1.77x ATR",775.05,56.6,55,False,[DISQUALIFIED] Score: 17.5/100.0 | DISQUALIFIED: Most recent event is UTAD (Upthrust After Distribution / potential distribution phase).,https://www.tradingview.com/chart/?symbol=NSE%3AMAXESTATES&interval=D,https://www.tradingview.com/chart/?symbol=NSE%3AMAXESTATES&interval=W,https://www.tradingview.com/chart/?symbol=NSE%3AMAXESTATES&interval=75,pending,data/research_datasets/20260824,2026-08-24 10:05:13 UTC
LAXMIINDIA,LAXMIINDIA.NS,Laxmi India Finance Limited,2026-08-21,261,DISQUALIFIED,True,True,17.5,True,Most recent event is UTAD (Upthrust After Distribution / potential distribution phase).,False,True,False,False,True,True,128.76,51.4,119.0,115.95,,,1.31,0.145,,1.21,0.92,0.11,False,False,False,False,UTAD,2026-08-12,False,False,False,True,38,"Bar vol_ratio=1.62x, spread_ratio=1.17x, close_pos=0.10. Candidate UTAD: intrabar high=143.00 exceeded range resistance=140.00 (+2.14%), closed back below at 135.83 (close pos=0.10), elevated volume 1.62x avg (threshold >= 1.5x), spread 1.17x ATR",226.26,75.7,31,False,[DISQUALIFIED] Score: 17.5/100.0 | DISQUALIFIED: Most recent event is UTAD (Upthrust After Distribution / potential distribution phase).,https://www.tradingview.com/chart/?symbol=NSE%3ALAXMIINDIA&interval=D,https://www.tradingview.com/chart/?symbol=NSE%3ALAXMIINDIA&interval=W,https://www.tradingview.com/chart/?symbol=NSE%3ALAXMIINDIA&interval=75,pending,data/research_datasets/20260824,2026-08-24 10:05:13 UTC
LAOPALA,LAOPALA.NS,La Opala RG Limited,2026-08-21,901,DISQUALIFIED,True,False,17.5,True,Most recent event is UTAD (Upthrust After Distribution / potential distribution phase).,False,False,False,False,False,True,173.12,36.5,180.15,176.04,,,1.16,0.09,,0.33,1.21,0.08,False,False,False,False,UTAD,2026-07-15,False,False,False,True,142,"Bar vol_ratio=4.01x, spread_ratio=2.92x, close_pos=0.49. Candidate UTAD: intrabar high=189.60 exceeded range resistance=187.46 (+1.14%), closed back below at 182.28 (close pos=0.49), elevated volume 4.01x avg (threshold >= 1.5x), spread 2.92x ATR",230.17,33.0,4,False,[DISQUALIFIED] Score: 17.5/100.0 | DISQUALIFIED: Most recent event is UTAD (Upthrust After Distribution / potential distribution phase).,https://www.tradingview.com/chart/?symbol=NSE%3ALAOPALA&interval=D,https://www.tradingview.com/chart/?symbol=NSE%3ALAOPALA&interval=W,https://www.tradingview.com/chart/?symbol=NSE%3ALAOPALA&interval=75,pending,data/research_datasets/20260824,2026-08-24 10:05:13 UTC
KNRCON,KNRCON.NS,KNR Constructions Limited,2026-08-21,901,DISQUALIFIED,True,False,17.5,True,Most recent event is UTAD (Upthrust After Distribution / potential distribution phase).,False,False,False,False,False,True,127.0,45.1,129.8,128.0,,,1.43,0.207,,0.6,0.88,0.1,False,False,False,False,UTAD,2026-08-10,False,False,False,True,114,"Bar vol_ratio=1.88x, spread_ratio=1.58x, close_pos=0.58. Candidate UTAD: intrabar high=145.32 exceeded range resistance=142.79 (+1.77%), closed back below at 142.69 (close pos=0.58), elevated volume 1.88x avg (threshold >= 1.5x), spread 1.58x ATR",211.32,66.4,12,False,[DISQUALIFIED] Score: 17.5/100.0 | DISQUALIFIED: Most recent event is UTAD (Upthrust After Distribution / potential distribution phase).,https://www.tradingview.com/chart/?symbol=NSE%3AKNRCON&interval=D,https://www.tradingview.com/chart/?symbol=NSE%3AKNRCON&interval=W,https://www.tradingview.com/chart/?symbol=NSE%3AKNRCON&interval=75,pending,data/research_datasets/20260824,2026-08-24 10:05:13 UTC
KIRIINDUS,KIRIINDUS.NS,Kiri Industries Limited,2026-08-21,901,DISQUALIFIED,True,False,17.5,True,Most recent event is UTAD (Upthrust After Distribution / potential distribution phase).,False,True,False,False,False,True,477.9,73.9,405.16,404.2,,,1.39,0.17,,2.24,1.25,0.9,False,False,False,False,UTAD,2026-08-12,False,False,False,True,122,"Bar vol_ratio=6.28x, spread_ratio=2.45x, close_pos=0.54. Candidate UTAD: intrabar high=449.45 exceeded range resistance=445.85 (+0.81%), closed back below at 434.45 (close pos=0.54), elevated volume 6.28x avg (threshold >= 1.5x), spread 2.45x ATR",1104.1,131.0,47,False,[DISQUALIFIED] Score: 17.5/100.0 | DISQUALIFIED: Most recent event is UTAD (Upthrust After Distribution / potential distribution phase).,https://www.tradingview.com/chart/?symbol=NSE%3AKIRIINDUS&interval=D,https://www.tradingview.com/chart/?symbol=NSE%3AKIRIINDUS&interval=W,https://www.tradingview.com/chart/?symbol=NSE%3AKIRIINDUS&interval=75,pending,data/research_datasets/20260824,2026-08-24 10:05:13 UTC
KAYA,KAYA.NS,Kaya Limited,2026-08-21,900,DISQUALIFIED,True,False,17.5,True,Most recent event is UTAD (Upthrust After Distribution / potential distribution phase).,False,True,False,False,False,True,382.25,82.6,269.65,262.45,,,1.7,0.456,,1.64,1.12,0.52,False,False,False,False,UTAD,2026-08-21,False,False,False,True,171,"Bar vol_ratio=1.64x, spread_ratio=1.12x, close_pos=0.52. Candidate UTAD: intrabar high=393.00 exceeded range resistance=385.00 (+2.08%), closed back below at 382.25 (close pos=0.52), elevated volume 1.64x avg (threshold >= 1.5x), spread 1.12x ATR",753.7,97.2,32,False,[DISQUALIFIED] Score: 17.5/100.0 | DISQUALIFIED: Most recent event is UTAD (Upthrust After Distribution / potential distribution phase).,https://www.tradingview.com/chart/?symbol=NSE%3AKAYA&interval=D,https://www.tradingview.com/chart/?symbol=NSE%3AKAYA&interval=W,https://www.tradingview.com/chart/?symbol=NSE%3AKAYA&interval=75,pending,data/research_datasets/20260824,2026-08-24 10:05:13 UTC
JUBLFOOD,JUBLFOOD.NS,Jubilant Foodworks Limited,2026-08-21,901,DISQUALIFIED,True,False,17.5,True,Most recent event is UTAD (Upthrust After Distribution / potential distribution phase).,False,False,True,False,False,True,506.75,66.7,445.66,447.79,,,1.29,0.226,,0.24,0.75,0.54,False,False,False,False,UTAD,2026-08-14,False,False,False,True,125,"Bar vol_ratio=3.43x, spread_ratio=1.73x, close_pos=0.35. Candidate UTAD: intrabar high=521.00 exceeded range resistance=504.65 (+3.24%), closed back below at 504.10 (close pos=0.35), elevated volume 3.43x avg (threshold >= 1.5x), spread 1.73x ATR",949.8,87.4,34,False,[DISQUALIFIED] Score: 17.5/100.0 | DISQUALIFIED: Most recent event is UTAD (Upthrust After Distribution / potential distribution phase).,https://www.tradingview.com/chart/?symbol=NSE%3AJUBLFOOD&interval=D,https://www.tradingview.com/chart/?symbol=NSE%3AJUBLFOOD&interval=W,https://www.tradingview.com/chart/?symbol=NSE%3AJUBLFOOD&interval=75,pending,data/research_datasets/20260824,2026-08-24 10:05:13 UTC
JSL,JSL.NS,Jindal Stainless Limited,2026-08-21,901,DISQUALIFIED,True,False,17.5,True,Most recent event is UTAD (Upthrust After Distribution / potential distribution phase).,False,False,False,True,True,True,701.35,38.5,714.96,725.88,,,0.94,0.049,,0.86,1.23,0.07,False,False,False,False,UTAD,2026-08-18,False,False,False,True,88,"Bar vol_ratio=1.69x, spread_ratio=1.69x, close_pos=0.15. Candidate UTAD: intrabar high=752.84 exceeded range resistance=751.85 (+0.13%), closed back below at 729.34 (close pos=0.15), elevated volume 1.69x avg (threshold >= 1.5x), spread 1.69x ATR",1065.84,52.0,60,False,[DISQUALIFIED] Score: 17.5/100.0 | DISQUALIFIED: Most recent event is UTAD (Upthrust After Distribution / potential distribution phase).,https://www.tradingview.com/chart/?symbol=NSE%3AJSL&interval=D,https://www.tradingview.com/chart/?symbol=NSE%3AJSL&interval=W,https://www.tradingview.com/chart/?symbol=NSE%3AJSL&interval=75,pending,data/research_datasets/20260824,2026-08-24 10:05:13 UTC
IVC,IVC.NS,IL&FS Investment Managers Limited,2026-08-21,901,DISQUALIFIED,True,False,17.5,True,Most recent event is UTAD (Upthrust After Distribution / potential distribution phase).,False,False,False,False,False,False,8.2,46.6,8.29,8.01,,,1.41,0.066,,0.37,0.75,0.42,False,False,False,False,UTAD,2026-08-12,False,False,False,True,136,"Bar vol_ratio=2.00x, spread_ratio=5.09x, close_pos=0.17. Candidate UTAD: intrabar high=9.80 exceeded range resistance=9.20 (+6.52%), closed back below at 8.56 (close pos=0.17), elevated volume 2.00x avg (threshold >= 1.5x), spread 5.09x ATR",29.3,257.3,28,False,[DISQUALIFIED] Score: 17.5/100.0 | DISQUALIFIED: Most recent event is UTAD (Upthrust After Distribution / potential distribution phase).,https://www.tradingview.com/chart/?symbol=NSE%3AIVC&interval=D,https://www.tradingview.com/chart/?symbol=NSE%3AIVC&interval=W,https://www.tradingview.com/chart/?symbol=NSE%3AIVC&interval=75,pending,data/research_datasets/20260824,2026-08-24 10:05:13 UTC
GULFOILLUB,GULFOILLUB.NS,Gulf Oil Lubricants India Limited,2026-08-21,901,DISQUALIFIED,True,True,17.5,True,Most recent event is UTAD (Upthrust After Distribution / potential distribution phase).,False,True,False,False,True,True,1139.9,54.7,1078.33,1009.38,,,1.06,0.187,,0.64,0.75,0.42,False,False,False,False,UTAD,2026-08-06,False,False,False,True,103,"Bar vol_ratio=1.67x, spread_ratio=1.23x, close_pos=0.41. Candidate UTAD: intrabar high=1230.40 exceeded range resistance=1211.90 (+1.53%), closed back below at 1204.50 (close pos=0.41), elevated volume 1.67x avg (threshold >= 1.5x), spread 1.23x ATR",1655.6,45.2,40,False,[DISQUALIFIED] Score: 17.5/100.0 | DISQUALIFIED: Most recent event is UTAD (Upthrust After Distribution / potential distribution phase).,https://www.tradingview.com/chart/?symbol=NSE%3AGULFOILLUB&interval=D,https://www.tradingview.com/chart/?symbol=NSE%3AGULFOILLUB&interval=W,https://www.tradingview.com/chart/?symbol=NSE%3AGULFOILLUB&interval=75,pending,data/research_datasets/20260824,2026-08-24 10:05:13 UTC
GILLANDERS,GILLANDERS.NS,Gillanders Arbuthnot & Company Limited,2026-08-21,900,DISQUALIFIED,True,False,17.5,True,Most recent event is UTAD (Upthrust After Distribution / potential distribution phase).,False,False,True,False,False,False,96.13,63.1,89.95,91.24,,,1.25,0.097,,3.21,1.55,0.59,False,False,False,False,UTAD,2026-08-07,False,False,False,True,135,"Bar vol_ratio=9.61x, spread_ratio=4.06x, close_pos=0.16. Candidate UTAD: intrabar high=105.00 exceeded range resistance=95.01 (+10.51%), closed back below at 90.69 (close pos=0.16), elevated volume 9.61x avg (threshold >= 1.5x), spread 4.06x ATR",325.46,238.6,78,False,[DISQUALIFIED] Score: 17.5/100.0 | DISQUALIFIED: Most recent event is UTAD (Upthrust After Distribution / potential distribution phase).,https://www.tradingview.com/chart/?symbol=NSE%3AGILLANDERS&interval=D,https://www.tradingview.com/chart/?symbol=NSE%3AGILLANDERS&interval=W,https://www.tradingview.com/chart/?symbol=NSE%3AGILLANDERS&interval=75,pending,data/research_datasets/20260824,2026-08-24 10:05:13 UTC
DOLATALGO,DOLATALGO.NS,Dolat Algotech Limited,2026-08-21,900,DISQUALIFIED,True,False,17.5,True,Most recent event is UTAD (Upthrust After Distribution / potential distribution phase).,False,False,True,False,False,True,76.51,69.6,71.61,73.97,,,1.39,0.149,,2.03,1.72,0.44,False,False,False,False,UTAD,2026-08-21,False,False,False,True,113,"Bar vol_ratio=2.03x, spread_ratio=1.72x, close_pos=0.44. Candidate UTAD: intrabar high=78.82 exceeded range resistance=78.39 (+0.55%), closed back below at 76.51 (close pos=0.44), elevated volume 2.03x avg (threshold >= 1.5x), spread 1.72x ATR",163.18,113.3,31,False,[DISQUALIFIED] Score: 17.5/100.0 | DISQUALIFIED: Most recent event is UTAD (Upthrust After Distribution / potential distribution phase).,https://www.tradingview.com/chart/?symbol=NSE%3ADOLATALGO&interval=D,https://www.tradingview.com/chart/?symbol=NSE%3ADOLATALGO&interval=W,https://www.tradingview.com/chart/?symbol=NSE%3ADOLATALGO&interval=75,pending,data/research_datasets/20260824,2026-08-24 10:05:13 UTC
COMPUSOFT,COMPUSOFT.NS,Compucom Software Limited,2026-08-21,900,DISQUALIFIED,True,False,17.5,True,Most recent event is UTAD (Upthrust After Distribution / potential distribution phase).,False,False,True,False,False,False,13.98,63.7,13.32,13.54,,,1.12,0.09,,0.89,1.91,0.42,False,False,False,False,SC,2026-08-20,False,False,False,False,133,"Bar vol_ratio=5.68x, spread_ratio=3.49x, close_pos=0.46. Candidate SC: volume 5.68x 20-period avg (threshold >= 2.0x), spread 3.49x 20-period ATR (threshold >= 1.5x), down-close (Open=14.23, Close=14.12, close pos=0.46), Prior peak=13.95, bar low=13.37, decline=4.2% over prior 10 bars (threshold >= 3.0%)",29.26,109.3,21,False,[DISQUALIFIED] Score: 17.5/100.0 | DISQUALIFIED: Most recent event is UTAD (Upthrust After Distribution / potential distribution phase).,https://www.tradingview.com/chart/?symbol=NSE%3ACOMPUSOFT&interval=D,https://www.tradingview.com/chart/?symbol=NSE%3ACOMPUSOFT&interval=W,https://www.tradingview.com/chart/?symbol=NSE%3ACOMPUSOFT&interval=75,pending,data/research_datasets/20260824,2026-08-24 10:05:13 UTC
BTML,BTML.NS,Bodhi Tree Multimedia Limited,2026-08-21,899,DISQUALIFIED,True,False,17.5,True,Most recent event is UTAD (Upthrust After Distribution / potential distribution phase).,False,True,False,False,False,True,7.86,54.2,6.79,6.62,,,1.42,0.52,,0.2,0.53,0.15,False,False,True,False,UTAD,2026-07-31,False,False,False,True,122,"Bar vol_ratio=5.11x, spread_ratio=2.64x, close_pos=0.84. Candidate UTAD: intrabar high=7.30 exceeded range resistance=7.29 (+0.14%), closed back below at 7.09 (close pos=0.84), elevated volume 5.11x avg (threshold >= 1.5x), spread 2.64x ATR",11.58,47.3,7,False,[DISQUALIFIED] Score: 17.5/100.0 | DISQUALIFIED: Most recent event is UTAD (Upthrust After Distribution / potential distribution phase).,https://www.tradingview.com/chart/?symbol=NSE%3ABTML&interval=D,https://www.tradingview.com/chart/?symbol=NSE%3ABTML&interval=W,https://www.tradingview.com/chart/?symbol=NSE%3ABTML&interval=75,pending,data/research_datasets/20260824,2026-08-24 10:05:13 UTC
ARENTERP,ARENTERP.NS,Rajdarshan Industries Limited,2026-08-21,899,DISQUALIFIED,True,False,17.5,True,Most recent event is UTAD (Upthrust After Distribution / potential distribution phase).,False,False,False,True,True,False,37.13,45.9,37.85,38.37,,,0.84,0.146,,0.04,0.21,1.0,False,False,True,False,SC,2026-07-24,False,False,False,False,145,"Bar vol_ratio=6.66x, spread_ratio=2.88x, close_pos=0.19. Candidate SC: volume 6.66x 20-period avg (threshold >= 2.0x), spread 2.88x 20-period ATR (threshold >= 1.5x), down-close (Open=50.60, Close=44.24, close pos=0.19), Prior peak=49.46, bar low=42.20, decline=14.7% over prior 10 bars (threshold >= 3.0%)",94.93,155.7,77,False,[DISQUALIFIED] Score: 17.5/100.0 | DISQUALIFIED: Most recent event is UTAD (Upthrust After Distribution / potential distribution phase).,https://www.tradingview.com/chart/?symbol=NSE%3AARENTERP&interval=D,https://www.tradingview.com/chart/?symbol=NSE%3AARENTERP&interval=W,https://www.tradingview.com/chart/?symbol=NSE%3AARENTERP&interval=75,pending,data/research_datasets/20260824,2026-08-24 10:05:13 UTC
ADVANCE,ADVANCE.NS,Advance Agrolife Limited,2026-08-21,218,DISQUALIFIED,True,True,17.5,True,Most recent event is UTAD (Upthrust After Distribution / potential distribution phase).,False,True,False,False,True,True,119.2,52.1,113.77,109.48,,,1.14,0.165,,0.28,0.88,0.71,False,False,False,False,SC,2026-08-06,False,False,False,False,18,"Bar vol_ratio=6.99x, spread_ratio=2.49x, close_pos=0.23. Candidate SC: volume 6.99x 20-period avg (threshold >= 2.0x), spread 2.49x 20-period ATR (threshold >= 1.5x), down-close (Open=137.50, Close=129.78, close pos=0.23), Prior peak=135.01, bar low=126.35, decline=6.4% over prior 10 bars (threshold >= 3.0%)",190.1,59.5,25,False,[DISQUALIFIED] Score: 17.5/100.0 | DISQUALIFIED: Most recent event is UTAD (Upthrust After Distribution / potential distribution phase).,https://www.tradingview.com/chart/?symbol=NSE%3AADVANCE&interval=D,https://www.tradingview.com/chart/?symbol=NSE%3AADVANCE&interval=W,https://www.tradingview.com/chart/?symbol=NSE%3AADVANCE&interval=75,pending,data/research_datasets/20260824,2026-08-24 10:05:13 UTC
ZUARIIND,ZUARIIND.NS,ZUARI INDUSTRIES LIMITED,2026-08-24,901,DISQUALIFIED,True,True,15.0,True,Most recent event is UTAD (Upthrust After Distribution / potential distribution phase).,False,True,True,False,False,True,285.6,66.6,263.11,260.19,,,1.22,0.136,,4.39,1.94,0.51,False,False,False,False,UTAD,2026-08-24,False,False,False,True,91,"Bar vol_ratio=4.39x, spread_ratio=1.94x, close_pos=0.51. Candidate UTAD: intrabar high=295.00 exceeded range resistance=287.90 (+2.47%), closed back below at 285.60 (close pos=0.51), elevated volume 4.39x avg (threshold >= 1.5x), spread 1.94x ATR",496.6,73.9,61,True,[DISQUALIFIED] Score: 15.0/100.0 | DISQUALIFIED: Most recent event is UTAD (Upthrust After Distribution / potential distribution phase).,https://www.tradingview.com/chart/?symbol=NSE%3AZUARIIND&interval=D,https://www.tradingview.com/chart/?symbol=NSE%3AZUARIIND&interval=W,https://www.tradingview.com/chart/?symbol=NSE%3AZUARIIND&interval=75,pending,data/research_datasets/20260824,2026-08-24 10:05:13 UTC
YATRA,YATRA.NS,Yatra Online Limited,2026-08-21,718,DISQUALIFIED,True,True,15.0,True,Most recent event is UTAD (Upthrust After Distribution / potential distribution phase).,False,True,True,False,False,True,116.93,59.1,111.01,107.35,,,1.32,0.149,,1.36,1.19,0.55,False,False,False,False,UTAD,2026-08-13,False,False,False,True,68,"Bar vol_ratio=6.59x, spread_ratio=2.99x, close_pos=0.58. Candidate UTAD: intrabar high=121.70 exceeded range resistance=120.40 (+1.08%), closed back below at 116.11 (close pos=0.58), elevated volume 6.59x avg (threshold >= 1.5x), spread 2.99x ATR",181.6,55.3,21,True,[DISQUALIFIED] Score: 15.0/100.0 | DISQUALIFIED: Most recent event is UTAD (Upthrust After Distribution / potential distribution phase).,https://www.tradingview.com/chart/?symbol=NSE%3AYATRA&interval=D,https://www.tradingview.com/chart/?symbol=NSE%3AYATRA&interval=W,https://www.tradingview.com/chart/?symbol=NSE%3AYATRA&interval=75,pending,data/research_datasets/20260824,2026-08-24 10:05:13 UTC
VIPIND,VIPIND.NS,VIP Industries Limited,2026-08-21,900,DISQUALIFIED,True,False,15.0,True,Failed all mechanical trend & momentum filters.,False,False,False,False,False,True,308.35,52.0,306.12,307.45,,,1.31,0.102,,1.88,1.33,0.41,False,False,False,False,LPS,2026-05-19,True,False,False,False,134,"Bar vol_ratio=0.68x, spread_ratio=0.90x, close_pos=0.56. Candidate LPS: higher low=288.40 vs prior Spring low=285.85 (+0.9%), holding above range support=278.25, low volume 0.68x avg (threshold < 0.75x), spread 0.90x ATR, close pos=0.56",735.0,138.4,28,True,[DISQUALIFIED] Score: 15.0/100.0 | DISQUALIFIED: Failed all mechanical trend & momentum filters.,https://www.tradingview.com/chart/?symbol=NSE%3AVIPIND&interval=D,https://www.tradingview.com/chart/?symbol=NSE%3AVIPIND&interval=W,https://www.tradingview.com/chart/?symbol=NSE%3AVIPIND&interval=75,pending,data/research_datasets/20260824,2026-08-24 10:05:13 UTC
VIDYAWIRES,VIDYAWIRES.NS,Vidya Wires Limited,2026-08-21,176,DISQUALIFIED,True,False,15.0,True,Most recent event is UTAD (Upthrust After Distribution / potential distribution phase).,False,False,False,True,False,True,86.27,36.7,94.96,90.53,,,0.88,0.142,,0.69,0.88,0.4,False,False,False,False,UTAD,2026-05-29,False,False,False,True,15,"Bar vol_ratio=1.92x, spread_ratio=1.60x, close_pos=0.19. Candidate UTAD: intrabar high=117.35 exceeded range resistance=111.77 (+4.99%), closed back below at 108.65 (close pos=0.19), elevated volume 1.92x avg (threshold >= 1.5x), spread 1.60x ATR",58.58,-32.1,4,True,[DISQUALIFIED] Score: 15.0/100.0 | DISQUALIFIED: Most recent event is UTAD (Upthrust After Distribution / potential distribution phase).,https://www.tradingview.com/chart/?symbol=NSE%3AVIDYAWIRES&interval=D,https://www.tradingview.com/chart/?symbol=NSE%3AVIDYAWIRES&interval=W,https://www.tradingview.com/chart/?symbol=NSE%3AVIDYAWIRES&interval=75,pending,data/research_datasets/20260824,2026-08-24 10:05:13 UTC
VEDL,VEDL.NS,Vedanta Limited,2026-08-21,901,DISQUALIFIED,True,False,15.0,True,Most recent event is UTAD (Upthrust After Distribution / potential distribution phase).,False,False,True,True,True,True,279.0,55.3,274.68,373.45,,,0.99,0.094,,1.95,1.52,0.93,False,False,False,False,UTAD,2026-04-21,False,False,False,True,99,"Bar vol_ratio=1.76x, spread_ratio=1.29x, close_pos=0.11. Candidate UTAD: intrabar high=795.00 exceeded range resistance=791.15 (+0.49%), closed back below at 766.80 (close pos=0.11), elevated volume 1.76x avg (threshold >= 1.5x), spread 1.29x ATR",762.81,173.4,14,True,[DISQUALIFIED] Score: 15.0/100.0 | DISQUALIFIED: Most recent event is UTAD (Upthrust After Distribution / potential distribution phase).,https://www.tradingview.com/chart/?symbol=NSE%3AVEDL&interval=D,https://www.tradingview.com/chart/?symbol=NSE%3AVEDL&interval=W,https://www.tradingview.com/chart/?symbol=NSE%3AVEDL&interval=75,pending,data/research_datasets/20260824,2026-08-24 10:05:13 UTC
UMIYA-MRO,UMIYA-MRO.NS,UMIYA BUILDCON LIMITED,2026-08-21,900,DISQUALIFIED,True,False,15.0,True,Most recent event is UTAD (Upthrust After Distribution / potential distribution phase).,True,True,False,False,False,False,90.27,53.1,89.68,87.35,,,1.02,0.051,,1.91,1.65,0.57,False,False,False,False,UTAD,2026-07-08,False,False,False,True,92,"Bar vol_ratio=3.34x, spread_ratio=3.05x, close_pos=0.09. Candidate UTAD: intrabar high=99.00 exceeded range resistance=94.71 (+4.53%), closed back below at 89.95 (close pos=0.09), elevated volume 3.34x avg (threshold >= 1.5x), spread 3.05x ATR",295.39,227.2,72,True,[DISQUALIFIED] Score: 15.0/100.0 | DISQUALIFIED: Most recent event is UTAD (Upthrust After Distribution / potential distribution phase).,https://www.tradingview.com/chart/?symbol=NSE%3AUMIYA-MRO&interval=D,https://www.tradingview.com/chart/?symbol=NSE%3AUMIYA-MRO&interval=W,https://www.tradingview.com/chart/?symbol=NSE%3AUMIYA-MRO&interval=75,pending,data/research_datasets/20260824,2026-08-24 10:05:13 UTC
TVTODAY,TVTODAY.NS,TV Today Network Limited,2026-08-21,900,DISQUALIFIED,True,False,15.0,True,Most recent event is UTAD (Upthrust After Distribution / potential distribution phase).,False,False,False,True,True,False,115.43,48.9,117.68,115.08,,,0.85,0.059,,0.3,0.8,0.11,False,False,False,False,UTAD,2026-06-25,False,False,False,True,93,"Bar vol_ratio=7.60x, spread_ratio=3.29x, close_pos=0.45. Candidate UTAD: intrabar high=133.70 exceeded range resistance=129.98 (+2.86%), closed back below at 124.89 (close pos=0.45), elevated volume 7.60x avg (threshold >= 1.5x), spread 3.29x ATR",150.2,30.1,7,True,[DISQUALIFIED] Score: 15.0/100.0 | DISQUALIFIED: Most recent event is UTAD (Upthrust After Distribution / potential distribution phase).,https://www.tradingview.com/chart/?symbol=NSE%3ATVTODAY&interval=D,https://www.tradingview.com/chart/?symbol=NSE%3ATVTODAY&interval=W,https://www.tradingview.com/chart/?symbol=NSE%3ATVTODAY&interval=75,pending,data/research_datasets/20260824,2026-08-24 10:05:13 UTC
TVSHLTD,TVSHLTD.NS,TVS Holdings Limited,2026-08-21,899,DISQUALIFIED,True,False,15.0,True,Most recent event is UTAD (Upthrust After Distribution / potential distribution phase).,False,False,False,True,False,True,13899.0,37.3,14133.78,14035.83,,,0.9,0.1,,0.38,0.53,0.14,False,False,True,False,UTAD,2026-07-22,False,False,False,True,84,"Bar vol_ratio=9.31x, spread_ratio=2.65x, close_pos=0.21. Candidate UTAD: intrabar high=15700.00 exceeded range resistance=14850.00 (+5.72%), closed back below at 14847.00 (close pos=0.21), elevated volume 9.31x avg (threshold >= 1.5x), spread 2.65x ATR",20572.16,48.0,58,True,[DISQUALIFIED] Score: 15.0/100.0 | DISQUALIFIED: Most recent event is UTAD (Upthrust After Distribution / potential distribution phase).,https://www.tradingview.com/chart/?symbol=NSE%3ATVSHLTD&interval=D,https://www.tradingview.com/chart/?symbol=NSE%3ATVSHLTD&interval=W,https://www.tradingview.com/chart/?symbol=NSE%3ATVSHLTD&interval=75,pending,data/research_datasets/20260824,2026-08-24 10:05:13 UTC
TVSELECT,TVSELECT.NS,TVS Electronics Limited,2026-08-21,900,DISQUALIFIED,True,False,15.0,True,Most recent event is UTAD (Upthrust After Distribution / potential distribution phase).,False,False,False,True,False,True,441.6,32.8,487.38,473.62,,,0.81,0.2,,0.21,0.6,0.16,False,False,False,False,UTAD,2026-05-25,False,False,False,True,84,"Bar vol_ratio=11.55x, spread_ratio=2.88x, close_pos=0.73. Candidate UTAD: intrabar high=548.00 exceeded range resistance=530.00 (+3.40%), closed back below at 529.50 (close pos=0.73), elevated volume 11.55x avg (threshold >= 1.5x), spread 2.88x ATR",925.9,109.7,86,True,[DISQUALIFIED] Score: 15.0/100.0 | DISQUALIFIED: Most recent event is UTAD (Upthrust After Distribution / potential distribution phase).,https://www.tradingview.com/chart/?symbol=NSE%3ATVSELECT&interval=D,https://www.tradingview.com/chart/?symbol=NSE%3ATVSELECT&interval=W,https://www.tradingview.com/chart/?symbol=NSE%3ATVSELECT&interval=75,pending,data/research_datasets/20260824,2026-08-24 10:05:13 UTC
TRAVELFOOD,TRAVELFOOD.NS,Travel Food Services Limited,2026-08-21,278,DISQUALIFIED,True,False,15.0,True,Most recent event is UTAD (Upthrust After Distribution / potential distribution phase).,True,False,False,False,False,True,1307.2,43.6,1327.78,1280.2,,,1.28,0.128,,0.31,0.42,0.22,False,False,True,False,UTAD,2026-08-06,False,False,False,True,37,"Bar vol_ratio=3.51x, spread_ratio=1.93x, close_pos=0.21. Candidate UTAD: intrabar high=1396.50 exceeded range resistance=1384.00 (+0.90%), closed back below at 1337.20 (close pos=0.21), elevated volume 3.51x avg (threshold >= 1.5x), spread 1.93x ATR",1911.9,46.3,23,True,[DISQUALIFIED] Score: 15.0/100.0 | DISQUALIFIED: Most recent event is UTAD (Upthrust After Distribution / potential distribution phase).,https://www.tradingview.com/chart/?symbol=NSE%3ATRAVELFOOD&interval=D,https://www.tradingview.com/chart/?symbol=NSE%3ATRAVELFOOD&interval=W,https://www.tradingview.com/chart/?symbol=NSE%3ATRAVELFOOD&interval=75,pending,data/research_datasets/20260824,2026-08-24 10:05:13 UTC
TIINDIA,TIINDIA.NS,Tube Investments of India Limited,2026-08-21,901,DISQUALIFIED,True,False,15.0,True,Most recent event is UTAD (Upthrust After Distribution / potential distribution phase).,True,False,False,False,False,True,2885.8,52.4,2941.92,2941.82,,,1.04,0.106,,0.41,1.11,0.4,False,False,False,False,UTAD,2026-06-24,False,False,False,True,100,"Bar vol_ratio=1.56x, spread_ratio=1.73x, close_pos=0.05. Candidate UTAD: intrabar high=3333.38 exceeded range resistance=3332.98 (+0.01%), closed back below at 3168.77 (close pos=0.05), elevated volume 1.56x avg (threshold >= 1.5x), spread 1.73x ATR",6790.62,135.3,65,True,[DISQUALIFIED] Score: 15.0/100.0 | DISQUALIFIED: Most recent event is UTAD (Upthrust After Distribution / potential distribution phase).,https://www.tradingview.com/chart/?symbol=NSE%3ATIINDIA&interval=D,https://www.tradingview.com/chart/?symbol=NSE%3ATIINDIA&interval=W,https://www.tradingview.com/chart/?symbol=NSE%3ATIINDIA&interval=75,pending,data/research_datasets/20260824,2026-08-24 10:05:13 UTC
THELEELA,THELEELA.NS,Leela Palaces Hotels & Resorts Limited,2026-08-21,307,DISQUALIFIED,True,False,15.0,True,Most recent event is UTAD (Upthrust After Distribution / potential distribution phase).,True,True,False,False,False,True,561.7,74.3,492.11,455.86,,,1.03,0.177,,1.44,1.67,0.93,False,False,False,False,UTAD,2026-08-20,False,False,False,True,41,"Bar vol_ratio=2.07x, spread_ratio=0.89x, close_pos=0.71. Candidate UTAD: intrabar high=544.35 exceeded range resistance=541.80 (+0.47%), closed back below at 539.70 (close pos=0.71), elevated volume 2.07x avg (threshold >= 1.5x), spread 0.89x ATR",804.05,43.1,24,True,[DISQUALIFIED] Score: 15.0/100.0 | DISQUALIFIED: Most recent event is UTAD (Upthrust After Distribution / potential distribution phase).,https://www.tradingview.com/chart/?symbol=NSE%3ATHELEELA&interval=D,https://www.tradingview.com/chart/?symbol=NSE%3ATHELEELA&interval=W,https://www.tradingview.com/chart/?symbol=NSE%3ATHELEELA&interval=75,pending,data/research_datasets/20260824,2026-08-24 10:05:13 UTC
TEXMOPIPES,TEXMOPIPES.NS,Texmo Pipes and Products Limited,2026-08-21,899,DISQUALIFIED,True,False,15.0,True,Failed all mechanical trend & momentum filters.,False,False,False,False,False,False,44.29,51.5,44.29,44.62,,,1.01,0.105,,0.44,0.62,0.42,False,False,False,False,LPS,2026-04-07,True,False,False,False,103,"Bar vol_ratio=0.40x, spread_ratio=0.65x, close_pos=0.72. Candidate LPS: higher low=38.08 vs prior Spring low=37.00 (+2.9%), holding above range support=33.00, low volume 0.40x avg (threshold < 0.75x), spread 0.65x ATR, close pos=0.72",171.87,288.1,38,True,[DISQUALIFIED] Score: 15.0/100.0 | DISQUALIFIED: Failed all mechanical trend & momentum filters.,https://www.tradingview.com/chart/?symbol=NSE%3ATEXMOPIPES&interval=D,https://www.tradingview.com/chart/?symbol=NSE%3ATEXMOPIPES&interval=W,https://www.tradingview.com/chart/?symbol=NSE%3ATEXMOPIPES&interval=75,pending,data/research_datasets/20260824,2026-08-24 10:05:13 UTC
TECHM,TECHM.NS,Tech Mahindra Limited,2026-08-21,901,DISQUALIFIED,True,True,15.0,True,Most recent event is UTAD (Upthrust After Distribution / potential distribution phase).,False,True,False,True,True,True,1584.0,48.6,1520.09,1468.87,,,0.77,0.064,,0.46,0.7,0.29,False,False,False,False,UTAD,2026-07-30,False,False,False,True,84,"Bar vol_ratio=1.52x, spread_ratio=1.04x, close_pos=0.64. Candidate UTAD: intrabar high=1686.60 exceeded range resistance=1673.00 (+0.81%), closed back below at 1669.00 (close pos=0.64), elevated volume 1.52x avg (threshold >= 1.5x), spread 1.04x ATR",2816.18,77.8,46,True,[DISQUALIFIED] Score: 15.0/100.0 | DISQUALIFIED: Most recent event is UTAD (Upthrust After Distribution / potential distribution phase).,https://www.tradingview.com/chart/?symbol=NSE%3ATECHM&interval=D,https://www.tradingview.com/chart/?symbol=NSE%3ATECHM&interval=W,https://www.tradingview.com/chart/?symbol=NSE%3ATECHM&interval=75,pending,data/research_datasets/20260824,2026-08-24 10:05:13 UTC
TBOTEK,TBOTEK.NS,TBO Tek Limited,2026-08-21,567,DISQUALIFIED,True,True,15.0,True,Most recent event is UTAD (Upthrust After Distribution / potential distribution phase).,False,True,True,False,False,True,1696.5,63.9,1526.13,1372.56,,,1.09,0.163,,0.43,0.46,0.41,False,False,True,False,UTAD,2026-08-05,False,False,False,True,59,"Bar vol_ratio=2.12x, spread_ratio=1.62x, close_pos=0.81. Candidate UTAD: intrabar high=1685.00 exceeded range resistance=1677.60 (+0.44%), closed back below at 1667.50 (close pos=0.81), elevated volume 2.12x avg (threshold >= 1.5x), spread 1.62x ATR",2415.0,42.4,35,True,[DISQUALIFIED] Score: 15.0/100.0 | DISQUALIFIED: Most recent event is UTAD (Upthrust After Distribution / potential distribution phase).,https://www.tradingview.com/chart/?symbol=NSE%3ATBOTEK&interval=D,https://www.tradingview.com/chart/?symbol=NSE%3ATBOTEK&interval=W,https://www.tradingview.com/chart/?symbol=NSE%3ATBOTEK&interval=75,pending,data/research_datasets/20260824,2026-08-24 10:05:13 UTC
TANLA,TANLA.NS,Tanla Platforms Limited,2026-08-21,901,DISQUALIFIED,True,True,15.0,True,Most recent event is UTAD (Upthrust After Distribution / potential distribution phase).,False,True,False,True,True,True,570.45,45.1,565.26,536.6,,,0.93,0.122,,0.33,0.6,0.17,False,False,False,False,UTAD,2026-07-17,False,False,False,True,105,"Bar vol_ratio=1.54x, spread_ratio=1.16x, close_pos=0.34. Candidate UTAD: intrabar high=598.90 exceeded range resistance=594.80 (+0.69%), closed back below at 584.55 (close pos=0.34), elevated volume 1.54x avg (threshold >= 1.5x), spread 1.16x ATR",854.74,49.8,24,True,[DISQUALIFIED] Score: 15.0/100.0 | DISQUALIFIED: Most recent event is UTAD (Upthrust After Distribution / potential distribution phase).,https://www.tradingview.com/chart/?symbol=NSE%3ATANLA&interval=D,https://www.tradingview.com/chart/?symbol=NSE%3ATANLA&interval=W,https://www.tradingview.com/chart/?symbol=NSE%3ATANLA&interval=75,pending,data/research_datasets/20260824,2026-08-24 10:05:13 UTC
SUYOG,SUYOG.NS,Suyog Telematics Limited,2026-08-21,500,DISQUALIFIED,True,False,15.0,True,Most recent event is UTAD (Upthrust After Distribution / potential distribution phase).,False,False,False,False,False,True,748.8,29.8,837.55,800.04,,,1.14,0.206,,1.03,1.1,0.53,False,False,False,False,UTAD,2026-07-07,False,False,False,True,74,"Bar vol_ratio=1.96x, spread_ratio=1.25x, close_pos=0.60. Candidate UTAD: intrabar high=921.15 exceeded range resistance=910.80 (+1.14%), closed back below at 901.40 (close pos=0.60), elevated volume 1.96x avg (threshold >= 1.5x), spread 1.25x ATR",850.2,13.5,10,True,[DISQUALIFIED] Score: 15.0/100.0 | DISQUALIFIED: Most recent event is UTAD (Upthrust After Distribution / potential distribution phase).,https://www.tradingview.com/chart/?symbol=NSE%3ASUYOG&interval=D,https://www.tradingview.com/chart/?symbol=NSE%3ASUYOG&interval=W,https://www.tradingview.com/chart/?symbol=NSE%3ASUYOG&interval=75,pending,data/research_datasets/20260824,2026-08-24 10:05:13 UTC
SRHHYPOLTD,SRHHYPOLTD.NS,Sree Rayalaseema Hi-Strength Hypo Limited,2026-08-21,900,DISQUALIFIED,True,False,15.0,True,Failed all mechanical trend & momentum filters.,False,False,False,False,False,False,473.15,38.3,490.89,494.36,,,1.17,0.092,,1.25,0.53,0.2,False,False,False,False,LPS,2026-05-26,True,False,False,False,109,"Bar vol_ratio=0.75x, spread_ratio=0.56x, close_pos=0.21. Candidate LPS: higher low=537.15 vs prior ST low=526.85 (+2.0%), holding above range support=382.40, low volume 0.75x avg (threshold < 0.75x), spread 0.56x ATR, close pos=0.21",1529.8,223.3,66,True,[DISQUALIFIED] Score: 15.0/100.0 | DISQUALIFIED: Failed all mechanical trend & momentum filters.,https://www.tradingview.com/chart/?symbol=NSE%3ASRHHYPOLTD&interval=D,https://www.tradingview.com/chart/?symbol=NSE%3ASRHHYPOLTD&interval=W,https://www.tradingview.com/chart/?symbol=NSE%3ASRHHYPOLTD&interval=75,pending,data/research_datasets/20260824,2026-08-24 10:05:13 UTC
SOTL,SOTL.NS,Savita Oil Technologies Limited,2026-08-21,901,DISQUALIFIED,True,False,15.0,True,Most recent event is UTAD (Upthrust After Distribution / potential distribution phase).,True,True,False,False,False,True,677.3,54.2,610.66,510.89,,,1.17,0.287,,0.26,0.57,0.47,False,False,True,False,UTAD,2026-07-06,False,False,False,True,121,"Bar vol_ratio=5.11x, spread_ratio=2.93x, close_pos=0.41. Candidate UTAD: intrabar high=634.51 exceeded range resistance=619.47 (+2.43%), closed back below at 574.70 (close pos=0.41), elevated volume 5.11x avg (threshold >= 1.5x), spread 2.93x ATR",492.07,-27.3,29,True,[DISQUALIFIED] Score: 15.0/100.0 | DISQUALIFIED: Most recent event is UTAD (Upthrust After Distribution / potential distribution phase).,https://www.tradingview.com/chart/?symbol=NSE%3ASOTL&interval=D,https://www.tradingview.com/chart/?symbol=NSE%3ASOTL&interval=W,https://www.tradingview.com/chart/?symbol=NSE%3ASOTL&interval=75,pending,data/research_datasets/20260824,2026-08-24 10:05:13 UTC
SOBHA,SOBHA.NS,Sobha Limited,2026-08-21,900,DISQUALIFIED,True,False,15.0,True,Most recent event is UTAD (Upthrust After Distribution / potential distribution phase).,False,False,False,True,True,True,1294.6,35.9,1393.76,1377.45,,,0.82,0.078,,0.5,0.81,0.25,False,False,False,False,SC,2026-07-21,False,False,False,False,93,"Bar vol_ratio=8.25x, spread_ratio=2.52x, close_pos=0.09. Candidate SC: volume 8.25x 20-period avg (threshold >= 2.0x), spread 2.52x 20-period ATR (threshold >= 1.5x), down-close (Open=1540.30, Close=1456.30, close pos=0.09), Prior peak=1550.30, bar low=1446.10, decline=6.7% over prior 10 bars (threshold >= 3.0%)",1996.71,54.2,47,True,[DISQUALIFIED] Score: 15.0/100.0 | DISQUALIFIED: Most recent event is UTAD (Upthrust After Distribution / potential distribution phase).,https://www.tradingview.com/chart/?symbol=NSE%3ASOBHA&interval=D,https://www.tradingview.com/chart/?symbol=NSE%3ASOBHA&interval=W,https://www.tradingview.com/chart/?symbol=NSE%3ASOBHA&interval=75,pending,data/research_datasets/20260824,2026-08-24 10:05:13 UTC
SHILCTECH,SHILCTECH.NS,Shilchar Technologies Limited,2026-08-21,188,DISQUALIFIED,True,False,15.0,True,Failed all mechanical trend & momentum filters.,False,False,False,False,False,True,3883.1,36.8,4363.09,4371.76,,,1.03,0.307,,0.6,0.53,0.35,False,True,False,False,LPS,2026-02-05,True,False,False,False,21,"Bar vol_ratio=0.43x, spread_ratio=0.68x, close_pos=0.11. Candidate LPS: higher low=3899.12 vs prior Spring low=3639.84 (+7.1%), holding above range support=2844.56, low volume 0.43x avg (threshold < 0.75x), spread 0.68x ATR, close pos=0.11",7638.37,96.7,31,True,[DISQUALIFIED] Score: 15.0/100.0 | DISQUALIFIED: Failed all mechanical trend & momentum filters.,https://www.tradingview.com/chart/?symbol=NSE%3ASHILCTECH&interval=D,https://www.tradingview.com/chart/?symbol=NSE%3ASHILCTECH&interval=W,https://www.tradingview.com/chart/?symbol=NSE%3ASHILCTECH&interval=75,pending,data/research_datasets/20260824,2026-08-24 10:05:13 UTC
SGMART,SGMART.NS,SG Mart Limited,2026-08-21,235,DISQUALIFIED,True,False,15.0,True,Most recent event is UTAD (Upthrust After Distribution / potential distribution phase).,True,True,False,False,False,True,820.35,79.0,667.46,618.66,,,1.03,0.213,,0.36,1.2,0.95,False,False,False,False,UTAD,2026-08-20,False,False,False,True,38,"Bar vol_ratio=1.93x, spread_ratio=1.51x, close_pos=0.55. Candidate UTAD: intrabar high=824.00 exceeded range resistance=819.65 (+0.53%), closed back below at 805.20 (close pos=0.55), elevated volume 1.93x avg (threshold >= 1.5x), spread 1.51x ATR",826.4,0.7,14,True,[DISQUALIFIED] Score: 15.0/100.0 | DISQUALIFIED: Most recent event is UTAD (Upthrust After Distribution / potential distribution phase).,https://www.tradingview.com/chart/?symbol=NSE%3ASGMART&interval=D,https://www.tradingview.com/chart/?symbol=NSE%3ASGMART&interval=W,https://www.tradingview.com/chart/?symbol=NSE%3ASGMART&interval=75,pending,data/research_datasets/20260824,2026-08-24 10:05:13 UTC
SESHAPAPER,SESHAPAPER.NS,Seshasayee Paper and Boards Limited,2026-08-21,900,DISQUALIFIED,True,False,15.0,True,Most recent event is UTAD (Upthrust After Distribution / potential distribution phase).,False,False,False,True,True,True,228.84,48.9,227.09,237.49,,,0.82,0.07,,0.09,0.85,0.22,False,False,False,False,UTAD,2026-07-27,False,False,False,True,144,"Bar vol_ratio=14.58x, spread_ratio=3.20x, close_pos=0.13. Candidate UTAD: intrabar high=264.00 exceeded range resistance=239.80 (+10.09%), closed back below at 237.29 (close pos=0.13), elevated volume 14.58x avg (threshold >= 1.5x), spread 3.20x ATR",530.73,131.9,50,True,[DISQUALIFIED] Score: 15.0/100.0 | DISQUALIFIED: Most recent event is UTAD (Upthrust After Distribution / potential distribution phase).,https://www.tradingview.com/chart/?symbol=NSE%3ASESHAPAPER&interval=D,https://www.tradingview.com/chart/?symbol=NSE%3ASESHAPAPER&interval=W,https://www.tradingview.com/chart/?symbol=NSE%3ASESHAPAPER&interval=75,pending,data/research_datasets/20260824,2026-08-24 10:05:13 UTC
SAMHI,SAMHI.NS,Samhi Hotels Limited,2026-08-21,722,DISQUALIFIED,True,False,15.0,True,Most recent event is UTAD (Upthrust After Distribution / potential distribution phase).,False,False,False,True,False,True,159.56,37.4,172.1,165.08,,,0.84,0.201,,0.5,0.45,0.46,False,False,True,False,UTAD,2026-06-25,False,False,False,True,94,"Bar vol_ratio=1.84x, spread_ratio=1.66x, close_pos=0.16. Candidate UTAD: intrabar high=188.23 exceeded range resistance=187.00 (+0.66%), closed back below at 179.85 (close pos=0.16), elevated volume 1.84x avg (threshold >= 1.5x), spread 1.66x ATR",262.36,64.4,36,True,[DISQUALIFIED] Score: 15.0/100.0 | DISQUALIFIED: Most recent event is UTAD (Upthrust After Distribution / potential distribution phase).,https://www.tradingview.com/chart/?symbol=NSE%3ASAMHI&interval=D,https://www.tradingview.com/chart/?symbol=NSE%3ASAMHI&interval=W,https://www.tradingview.com/chart/?symbol=NSE%3ASAMHI&interval=75,pending,data/research_datasets/20260824,2026-08-24 10:05:13 UTC
SAKSOFT,SAKSOFT.NS,Saksoft Limited,2026-08-21,901,DISQUALIFIED,True,False,15.0,True,Most recent event is UTAD (Upthrust After Distribution / potential distribution phase).,False,False,False,True,True,True,163.52,45.4,166.88,153.73,,,0.61,0.118,,0.25,0.44,0.18,False,False,True,False,SC,2026-07-01,False,False,False,False,100,"Bar vol_ratio=4.33x, spread_ratio=3.47x, close_pos=0.29. Candidate SC: volume 4.33x 20-period avg (threshold >= 2.0x), spread 3.47x 20-period ATR (threshold >= 1.5x), down-close (Open=210.15, Close=194.34, close pos=0.29), Prior peak=211.77, bar low=185.43, decline=12.4% over prior 10 bars (threshold >= 3.0%)",391.45,139.4,52,True,[DISQUALIFIED] Score: 15.0/100.0 | DISQUALIFIED: Most recent event is UTAD (Upthrust After Distribution / potential distribution phase).,https://www.tradingview.com/chart/?symbol=NSE%3ASAKSOFT&interval=D,https://www.tradingview.com/chart/?symbol=NSE%3ASAKSOFT&interval=W,https://www.tradingview.com/chart/?symbol=NSE%3ASAKSOFT&interval=75,pending,data/research_datasets/20260824,2026-08-24 10:05:13 UTC
SAKAR,SAKAR.NS,Sakar Healthcare Limited,2026-08-21,901,DISQUALIFIED,True,True,15.0,True,Most recent event is UTAD (Upthrust After Distribution / potential distribution phase).,True,True,False,False,True,True,912.6,54.8,859.65,768.67,,,1.02,0.145,,0.67,1.04,0.68,False,False,False,False,UTAD,2026-08-11,False,False,False,True,124,"Bar vol_ratio=1.90x, spread_ratio=1.40x, close_pos=0.62. Candidate UTAD: intrabar high=980.00 exceeded range resistance=964.00 (+1.66%), closed back below at 953.75 (close pos=0.62), elevated volume 1.90x avg (threshold >= 1.5x), spread 1.40x ATR",681.25,-25.4,11,True,[DISQUALIFIED] Score: 15.0/100.0 | DISQUALIFIED: Most recent event is UTAD (Upthrust After Distribution / potential distribution phase).,https://www.tradingview.com/chart/?symbol=NSE%3ASAKAR&interval=D,https://www.tradingview.com/chart/?symbol=NSE%3ASAKAR&interval=W,https://www.tradingview.com/chart/?symbol=NSE%3ASAKAR&interval=75,pending,data/research_datasets/20260824,2026-08-24 10:05:13 UTC
RVTH,RVTH.NS,Revathi Equipment India Limited,2026-08-21,484,DISQUALIFIED,True,False,15.0,True,Most recent event is UTAD (Upthrust After Distribution / potential distribution phase).,False,True,False,True,True,False,733.9,53.1,721.28,692.97,,,0.95,0.077,,0.64,1.45,0.08,False,False,False,False,UTAD,2026-08-17,False,False,False,True,95,"Bar vol_ratio=2.45x, spread_ratio=2.18x, close_pos=0.54. Candidate UTAD: intrabar high=780.00 exceeded range resistance=778.90 (+0.14%), closed back below at 747.70 (close pos=0.54), elevated volume 2.45x avg (threshold >= 1.5x), spread 2.18x ATR",970.75,32.3,3,True,[DISQUALIFIED] Score: 15.0/100.0 | DISQUALIFIED: Most recent event is UTAD (Upthrust After Distribution / potential distribution phase).,https://www.tradingview.com/chart/?symbol=NSE%3ARVTH&interval=D,https://www.tradingview.com/chart/?symbol=NSE%3ARVTH&interval=W,https://www.tradingview.com/chart/?symbol=NSE%3ARVTH&interval=75,pending,data/research_datasets/20260824,2026-08-24 10:05:13 UTC
RSL,RSL.NS,Rajputana Stainless Limited,2026-08-21,108,DISQUALIFIED,True,False,15.0,True,Most recent event is UTAD (Upthrust After Distribution / potential distribution phase).,False,True,False,False,False,True,164.85,79.6,139.17,134.94,,,1.48,0.279,,0.62,0.82,0.58,False,False,False,False,UTAD,2026-08-12,False,False,False,True,10,"Bar vol_ratio=1.98x, spread_ratio=1.08x, close_pos=0.50. Candidate UTAD: intrabar high=159.00 exceeded range resistance=157.50 (+0.95%), closed back below at 155.92 (close pos=0.50), elevated volume 1.98x avg (threshold >= 1.5x), spread 1.08x ATR",204.7,24.2,25,True,[DISQUALIFIED] Score: 15.0/100.0 | DISQUALIFIED: Most recent event is UTAD (Upthrust After Distribution / potential distribution phase).,https://www.tradingview.com/chart/?symbol=NSE%3ARSL&interval=D,https://www.tradingview.com/chart/?symbol=NSE%3ARSL&interval=W,https://www.tradingview.com/chart/?symbol=NSE%3ARSL&interval=75,pending,data/research_datasets/20260824,2026-08-24 10:05:13 UTC
RITES,RITES.NS,RITES Limited,2026-08-21,901,DISQUALIFIED,True,True,15.0,True,Most recent event is UTAD (Upthrust After Distribution / potential distribution phase).,False,True,False,True,False,True,218.08,47.5,217.78,213.56,,,0.94,0.108,,0.38,0.54,0.32,False,False,True,False,UTAD,2026-07-07,False,False,False,True,107,"Bar vol_ratio=9.44x, spread_ratio=2.27x, close_pos=0.50. Candidate UTAD: intrabar high=243.13 exceeded range resistance=239.86 (+1.36%), closed back below at 234.02 (close pos=0.50), elevated volume 9.44x avg (threshold >= 1.5x), spread 2.27x ATR",420.06,92.6,36,True,[DISQUALIFIED] Score: 15.0/100.0 | DISQUALIFIED: Most recent event is UTAD (Upthrust After Distribution / potential distribution phase).,https://www.tradingview.com/chart/?symbol=NSE%3ARITES&interval=D,https://www.tradingview.com/chart/?symbol=NSE%3ARITES&interval=W,https://www.tradingview.com/chart/?symbol=NSE%3ARITES&interval=75,pending,data/research_datasets/20260824,2026-08-24 10:05:13 UTC
RITCO,RITCO.NS,Ritco Logistics Limited,2026-08-21,899,DISQUALIFIED,True,True,15.0,True,Most recent event is UTAD (Upthrust After Distribution / potential distribution phase).,False,True,True,False,True,True,317.9,64.0,281.49,257.97,,,1.13,0.119,,0.41,1.04,0.33,False,False,False,False,UTAD,2026-08-18,False,False,False,True,106,"Bar vol_ratio=1.81x, spread_ratio=2.12x, close_pos=0.82. Candidate UTAD: intrabar high=318.40 exceeded range resistance=318.00 (+0.13%), closed back below at 313.00 (close pos=0.82), elevated volume 1.81x avg (threshold >= 1.5x), spread 2.12x ATR",262.41,-17.5,11,True,[DISQUALIFIED] Score: 15.0/100.0 | DISQUALIFIED: Most recent event is UTAD (Upthrust After Distribution / potential distribution phase).,https://www.tradingview.com/chart/?symbol=NSE%3ARITCO&interval=D,https://www.tradingview.com/chart/?symbol=NSE%3ARITCO&interval=W,https://www.tradingview.com/chart/?symbol=NSE%3ARITCO&interval=75,pending,data/research_datasets/20260824,2026-08-24 10:05:13 UTC
REGAAL,REGAAL.NS,Regaal Resources Limited,2026-08-21,251,DISQUALIFIED,True,True,15.0,True,Most recent event is UTAD (Upthrust After Distribution / potential distribution phase).,True,False,True,False,False,True,95.96,65.4,82.76,82.77,,,1.41,0.268,,0.87,0.72,0.22,False,False,False,False,UTAD,2026-08-19,False,False,False,True,33,"Bar vol_ratio=3.11x, spread_ratio=1.29x, close_pos=0.11. Candidate UTAD: intrabar high=103.00 exceeded range resistance=101.50 (+1.48%), closed back below at 97.65 (close pos=0.11), elevated volume 3.11x avg (threshold >= 1.5x), spread 1.29x ATR",72.04,-24.9,4,True,[DISQUALIFIED] Score: 15.0/100.0 | DISQUALIFIED: Most recent event is UTAD (Upthrust After Distribution / potential distribution phase).,https://www.tradingview.com/chart/?symbol=NSE%3AREGAAL&interval=D,https://www.tradingview.com/chart/?symbol=NSE%3AREGAAL&interval=W,https://www.tradingview.com/chart/?symbol=NSE%3AREGAAL&interval=75,pending,data/research_datasets/20260824,2026-08-24 10:05:13 UTC
RAMCOSYS,RAMCOSYS.NS,Ramco Systems Limited,2026-08-21,901,DISQUALIFIED,True,False,15.0,True,Most recent event is UTAD (Upthrust After Distribution / potential distribution phase).,False,False,False,True,True,True,543.65,33.7,687.25,562.51,,,0.61,0.227,,0.32,0.56,0.36,False,False,True,False,UTAD,2026-06-30,False,False,False,True,107,"Bar vol_ratio=2.78x, spread_ratio=1.67x, close_pos=0.57. Candidate UTAD: intrabar high=868.70 exceeded range resistance=836.90 (+3.80%), closed back below at 836.05 (close pos=0.57), elevated volume 2.78x avg (threshold >= 1.5x), spread 1.67x ATR",766.25,40.9,33,True,[DISQUALIFIED] Score: 15.0/100.0 | DISQUALIFIED: Most recent event is UTAD (Upthrust After Distribution / potential distribution phase).,https://www.tradingview.com/chart/?symbol=NSE%3ARAMCOSYS&interval=D,https://www.tradingview.com/chart/?symbol=NSE%3ARAMCOSYS&interval=W,https://www.tradingview.com/chart/?symbol=NSE%3ARAMCOSYS&interval=75,pending,data/research_datasets/20260824,2026-08-24 10:05:13 UTC
RADHIKAJWE,RADHIKAJWE.NS,Radhika Jeweltech Limited,2026-08-21,899,DISQUALIFIED,True,True,15.0,True,Most recent event is UTAD (Upthrust After Distribution / potential distribution phase).,False,True,False,True,True,True,67.56,51.7,63.33,62.14,,,0.97,0.115,,0.45,1.18,0.46,False,False,False,False,UTAD,2026-08-11,False,False,False,True,125,"Bar vol_ratio=8.40x, spread_ratio=2.08x, close_pos=0.46. Candidate UTAD: intrabar high=75.50 exceeded range resistance=73.90 (+2.17%), closed back below at 71.54 (close pos=0.46), elevated volume 8.40x avg (threshold >= 1.5x), spread 2.08x ATR",120.15,77.8,35,True,[DISQUALIFIED] Score: 15.0/100.0 | DISQUALIFIED: Most recent event is UTAD (Upthrust After Distribution / potential distribution phase).,https://www.tradingview.com/chart/?symbol=NSE%3ARADHIKAJWE&interval=D,https://www.tradingview.com/chart/?symbol=NSE%3ARADHIKAJWE&interval=W,https://www.tradingview.com/chart/?symbol=NSE%3ARADHIKAJWE&interval=75,pending,data/research_datasets/20260824,2026-08-24 10:05:13 UTC
PPLPHARMA,PPLPHARMA.NS,Piramal Pharma Limited,2026-08-21,901,DISQUALIFIED,True,True,15.0,True,Most recent event is UTAD (Upthrust After Distribution / potential distribution phase).,False,True,True,False,True,True,213.67,65.3,185.06,174.59,,,1.06,0.146,,0.62,0.92,0.1,False,False,False,False,UTAD,2026-07-30,False,False,False,True,108,"Bar vol_ratio=2.45x, spread_ratio=1.22x, close_pos=0.43. Candidate UTAD: intrabar high=202.26 exceeded range resistance=201.00 (+0.63%), closed back below at 196.72 (close pos=0.43), elevated volume 2.45x avg (threshold >= 1.5x), spread 1.22x ATR",354.82,66.1,51,True,[DISQUALIFIED] Score: 15.0/100.0 | DISQUALIFIED: Most recent event is UTAD (Upthrust After Distribution / potential distribution phase).,https://www.tradingview.com/chart/?symbol=NSE%3APPLPHARMA&interval=D,https://www.tradingview.com/chart/?symbol=NSE%3APPLPHARMA&interval=W,https://www.tradingview.com/chart/?symbol=NSE%3APPLPHARMA&interval=75,pending,data/research_datasets/20260824,2026-08-24 10:05:13 UTC
PILITA,PILITA.NS,PIL ITALICA LIFESTYLE LIMITED,2026-08-21,899,DISQUALIFIED,True,False,15.0,True,Most recent event is UTAD (Upthrust After Distribution / potential distribution phase).,False,False,False,True,False,False,8.11,38.7,8.63,8.3,,,0.99,0.108,,0.42,0.67,0.39,False,False,False,False,UTAD,2026-05-07,False,False,False,True,113,"Bar vol_ratio=2.26x, spread_ratio=2.38x, close_pos=0.55. Candidate UTAD: intrabar high=9.41 exceeded range resistance=8.97 (+4.91%), closed back below at 8.90 (close pos=0.55), elevated volume 2.26x avg (threshold >= 1.5x), spread 2.38x ATR",27.11,234.3,24,True,[DISQUALIFIED] Score: 15.0/100.0 | DISQUALIFIED: Most recent event is UTAD (Upthrust After Distribution / potential distribution phase).,https://www.tradingview.com/chart/?symbol=NSE%3APILITA&interval=D,https://www.tradingview.com/chart/?symbol=NSE%3APILITA&interval=W,https://www.tradingview.com/chart/?symbol=NSE%3APILITA&interval=75,pending,data/research_datasets/20260824,2026-08-24 10:05:13 UTC
PGEL,PGEL.NS,PG Electroplast Limited,2026-08-21,901,DISQUALIFIED,True,True,15.0,True,Most recent event is UTAD (Upthrust After Distribution / potential distribution phase).,False,True,False,True,True,True,600.55,50.5,584.82,543.2,,,0.99,0.077,,0.49,0.5,0.05,False,False,True,False,UTAD,2026-08-07,False,False,False,True,100,"Bar vol_ratio=4.24x, spread_ratio=1.79x, close_pos=0.68. Candidate UTAD: intrabar high=643.95 exceeded range resistance=632.50 (+1.81%), closed back below at 630.65 (close pos=0.68), elevated volume 4.24x avg (threshold >= 1.5x), spread 1.79x ATR",708.4,18.0,49,True,[DISQUALIFIED] Score: 15.0/100.0 | DISQUALIFIED: Most recent event is UTAD (Upthrust After Distribution / potential distribution phase).,https://www.tradingview.com/chart/?symbol=NSE%3APGEL&interval=D,https://www.tradingview.com/chart/?symbol=NSE%3APGEL&interval=W,https://www.tradingview.com/chart/?symbol=NSE%3APGEL&interval=75,pending,data/research_datasets/20260824,2026-08-24 10:05:13 UTC
PATELENG,PATELENG.NS,Patel Engineering Limited,2026-08-21,901,DISQUALIFIED,True,False,15.0,True,Most recent event is UTAD (Upthrust After Distribution / potential distribution phase).,False,False,False,True,True,True,28.17,44.0,30.29,28.74,,,0.68,0.106,,0.44,0.55,0.31,False,True,False,False,UTAD,2026-06-23,False,False,False,True,110,"Bar vol_ratio=2.23x, spread_ratio=1.22x, close_pos=0.08. Candidate UTAD: intrabar high=33.43 exceeded range resistance=32.40 (+3.18%), closed back below at 32.12 (close pos=0.08), elevated volume 2.23x avg (threshold >= 1.5x), spread 1.22x ATR",42.22,49.9,12,True,[DISQUALIFIED] Score: 15.0/100.0 | DISQUALIFIED: Most recent event is UTAD (Upthrust After Distribution / potential distribution phase).,https://www.tradingview.com/chart/?symbol=NSE%3APATELENG&interval=D,https://www.tradingview.com/chart/?symbol=NSE%3APATELENG&interval=W,https://www.tradingview.com/chart/?symbol=NSE%3APATELENG&interval=75,pending,data/research_datasets/20260824,2026-08-24 10:05:13 UTC
PARAS,PARAS.NS,Paras Defence and Space Technologies Limited,2026-08-21,901,DISQUALIFIED,True,False,15.0,True,Most recent event is UTAD (Upthrust After Distribution / potential distribution phase).,True,True,False,False,False,True,1499.6,72.2,1281.1,1047.72,,,1.03,0.31,,1.59,1.64,0.17,False,False,False,False,ST,2026-08-21,False,False,False,False,130,"Bar vol_ratio=1.59x, spread_ratio=1.64x, close_pos=0.17. Candidate ST: retest of SC low area (SC low=1467.90, bar low=1482.20, diff=1.0%), volume 1.59x avg strictly lower than SC volume 2.32x, spread 1.64x ATR, close pos=0.17",1175.34,-21.6,21,True,[DISQUALIFIED] Score: 15.0/100.0 | DISQUALIFIED: Most recent event is UTAD (Upthrust After Distribution / potential distribution phase).,https://www.tradingview.com/chart/?symbol=NSE%3APARAS&interval=D,https://www.tradingview.com/chart/?symbol=NSE%3APARAS&interval=W,https://www.tradingview.com/chart/?symbol=NSE%3APARAS&interval=75,pending,data/research_datasets/20260824,2026-08-24 10:05:13 UTC
ORISSAMINE,ORISSAMINE.NS,The Orissa Minerals Development Company Limited,2026-08-21,901,DISQUALIFIED,True,True,15.0,True,Most recent event is UTAD (Upthrust After Distribution / potential distribution phase).,False,True,True,False,False,True,4617.5,60.4,4103.58,4071.47,,,1.47,0.331,,0.24,0.92,0.21,False,False,False,False,SC,2026-08-06,False,False,False,False,112,"Bar vol_ratio=2.17x, spread_ratio=2.45x, close_pos=0.23. Candidate SC: volume 2.17x 20-period avg (threshold >= 2.0x), spread 2.45x 20-period ATR (threshold >= 1.5x), down-close (Open=4480.00, Close=4320.20, close pos=0.23), Prior peak=4500.00, bar low=4231.60, decline=6.0% over prior 10 bars (threshold >= 3.0%)",8284.5,79.4,54,True,[DISQUALIFIED] Score: 15.0/100.0 | DISQUALIFIED: Most recent event is UTAD (Upthrust After Distribution / potential distribution phase).,https://www.tradingview.com/chart/?symbol=NSE%3AORISSAMINE&interval=D,https://www.tradingview.com/chart/?symbol=NSE%3AORISSAMINE&interval=W,https://www.tradingview.com/chart/?symbol=NSE%3AORISSAMINE&interval=75,pending,data/research_datasets/20260824,2026-08-24 10:05:13 UTC
ORIENTPPR,ORIENTPPR.NS,Orient Paper & Industries Limited,2026-08-21,900,DISQUALIFIED,True,False,15.0,True,Failed all mechanical trend & momentum filters.,False,False,False,False,False,False,17.13,45.4,17.38,17.68,,,1.07,0.172,,1.27,1.01,0.32,False,False,False,False,LPS,2026-04-06,True,False,False,False,109,"Bar vol_ratio=0.58x, spread_ratio=1.22x, close_pos=0.91. Candidate LPS: higher low=15.98 vs prior Spring low=15.50 (+3.1%), holding above range support=13.25, low volume 0.58x avg (threshold < 0.75x), spread 1.22x ATR, close pos=0.91",33.2,93.8,9,True,[DISQUALIFIED] Score: 15.0/100.0 | DISQUALIFIED: Failed all mechanical trend & momentum filters.,https://www.tradingview.com/chart/?symbol=NSE%3AORIENTPPR&interval=D,https://www.tradingview.com/chart/?symbol=NSE%3AORIENTPPR&interval=W,https://www.tradingview.com/chart/?symbol=NSE%3AORIENTPPR&interval=75,pending,data/research_datasets/20260824,2026-08-24 10:05:13 UTC
ORCHPHARMA,ORCHPHARMA.NS,Orchid Pharma Limited,2026-08-21,901,DISQUALIFIED,True,False,15.0,True,Most recent event is UTAD (Upthrust After Distribution / potential distribution phase).,False,False,False,True,True,True,1002.05,49.8,1002.83,840.47,,,0.95,0.127,,1.38,1.21,0.54,False,False,False,False,UTAD,2026-08-11,False,False,False,True,106,"Bar vol_ratio=2.06x, spread_ratio=1.46x, close_pos=0.14. Candidate UTAD: intrabar high=1133.00 exceeded range resistance=1119.80 (+1.18%), closed back below at 1078.55 (close pos=0.14), elevated volume 2.06x avg (threshold >= 1.5x), spread 1.46x ATR",957.75,-4.4,28,True,[DISQUALIFIED] Score: 15.0/100.0 | DISQUALIFIED: Most recent event is UTAD (Upthrust After Distribution / potential distribution phase).,https://www.tradingview.com/chart/?symbol=NSE%3AORCHPHARMA&interval=D,https://www.tradingview.com/chart/?symbol=NSE%3AORCHPHARMA&interval=W,https://www.tradingview.com/chart/?symbol=NSE%3AORCHPHARMA&interval=75,pending,data/research_datasets/20260824,2026-08-24 10:05:13 UTC
ONWARDTEC,ONWARDTEC.NS,Onward Technologies Limited,2026-08-21,899,DISQUALIFIED,True,True,15.0,True,Most recent event is UTAD (Upthrust After Distribution / potential distribution phase).,False,True,False,True,True,True,285.5,50.3,280.01,263.54,,,0.71,0.071,,0.45,0.9,0.12,False,False,False,False,UTAD,2026-07-16,False,False,False,True,119,"Bar vol_ratio=5.79x, spread_ratio=2.30x, close_pos=0.35. Candidate UTAD: intrabar high=308.85 exceeded range resistance=302.39 (+2.14%), closed back below at 288.20 (close pos=0.35), elevated volume 5.79x avg (threshold >= 1.5x), spread 2.30x ATR",573.57,100.9,51,True,[DISQUALIFIED] Score: 15.0/100.0 | DISQUALIFIED: Most recent event is UTAD (Upthrust After Distribution / potential distribution phase).,https://www.tradingview.com/chart/?symbol=NSE%3AONWARDTEC&interval=D,https://www.tradingview.com/chart/?symbol=NSE%3AONWARDTEC&interval=W,https://www.tradingview.com/chart/?symbol=NSE%3AONWARDTEC&interval=75,pending,data/research_datasets/20260824,2026-08-24 10:05:13 UTC
NSIL,NSIL.NS,Nalwa Sons Investments Limited,2026-08-21,900,DISQUALIFIED,True,False,15.0,True,Failed all mechanical trend & momentum filters.,False,False,False,False,False,True,5587.0,52.5,5532.44,5579.82,,,1.03,0.06,,1.1,0.77,0.47,False,False,False,False,LPS,2026-04-09,True,False,False,False,116,"Bar vol_ratio=0.70x, spread_ratio=0.79x, close_pos=0.15. Candidate LPS: higher low=5458.00 vs prior Spring low=5350.00 (+2.0%), holding above range support=4700.00, low volume 0.70x avg (threshold < 0.75x), spread 0.79x ATR, close pos=0.15",6250.5,11.9,17,True,[DISQUALIFIED] Score: 15.0/100.0 | DISQUALIFIED: Failed all mechanical trend & momentum filters.,https://www.tradingview.com/chart/?symbol=NSE%3ANSIL&interval=D,https://www.tradingview.com/chart/?symbol=NSE%3ANSIL&interval=W,https://www.tradingview.com/chart/?symbol=NSE%3ANSIL&interval=75,pending,data/research_datasets/20260824,2026-08-24 10:05:13 UTC
NIITLTD,NIITLTD.NS,NIIT Limited,2026-08-21,901,DISQUALIFIED,True,False,15.0,True,Most recent event is UTAD (Upthrust After Distribution / potential distribution phase).,False,False,False,True,True,True,93.62,48.2,96.77,84.2,,,0.65,0.067,,0.52,0.54,0.76,False,True,False,False,UTAD,2026-06-17,False,False,False,True,137,"Bar vol_ratio=1.51x, spread_ratio=1.46x, close_pos=0.26. Candidate UTAD: intrabar high=108.81 exceeded range resistance=105.96 (+2.69%), closed back below at 102.38 (close pos=0.26), elevated volume 1.51x avg (threshold >= 1.5x), spread 1.46x ATR",95.4,1.9,2,True,[DISQUALIFIED] Score: 15.0/100.0 | DISQUALIFIED: Most recent event is UTAD (Upthrust After Distribution / potential distribution phase).,https://www.tradingview.com/chart/?symbol=NSE%3ANIITLTD&interval=D,https://www.tradingview.com/chart/?symbol=NSE%3ANIITLTD&interval=W,https://www.tradingview.com/chart/?symbol=NSE%3ANIITLTD&interval=75,pending,data/research_datasets/20260824,2026-08-24 10:05:13 UTC
NHPC,NHPC.NS,NHPC Limited,2026-08-21,901,DISQUALIFIED,True,False,15.0,True,Most recent event is UTAD (Upthrust After Distribution / potential distribution phase).,False,False,False,True,False,True,76.15,40.0,78.2,78.45,,,0.88,0.058,,0.85,0.81,0.17,False,False,False,False,UTAD,2026-07-21,False,False,False,True,76,"Bar vol_ratio=3.19x, spread_ratio=1.72x, close_pos=0.12. Candidate UTAD: intrabar high=82.77 exceeded range resistance=82.27 (+0.61%), closed back below at 80.09 (close pos=0.12), elevated volume 3.19x avg (threshold >= 1.5x), spread 1.72x ATR",139.82,83.6,86,True,[DISQUALIFIED] Score: 15.0/100.0 | DISQUALIFIED: Most recent event is UTAD (Upthrust After Distribution / potential distribution phase).,https://www.tradingview.com/chart/?symbol=NSE%3ANHPC&interval=D,https://www.tradingview.com/chart/?symbol=NSE%3ANHPC&interval=W,https://www.tradingview.com/chart/?symbol=NSE%3ANHPC&interval=75,pending,data/research_datasets/20260824,2026-08-24 10:05:13 UTC
NGIL,NGIL.NS,Nakoda Group of Industries Limited,2026-08-24,900,DISQUALIFIED,True,False,15.0,True,Most recent event is UTAD (Upthrust After Distribution / potential distribution phase).,True,False,False,False,False,False,39.25,46.3,39.56,38.26,,,1.08,0.112,,0.21,0.83,0.13,False,False,False,False,UTAD,2026-05-14,False,False,False,True,120,"Bar vol_ratio=2.44x, spread_ratio=1.70x, close_pos=0.86. Candidate UTAD: intrabar high=40.00 exceeded range resistance=39.84 (+0.40%), closed back below at 39.51 (close pos=0.86), elevated volume 2.44x avg (threshold >= 1.5x), spread 1.70x ATR",63.95,62.9,12,True,[DISQUALIFIED] Score: 15.0/100.0 | DISQUALIFIED: Most recent event is UTAD (Upthrust After Distribution / potential distribution phase).,https://www.tradingview.com/chart/?symbol=NSE%3ANGIL&interval=D,https://www.tradingview.com/chart/?symbol=NSE%3ANGIL&interval=W,https://www.tradingview.com/chart/?symbol=NSE%3ANGIL&interval=75,pending,data/research_datasets/20260824,2026-08-24 10:05:13 UTC
MUKKA,MUKKA.NS,Mukka Proteins Limited,2026-08-21,609,DISQUALIFIED,True,True,15.0,True,Most recent event is UTAD (Upthrust After Distribution / potential distribution phase).,False,True,True,False,False,True,26.59,66.1,24.05,23.54,,,1.26,0.282,,0.68,0.82,0.47,False,False,False,False,UTAD,2026-06-16,False,False,False,True,56,"Bar vol_ratio=3.80x, spread_ratio=2.09x, close_pos=0.63. Candidate UTAD: intrabar high=25.87 exceeded range resistance=25.49 (+1.49%), closed back below at 25.19 (close pos=0.63), elevated volume 3.80x avg (threshold >= 1.5x), spread 2.09x ATR",59.42,123.5,20,True,[DISQUALIFIED] Score: 15.0/100.0 | DISQUALIFIED: Most recent event is UTAD (Upthrust After Distribution / potential distribution phase).,https://www.tradingview.com/chart/?symbol=NSE%3AMUKKA&interval=D,https://www.tradingview.com/chart/?symbol=NSE%3AMUKKA&interval=W,https://www.tradingview.com/chart/?symbol=NSE%3AMUKKA&interval=75,pending,data/research_datasets/20260824,2026-08-24 10:05:13 UTC
MOBIKWIK,MOBIKWIK.NS,One Mobikwik Systems Limited,2026-08-21,419,DISQUALIFIED,True,False,15.0,True,Most recent event is UTAD (Upthrust After Distribution / potential distribution phase).,False,False,False,True,True,True,196.81,42.8,204.71,201.8,,,0.84,0.096,,0.26,0.45,0.33,False,True,False,False,SC,2026-07-15,False,False,False,False,68,"Bar vol_ratio=2.19x, spread_ratio=2.19x, close_pos=0.16. Candidate SC: volume 2.19x 20-period avg (threshold >= 2.0x), spread 2.19x 20-period ATR (threshold >= 1.5x), down-close (Open=231.60, Close=224.59, close pos=0.16), Prior peak=232.80, bar low=221.85, decline=4.7% over prior 10 bars (threshold >= 3.0%)",396.31,101.4,13,True,[DISQUALIFIED] Score: 15.0/100.0 | DISQUALIFIED: Most recent event is UTAD (Upthrust After Distribution / potential distribution phase).,https://www.tradingview.com/chart/?symbol=NSE%3AMOBIKWIK&interval=D,https://www.tradingview.com/chart/?symbol=NSE%3AMOBIKWIK&interval=W,https://www.tradingview.com/chart/?symbol=NSE%3AMOBIKWIK&interval=75,pending,data/research_datasets/20260824,2026-08-24 10:05:13 UTC
MIRZAINT,MIRZAINT.NS,Mirza International Limited,2026-08-21,900,DISQUALIFIED,True,False,15.0,True,Most recent event is UTAD (Upthrust After Distribution / potential distribution phase).,False,False,False,True,True,False,31.3,33.0,34.4,32.9,,,0.56,0.161,,0.63,0.54,0.44,False,True,False,False,UTAD,2026-07-06,False,False,False,True,106,"Bar vol_ratio=2.60x, spread_ratio=2.13x, close_pos=0.64. Candidate UTAD: intrabar high=37.15 exceeded range resistance=37.00 (+0.41%), closed back below at 36.02 (close pos=0.64), elevated volume 2.60x avg (threshold >= 1.5x), spread 2.13x ATR",60.38,92.9,5,True,[DISQUALIFIED] Score: 15.0/100.0 | DISQUALIFIED: Most recent event is UTAD (Upthrust After Distribution / potential distribution phase).,https://www.tradingview.com/chart/?symbol=NSE%3AMIRZAINT&interval=D,https://www.tradingview.com/chart/?symbol=NSE%3AMIRZAINT&interval=W,https://www.tradingview.com/chart/?symbol=NSE%3AMIRZAINT&interval=75,pending,data/research_datasets/20260824,2026-08-24 10:05:13 UTC
METROGLOBL,METROGLOBL.NS,Metroglobal Limited,2026-08-21,87,DISQUALIFIED,True,False,15.0,True,Most recent event is UTAD (Upthrust After Distribution / potential distribution phase).,False,False,False,False,False,False,140.98,53.9,133.38,,,,1.27,0.223,,0.29,1.16,0.39,False,False,False,False,UTAD,2026-08-17,False,False,False,True,6,"Bar vol_ratio=13.23x, spread_ratio=2.55x, close_pos=0.49. Candidate UTAD: intrabar high=165.00 exceeded range resistance=159.79 (+3.26%), closed back below at 154.74 (close pos=0.49), elevated volume 13.23x avg (threshold >= 1.5x), spread 2.55x ATR",251.0,78.0,40,True,[DISQUALIFIED] Score: 15.0/100.0 | DISQUALIFIED: Most recent event is UTAD (Upthrust After Distribution / potential distribution phase).,https://www.tradingview.com/chart/?symbol=NSE%3AMETROGLOBL&interval=D,https://www.tradingview.com/chart/?symbol=NSE%3AMETROGLOBL&interval=W,https://www.tradingview.com/chart/?symbol=NSE%3AMETROGLOBL&interval=75,pending,data/research_datasets/20260824,2026-08-24 10:05:13 UTC
MEDANTA,MEDANTA.NS,Global Health Limited,2026-08-21,900,DISQUALIFIED,True,True,15.0,True,Most recent event is UTAD (Upthrust After Distribution / potential distribution phase).,True,True,False,False,True,True,1409.7,52.1,1359.17,1260.33,,,1.09,0.058,,0.46,0.32,0.64,False,True,False,False,UTAD,2026-08-07,False,False,False,True,102,"Bar vol_ratio=2.13x, spread_ratio=1.09x, close_pos=0.36. Candidate UTAD: intrabar high=1483.17 exceeded range resistance=1475.28 (+0.54%), closed back below at 1455.08 (close pos=0.36), elevated volume 2.13x avg (threshold >= 1.5x), spread 1.09x ATR",2119.48,50.3,63,True,[DISQUALIFIED] Score: 15.0/100.0 | DISQUALIFIED: Most recent event is UTAD (Upthrust After Distribution / potential distribution phase).,https://www.tradingview.com/chart/?symbol=NSE%3AMEDANTA&interval=D,https://www.tradingview.com/chart/?symbol=NSE%3AMEDANTA&interval=W,https://www.tradingview.com/chart/?symbol=NSE%3AMEDANTA&interval=75,pending,data/research_datasets/20260824,2026-08-24 10:05:13 UTC
MASFIN,MASFIN.NS,MAS Financial Services Limited,2026-08-21,901,DISQUALIFIED,True,False,15.0,True,Most recent event is UTAD (Upthrust After Distribution / potential distribution phase).,False,False,False,True,False,True,302.5,43.2,313.13,314.79,,,0.68,0.102,,0.65,0.61,0.52,False,False,False,False,UTAD,2026-05-04,False,False,False,True,98,"Bar vol_ratio=2.83x, spread_ratio=1.59x, close_pos=0.29. Candidate UTAD: intrabar high=358.85 exceeded range resistance=352.80 (+1.71%), closed back below at 346.95 (close pos=0.29), elevated volume 2.83x avg (threshold >= 1.5x), spread 1.59x ATR",651.78,115.5,55,True,[DISQUALIFIED] Score: 15.0/100.0 | DISQUALIFIED: Most recent event is UTAD (Upthrust After Distribution / potential distribution phase).,https://www.tradingview.com/chart/?symbol=NSE%3AMASFIN&interval=D,https://www.tradingview.com/chart/?symbol=NSE%3AMASFIN&interval=W,https://www.tradingview.com/chart/?symbol=NSE%3AMASFIN&interval=75,pending,data/research_datasets/20260824,2026-08-24 10:05:13 UTC
MANINDS,MANINDS.NS,Man Industries (India) Limited,2026-08-21,901,DISQUALIFIED,True,False,15.0,True,Most recent event is UTAD (Upthrust After Distribution / potential distribution phase).,True,True,False,False,False,True,715.4,80.0,570.7,543.48,,,1.36,0.378,,2.51,1.94,0.64,False,False,False,False,UTAD,2026-08-12,False,False,False,True,96,"Bar vol_ratio=14.78x, spread_ratio=3.12x, close_pos=0.39. Candidate UTAD: intrabar high=638.70 exceeded range resistance=623.70 (+2.41%), closed back below at 598.65 (close pos=0.39), elevated volume 14.78x avg (threshold >= 1.5x), spread 3.12x ATR",613.3,-14.3,14,False,[DISQUALIFIED] Score: 15.0/100.0 | DISQUALIFIED: Most recent event is UTAD (Upthrust After Distribution / potential distribution phase).,https://www.tradingview.com/chart/?symbol=NSE%3AMANINDS&interval=D,https://www.tradingview.com/chart/?symbol=NSE%3AMANINDS&interval=W,https://www.tradingview.com/chart/?symbol=NSE%3AMANINDS&interval=75,pending,data/research_datasets/20260824,2026-08-24 10:05:13 UTC
MAMATA,MAMATA.NS,Mamata Machinery Limited,2026-08-21,413,DISQUALIFIED,True,True,15.0,True,Most recent event is UTAD (Upthrust After Distribution / potential distribution phase).,False,True,True,False,False,True,420.35,57.4,398.63,396.2,,,1.03,0.157,,1.16,1.28,0.85,False,False,False,False,UTAD,2026-08-05,False,False,False,True,33,"Bar vol_ratio=3.46x, spread_ratio=1.23x, close_pos=0.88. Candidate UTAD: intrabar high=427.00 exceeded range resistance=426.95 (+0.01%), closed back below at 425.15 (close pos=0.88), elevated volume 3.46x avg (threshold >= 1.5x), spread 1.23x ATR",507.01,20.6,11,True,[DISQUALIFIED] Score: 15.0/100.0 | DISQUALIFIED: Most recent event is UTAD (Upthrust After Distribution / potential distribution phase).,https://www.tradingview.com/chart/?symbol=NSE%3AMAMATA&interval=D,https://www.tradingview.com/chart/?symbol=NSE%3AMAMATA&interval=W,https://www.tradingview.com/chart/?symbol=NSE%3AMAMATA&interval=75,pending,data/research_datasets/20260824,2026-08-24 10:05:13 UTC
LTFOODS,LTFOODS.NS,LT Foods Limited,2026-08-21,901,DISQUALIFIED,True,True,15.0,True,Most recent event is UTAD (Upthrust After Distribution / potential distribution phase).,True,False,True,False,False,True,427.6,64.6,393.37,399.31,,,1.06,0.174,,0.52,0.86,0.14,False,False,False,False,UTAD,2026-07-31,False,False,False,True,120,"Bar vol_ratio=2.70x, spread_ratio=1.69x, close_pos=0.64. Candidate UTAD: intrabar high=415.80 exceeded range resistance=414.75 (+0.25%), closed back below at 409.37 (close pos=0.64), elevated volume 2.70x avg (threshold >= 1.5x), spread 1.69x ATR",601.67,40.7,71,True,[DISQUALIFIED] Score: 15.0/100.0 | DISQUALIFIED: Most recent event is UTAD (Upthrust After Distribution / potential distribution phase).,https://www.tradingview.com/chart/?symbol=NSE%3ALTFOODS&interval=D,https://www.tradingview.com/chart/?symbol=NSE%3ALTFOODS&interval=W,https://www.tradingview.com/chart/?symbol=NSE%3ALTFOODS&interval=75,pending,data/research_datasets/20260824,2026-08-24 10:05:13 UTC
LIBERTSHOE,LIBERTSHOE.NS,Liberty Shoes Limited,2026-08-21,900,DISQUALIFIED,True,False,15.0,True,Most recent event is UTAD (Upthrust After Distribution / potential distribution phase).,False,False,False,True,False,False,246.75,44.4,259.11,254.48,,,0.77,0.163,,0.6,0.67,0.56,False,False,False,False,UTAD,2026-06-25,False,False,False,True,98,"Bar vol_ratio=10.93x, spread_ratio=3.66x, close_pos=0.42. Candidate UTAD: intrabar high=293.00 exceeded range resistance=272.98 (+7.33%), closed back below at 269.59 (close pos=0.42), elevated volume 10.93x avg (threshold >= 1.5x), spread 3.66x ATR",555.5,125.1,51,True,[DISQUALIFIED] Score: 15.0/100.0 | DISQUALIFIED: Most recent event is UTAD (Upthrust After Distribution / potential distribution phase).,https://www.tradingview.com/chart/?symbol=NSE%3ALIBERTSHOE&interval=D,https://www.tradingview.com/chart/?symbol=NSE%3ALIBERTSHOE&interval=W,https://www.tradingview.com/chart/?symbol=NSE%3ALIBERTSHOE&interval=75,pending,data/research_datasets/20260824,2026-08-24 10:05:13 UTC
LENSKART,LENSKART.NS,Lenskart Solutions Limited,2026-08-21,198,DISQUALIFIED,True,False,15.0,True,Most recent event is UTAD (Upthrust After Distribution / potential distribution phase).,True,True,False,False,False,True,661.4,83.9,553.45,532.14,,,1.16,0.216,,1.32,1.58,0.92,False,False,False,False,UTAD,2026-07-09,False,False,False,True,20,"Bar vol_ratio=2.37x, spread_ratio=2.12x, close_pos=0.49. Candidate UTAD: intrabar high=563.00 exceeded range resistance=549.70 (+2.42%), closed back below at 545.95 (close pos=0.49), elevated volume 2.37x avg (threshold >= 1.5x), spread 2.12x ATR",681.35,3.0,13,True,[DISQUALIFIED] Score: 15.0/100.0 | DISQUALIFIED: Most recent event is UTAD (Upthrust After Distribution / potential distribution phase).,https://www.tradingview.com/chart/?symbol=NSE%3ALENSKART&interval=D,https://www.tradingview.com/chart/?symbol=NSE%3ALENSKART&interval=W,https://www.tradingview.com/chart/?symbol=NSE%3ALENSKART&interval=75,pending,data/research_datasets/20260824,2026-08-24 10:05:13 UTC
KDDL,KDDL.NS,KDDL Limited,2026-08-21,899,DISQUALIFIED,True,False,15.0,True,Most recent event is UTAD (Upthrust After Distribution / potential distribution phase).,True,True,False,False,False,True,4005.4,72.3,3359.32,2941.12,,,1.41,0.359,,4.71,3.07,0.87,False,False,False,False,UTAD,2026-08-05,False,False,False,True,98,"Bar vol_ratio=10.31x, spread_ratio=3.44x, close_pos=0.10. Candidate UTAD: intrabar high=4155.50 exceeded range resistance=3750.80 (+10.79%), closed back below at 3704.40 (close pos=0.10), elevated volume 10.31x avg (threshold >= 1.5x), spread 3.44x ATR",4550.6,13.6,69,True,[DISQUALIFIED] Score: 15.0/100.0 | DISQUALIFIED: Most recent event is UTAD (Upthrust After Distribution / potential distribution phase).,https://www.tradingview.com/chart/?symbol=NSE%3AKDDL&interval=D,https://www.tradingview.com/chart/?symbol=NSE%3AKDDL&interval=W,https://www.tradingview.com/chart/?symbol=NSE%3AKDDL&interval=75,pending,data/research_datasets/20260824,2026-08-24 10:05:13 UTC
JUSTDIAL,JUSTDIAL.NS,Just Dial Limited,2026-08-21,901,DISQUALIFIED,True,True,15.0,True,Most recent event is UTAD (Upthrust After Distribution / potential distribution phase).,False,True,False,True,True,True,674.05,48.4,646.19,590.21,,,0.74,0.143,,0.57,0.78,0.39,False,False,False,False,UTAD,2026-07-15,False,False,False,True,139,"Bar vol_ratio=5.60x, spread_ratio=2.00x, close_pos=0.39. Candidate UTAD: intrabar high=838.30 exceeded range resistance=809.00 (+3.62%), closed back below at 804.05 (close pos=0.39), elevated volume 5.60x avg (threshold >= 1.5x), spread 2.00x ATR",1014.7,50.5,23,True,[DISQUALIFIED] Score: 15.0/100.0 | DISQUALIFIED: Most recent event is UTAD (Upthrust After Distribution / potential distribution phase).,https://www.tradingview.com/chart/?symbol=NSE%3AJUSTDIAL&interval=D,https://www.tradingview.com/chart/?symbol=NSE%3AJUSTDIAL&interval=W,https://www.tradingview.com/chart/?symbol=NSE%3AJUSTDIAL&interval=75,pending,data/research_datasets/20260824,2026-08-24 10:05:13 UTC
JINDALPHOT,JINDALPHOT.NS,Jindal Photo Limited,2026-08-21,899,DISQUALIFIED,True,False,15.0,True,Most recent event is UTAD (Upthrust After Distribution / potential distribution phase).,False,False,False,True,True,False,1044.9,38.7,1098.18,1087.86,,,0.81,0.024,,0.41,0.71,0.2,False,False,False,False,UTAD,2026-06-30,False,False,False,True,99,"Bar vol_ratio=8.61x, spread_ratio=1.08x, close_pos=0.35. Candidate UTAD: intrabar high=1248.00 exceeded range resistance=1214.90 (+2.72%), closed back below at 1210.80 (close pos=0.35), elevated volume 8.61x avg (threshold >= 1.5x), spread 1.08x ATR",1865.6,78.5,27,True,[DISQUALIFIED] Score: 15.0/100.0 | DISQUALIFIED: Most recent event is UTAD (Upthrust After Distribution / potential distribution phase).,https://www.tradingview.com/chart/?symbol=NSE%3AJINDALPHOT&interval=D,https://www.tradingview.com/chart/?symbol=NSE%3AJINDALPHOT&interval=W,https://www.tradingview.com/chart/?symbol=NSE%3AJINDALPHOT&interval=75,pending,data/research_datasets/20260824,2026-08-24 10:05:13 UTC
IOB,IOB.NS,Indian Overseas Bank,2026-08-21,901,DISQUALIFIED,True,False,15.0,True,Most recent event is UTAD (Upthrust After Distribution / potential distribution phase).,False,False,False,True,False,True,33.01,37.8,34.15,34.09,,,0.83,0.051,,1.13,0.85,0.16,False,False,False,False,UTAD,2026-06-17,False,False,False,True,99,"Bar vol_ratio=6.80x, spread_ratio=3.53x, close_pos=0.64. Candidate UTAD: intrabar high=36.53 exceeded range resistance=36.39 (+0.38%), closed back below at 35.58 (close pos=0.64), elevated volume 6.80x avg (threshold >= 1.5x), spread 3.53x ATR",60.29,82.6,32,True,[DISQUALIFIED] Score: 15.0/100.0 | DISQUALIFIED: Most recent event is UTAD (Upthrust After Distribution / potential distribution phase).,https://www.tradingview.com/chart/?symbol=NSE%3AIOB&interval=D,https://www.tradingview.com/chart/?symbol=NSE%3AIOB&interval=W,https://www.tradingview.com/chart/?symbol=NSE%3AIOB&interval=75,pending,data/research_datasets/20260824,2026-08-24 10:05:13 UTC
INTELLECT,INTELLECT.NS,Intellect Design Arena Limited,2026-08-21,901,DISQUALIFIED,True,False,15.0,True,Most recent event is UTAD (Upthrust After Distribution / potential distribution phase).,False,False,False,True,False,True,691.25,39.6,732.91,720.68,,,0.76,0.111,,0.44,0.74,0.78,False,False,False,False,UTAD,2026-05-07,False,False,False,True,131,"Bar vol_ratio=1.55x, spread_ratio=0.96x, close_pos=0.21. Candidate UTAD: intrabar high=796.33 exceeded range resistance=781.77 (+1.86%), closed back below at 774.69 (close pos=0.21), elevated volume 1.55x avg (threshold >= 1.5x), spread 0.96x ATR",1507.47,118.1,38,True,[DISQUALIFIED] Score: 15.0/100.0 | DISQUALIFIED: Most recent event is UTAD (Upthrust After Distribution / potential distribution phase).,https://www.tradingview.com/chart/?symbol=NSE%3AINTELLECT&interval=D,https://www.tradingview.com/chart/?symbol=NSE%3AINTELLECT&interval=W,https://www.tradingview.com/chart/?symbol=NSE%3AINTELLECT&interval=75,pending,data/research_datasets/20260824,2026-08-24 10:05:13 UTC
INDRAMEDCO,INDRAMEDCO.NS,Indraprastha Medical Corporation Limited,2026-08-21,901,DISQUALIFIED,True,False,15.0,True,Failed all mechanical trend & momentum filters.,False,False,False,False,False,True,369.7,46.8,376.83,387.63,,,1.17,0.079,,0.23,0.89,0.08,False,False,False,False,LPS,2026-02-13,True,False,False,False,75,"Bar vol_ratio=0.60x, spread_ratio=0.61x, close_pos=0.24. Candidate LPS: higher low=415.20 vs prior Spring low=400.00 (+3.8%), holding above range support=342.00, low volume 0.60x avg (threshold < 0.75x), spread 0.61x ATR, close pos=0.24",582.9,57.7,12,True,[DISQUALIFIED] Score: 15.0/100.0 | DISQUALIFIED: Failed all mechanical trend & momentum filters.,https://www.tradingview.com/chart/?symbol=NSE%3AINDRAMEDCO&interval=D,https://www.tradingview.com/chart/?symbol=NSE%3AINDRAMEDCO&interval=W,https://www.tradingview.com/chart/?symbol=NSE%3AINDRAMEDCO&interval=75,pending,data/research_datasets/20260824,2026-08-24 10:05:13 UTC
INDOSTAR,INDOSTAR.NS,IndoStar Capital Finance Limited,2026-08-21,901,DISQUALIFIED,True,False,15.0,True,Most recent event is UTAD (Upthrust After Distribution / potential distribution phase).,False,False,False,True,False,True,253.15,52.4,254.49,234.93,,,0.9,0.189,,0.41,0.61,0.29,False,False,False,False,UTAD,2026-07-29,False,False,False,True,116,"Bar vol_ratio=7.79x, spread_ratio=3.08x, close_pos=0.50. Candidate UTAD: intrabar high=292.00 exceeded range resistance=276.60 (+5.57%), closed back below at 274.70 (close pos=0.50), elevated volume 7.79x avg (threshold >= 1.5x), spread 3.08x ATR",405.14,60.0,35,True,[DISQUALIFIED] Score: 15.0/100.0 | DISQUALIFIED: Most recent event is UTAD (Upthrust After Distribution / potential distribution phase).,https://www.tradingview.com/chart/?symbol=NSE%3AINDOSTAR&interval=D,https://www.tradingview.com/chart/?symbol=NSE%3AINDOSTAR&interval=W,https://www.tradingview.com/chart/?symbol=NSE%3AINDOSTAR&interval=75,pending,data/research_datasets/20260824,2026-08-24 10:05:13 UTC
INDOFARM,INDOFARM.NS,Indo Farm Equipment Limited,2026-08-21,405,DISQUALIFIED,True,False,15.0,True,Most recent event is UTAD (Upthrust After Distribution / potential distribution phase).,False,False,False,True,False,True,141.76,40.7,151.39,143.73,,,0.79,0.21,,0.6,0.73,0.77,False,False,False,False,UTAD,2026-07-06,False,False,False,True,47,"Bar vol_ratio=2.44x, spread_ratio=1.53x, close_pos=0.16. Candidate UTAD: intrabar high=177.00 exceeded range resistance=167.00 (+5.99%), closed back below at 166.99 (close pos=0.16), elevated volume 2.44x avg (threshold >= 1.5x), spread 1.53x ATR",343.04,142.0,14,True,[DISQUALIFIED] Score: 15.0/100.0 | DISQUALIFIED: Most recent event is UTAD (Upthrust After Distribution / potential distribution phase).,https://www.tradingview.com/chart/?symbol=NSE%3AINDOFARM&interval=D,https://www.tradingview.com/chart/?symbol=NSE%3AINDOFARM&interval=W,https://www.tradingview.com/chart/?symbol=NSE%3AINDOFARM&interval=75,pending,data/research_datasets/20260824,2026-08-24 10:05:13 UTC
INDIGOPNTS,INDIGOPNTS.NS,Indigo Paints Limited,2026-08-21,901,DISQUALIFIED,True,True,15.0,True,Most recent event is UTAD (Upthrust After Distribution / potential distribution phase).,False,True,True,False,False,True,1151.8,61.2,1073.55,993.05,,,1.09,0.1,,0.61,1.03,0.76,False,False,False,False,UTAD,2026-08-14,False,False,False,True,169,"Bar vol_ratio=14.29x, spread_ratio=2.36x, close_pos=0.16. Candidate UTAD: intrabar high=1220.90 exceeded range resistance=1159.00 (+5.34%), closed back below at 1148.70 (close pos=0.16), elevated volume 14.29x avg (threshold >= 1.5x), spread 2.36x ATR",1943.8,68.8,28,True,[DISQUALIFIED] Score: 15.0/100.0 | DISQUALIFIED: Most recent event is UTAD (Upthrust After Distribution / potential distribution phase).,https://www.tradingview.com/chart/?symbol=NSE%3AINDIGOPNTS&interval=D,https://www.tradingview.com/chart/?symbol=NSE%3AINDIGOPNTS&interval=W,https://www.tradingview.com/chart/?symbol=NSE%3AINDIGOPNTS&interval=75,pending,data/research_datasets/20260824,2026-08-24 10:05:13 UTC
INDIANCARD,INDIANCARD.NS,Indian Card Clothing Company Limited,2026-08-21,899,DISQUALIFIED,True,False,15.0,True,Most recent event is UTAD (Upthrust After Distribution / potential distribution phase).,False,False,False,True,False,False,209.5,39.8,221.52,214.28,,,0.87,0.095,,0.25,1.07,0.03,False,False,False,False,UTAD,2026-05-29,False,False,False,True,123,"Bar vol_ratio=2.13x, spread_ratio=1.15x, close_pos=0.42. Candidate UTAD: intrabar high=235.03 exceeded range resistance=234.90 (+0.06%), closed back below at 228.87 (close pos=0.42), elevated volume 2.13x avg (threshold >= 1.5x), spread 1.15x ATR",207.58,-0.9,6,True,[DISQUALIFIED] Score: 15.0/100.0 | DISQUALIFIED: Most recent event is UTAD (Upthrust After Distribution / potential distribution phase).,https://www.tradingview.com/chart/?symbol=NSE%3AINDIANCARD&interval=D,https://www.tradingview.com/chart/?symbol=NSE%3AINDIANCARD&interval=W,https://www.tradingview.com/chart/?symbol=NSE%3AINDIANCARD&interval=75,pending,data/research_datasets/20260824,2026-08-24 10:05:13 UTC
IKIO,IKIO.NS,IKIO Technologies Limited,2026-08-21,789,DISQUALIFIED,True,False,15.0,True,Most recent event is UTAD (Upthrust After Distribution / potential distribution phase).,False,False,False,True,True,True,191.66,43.1,191.89,171.96,,,0.77,0.108,,1.0,1.15,0.35,False,False,False,False,UTAD,2026-07-17,False,False,False,True,120,"Bar vol_ratio=2.35x, spread_ratio=1.97x, close_pos=0.45. Candidate UTAD: intrabar high=235.00 exceeded range resistance=230.00 (+2.17%), closed back below at 219.37 (close pos=0.45), elevated volume 2.35x avg (threshold >= 1.5x), spread 1.97x ATR",227.06,18.5,5,True,[DISQUALIFIED] Score: 15.0/100.0 | DISQUALIFIED: Most recent event is UTAD (Upthrust After Distribution / potential distribution phase).,https://www.tradingview.com/chart/?symbol=NSE%3AIKIO&interval=D,https://www.tradingview.com/chart/?symbol=NSE%3AIKIO&interval=W,https://www.tradingview.com/chart/?symbol=NSE%3AIKIO&interval=75,pending,data/research_datasets/20260824,2026-08-24 10:05:13 UTC
IFGLEXPOR,IFGLEXPOR.NS,IFGL Refractories Limited,2026-08-21,901,DISQUALIFIED,True,True,15.0,True,Most recent event is UTAD (Upthrust After Distribution / potential distribution phase).,False,True,False,True,True,True,211.77,48.6,206.89,191.52,,,1.0,0.2,,0.97,1.15,0.37,False,False,False,False,UTAD,2026-07-08,False,False,False,True,128,"Bar vol_ratio=1.51x, spread_ratio=2.26x, close_pos=0.19. Candidate UTAD: intrabar high=245.17 exceeded range resistance=240.97 (+1.74%), closed back below at 224.68 (close pos=0.19), elevated volume 1.51x avg (threshold >= 1.5x), spread 2.26x ATR",188.96,-10.8,14,True,[DISQUALIFIED] Score: 15.0/100.0 | DISQUALIFIED: Most recent event is UTAD (Upthrust After Distribution / potential distribution phase).,https://www.tradingview.com/chart/?symbol=NSE%3AIFGLEXPOR&interval=D,https://www.tradingview.com/chart/?symbol=NSE%3AIFGLEXPOR&interval=W,https://www.tradingview.com/chart/?symbol=NSE%3AIFGLEXPOR&interval=75,pending,data/research_datasets/20260824,2026-08-24 10:05:13 UTC
IFBIND,IFBIND.NS,IFB Industries Limited,2026-08-21,901,DISQUALIFIED,True,True,15.0,True,Most recent event is UTAD (Upthrust After Distribution / potential distribution phase).,False,True,True,False,True,True,1393.2,55.5,1332.07,1240.99,,,1.04,0.115,,0.39,0.78,0.26,False,False,False,False,UTAD,2026-08-07,False,False,False,True,101,"Bar vol_ratio=1.68x, spread_ratio=1.82x, close_pos=0.22. Candidate UTAD: intrabar high=1476.10 exceeded range resistance=1473.00 (+0.21%), closed back below at 1404.40 (close pos=0.22), elevated volume 1.68x avg (threshold >= 1.5x), spread 1.82x ATR",1977.2,41.9,25,True,[DISQUALIFIED] Score: 15.0/100.0 | DISQUALIFIED: Most recent event is UTAD (Upthrust After Distribution / potential distribution phase).,https://www.tradingview.com/chart/?symbol=NSE%3AIFBIND&interval=D,https://www.tradingview.com/chart/?symbol=NSE%3AIFBIND&interval=W,https://www.tradingview.com/chart/?symbol=NSE%3AIFBIND&interval=75,pending,data/research_datasets/20260824,2026-08-24 10:05:13 UTC
HONAUT,HONAUT.NS,Honeywell Automation India Limited,2026-08-21,899,DISQUALIFIED,True,False,15.0,True,Most recent event is UTAD (Upthrust After Distribution / potential distribution phase).,False,False,False,True,False,True,36700.0,42.0,38041.86,34858.0,,,0.82,0.105,,0.37,0.58,0.46,False,False,True,False,UTAD,2026-07-29,False,False,False,True,151,"Bar vol_ratio=8.19x, spread_ratio=4.31x, close_pos=0.65. Candidate UTAD: intrabar high=41495.00 exceeded range resistance=40365.87 (+2.80%), closed back below at 40105.00 (close pos=0.65), elevated volume 8.19x avg (threshold >= 1.5x), spread 4.31x ATR",45663.21,24.4,11,True,[DISQUALIFIED] Score: 15.0/100.0 | DISQUALIFIED: Most recent event is UTAD (Upthrust After Distribution / potential distribution phase).,https://www.tradingview.com/chart/?symbol=NSE%3AHONAUT&interval=D,https://www.tradingview.com/chart/?symbol=NSE%3AHONAUT&interval=W,https://www.tradingview.com/chart/?symbol=NSE%3AHONAUT&interval=75,pending,data/research_datasets/20260824,2026-08-24 10:05:13 UTC
HDFCBANK,HDFCBANK.NS,HDFC Bank Limited,2026-08-21,901,DISQUALIFIED,True,False,15.0,True,Most recent event is UTAD (Upthrust After Distribution / potential distribution phase).,False,False,False,True,True,True,726.95,37.8,769.28,764.81,,,0.64,0.053,,0.97,0.7,0.06,False,False,False,False,UTAD,2026-07-07,False,False,False,True,61,"Bar vol_ratio=1.59x, spread_ratio=1.12x, close_pos=0.19. Candidate UTAD: intrabar high=843.00 exceeded range resistance=831.50 (+1.38%), closed back below at 829.30 (close pos=0.19), elevated volume 1.59x avg (threshold >= 1.5x), spread 1.12x ATR",1496.77,105.9,23,True,[DISQUALIFIED] Score: 15.0/100.0 | DISQUALIFIED: Most recent event is UTAD (Upthrust After Distribution / potential distribution phase).,https://www.tradingview.com/chart/?symbol=NSE%3AHDFCBANK&interval=D,https://www.tradingview.com/chart/?symbol=NSE%3AHDFCBANK&interval=W,https://www.tradingview.com/chart/?symbol=NSE%3AHDFCBANK&interval=75,pending,data/research_datasets/20260824,2026-08-24 10:05:13 UTC
HDBFS,HDBFS.NS,HDB Financial Services Limited,2026-08-21,286,DISQUALIFIED,True,False,15.0,True,Most recent event is UTAD (Upthrust After Distribution / potential distribution phase).,False,False,False,True,True,True,695.85,51.3,711.63,683.07,,,0.85,0.045,,1.45,0.61,0.57,False,False,False,False,UTAD,2026-07-16,False,False,False,True,27,"Bar vol_ratio=3.78x, spread_ratio=1.94x, close_pos=0.14. Candidate UTAD: intrabar high=786.55 exceeded range resistance=759.80 (+3.52%), closed back below at 752.25 (close pos=0.14), elevated volume 3.78x avg (threshold >= 1.5x), spread 1.94x ATR",713.47,2.5,3,True,[DISQUALIFIED] Score: 15.0/100.0 | DISQUALIFIED: Most recent event is UTAD (Upthrust After Distribution / potential distribution phase).,https://www.tradingview.com/chart/?symbol=NSE%3AHDBFS&interval=D,https://www.tradingview.com/chart/?symbol=NSE%3AHDBFS&interval=W,https://www.tradingview.com/chart/?symbol=NSE%3AHDBFS&interval=75,pending,data/research_datasets/20260824,2026-08-24 10:05:13 UTC
HATHWAY,HATHWAY.NS,Hathway Cable & Datacom Limited,2026-08-21,901,DISQUALIFIED,True,False,15.0,True,Most recent event is UTAD (Upthrust After Distribution / potential distribution phase).,False,False,False,True,True,True,10.68,46.1,11.06,10.91,,,0.56,0.057,,2.99,2.04,0.5,False,False,False,False,UTAD,2026-06-18,False,False,False,True,103,"Bar vol_ratio=3.02x, spread_ratio=2.01x, close_pos=0.54. Candidate UTAD: intrabar high=11.98 exceeded range resistance=11.91 (+0.59%), closed back below at 11.60 (close pos=0.54), elevated volume 3.02x avg (threshold >= 1.5x), spread 2.01x ATR",13.12,22.8,4,True,[DISQUALIFIED] Score: 15.0/100.0 | DISQUALIFIED: Most recent event is UTAD (Upthrust After Distribution / potential distribution phase).,https://www.tradingview.com/chart/?symbol=NSE%3AHATHWAY&interval=D,https://www.tradingview.com/chart/?symbol=NSE%3AHATHWAY&interval=W,https://www.tradingview.com/chart/?symbol=NSE%3AHATHWAY&interval=75,pending,data/research_datasets/20260824,2026-08-24 10:05:13 UTC
HARIOMPIPE,HARIOMPIPE.NS,Hariom Pipe Industries Limited,2026-08-21,901,DISQUALIFIED,True,False,15.0,True,Most recent event is UTAD (Upthrust After Distribution / potential distribution phase).,False,False,False,True,False,True,348.5,31.8,392.51,366.39,,,0.88,0.231,,0.53,0.55,0.65,False,True,False,False,UTAD,2026-06-15,False,False,False,True,116,"Bar vol_ratio=1.54x, spread_ratio=1.06x, close_pos=0.31. Candidate UTAD: intrabar high=448.90 exceeded range resistance=440.85 (+1.83%), closed back below at 429.05 (close pos=0.31), elevated volume 1.54x avg (threshold >= 1.5x), spread 1.06x ATR",477.75,37.1,11,True,[DISQUALIFIED] Score: 15.0/100.0 | DISQUALIFIED: Most recent event is UTAD (Upthrust After Distribution / potential distribution phase).,https://www.tradingview.com/chart/?symbol=NSE%3AHARIOMPIPE&interval=D,https://www.tradingview.com/chart/?symbol=NSE%3AHARIOMPIPE&interval=W,https://www.tradingview.com/chart/?symbol=NSE%3AHARIOMPIPE&interval=75,pending,data/research_datasets/20260824,2026-08-24 10:05:13 UTC
GUFICBIO,GUFICBIO.NS,Gufic Biosciences Limited,2026-08-21,901,DISQUALIFIED,True,True,15.0,True,Most recent event is UTAD (Upthrust After Distribution / potential distribution phase).,False,True,True,False,False,True,431.5,63.7,391.82,351.13,,,1.06,0.178,,1.99,1.56,0.75,False,False,False,False,UTAD,2026-06-08,False,False,False,True,122,"Bar vol_ratio=3.88x, spread_ratio=1.86x, close_pos=0.29. Candidate UTAD: intrabar high=398.80 exceeded range resistance=378.00 (+5.50%), closed back below at 376.70 (close pos=0.29), elevated volume 3.88x avg (threshold >= 1.5x), spread 1.86x ATR",568.5,31.7,46,True,[DISQUALIFIED] Score: 15.0/100.0 | DISQUALIFIED: Most recent event is UTAD (Upthrust After Distribution / potential distribution phase).,https://www.tradingview.com/chart/?symbol=NSE%3AGUFICBIO&interval=D,https://www.tradingview.com/chart/?symbol=NSE%3AGUFICBIO&interval=W,https://www.tradingview.com/chart/?symbol=NSE%3AGUFICBIO&interval=75,pending,data/research_datasets/20260824,2026-08-24 10:05:13 UTC
GOCLCORP,GOCLCORP.NS,GOCL Corporation Limited,2026-08-21,900,DISQUALIFIED,True,False,15.0,True,Most recent event is UTAD (Upthrust After Distribution / potential distribution phase).,True,False,False,False,False,True,400.6,46.5,407.82,370.48,,,1.05,0.155,,0.14,0.35,0.7,False,True,False,False,UTAD,2026-06-18,False,False,False,True,153,"Bar vol_ratio=5.78x, spread_ratio=2.30x, close_pos=0.49. Candidate UTAD: intrabar high=449.85 exceeded range resistance=441.00 (+2.01%), closed back below at 424.95 (close pos=0.49), elevated volume 5.78x avg (threshold >= 1.5x), spread 2.30x ATR",312.8,-21.9,5,True,[DISQUALIFIED] Score: 15.0/100.0 | DISQUALIFIED: Most recent event is UTAD (Upthrust After Distribution / potential distribution phase).,https://www.tradingview.com/chart/?symbol=NSE%3AGOCLCORP&interval=D,https://www.tradingview.com/chart/?symbol=NSE%3AGOCLCORP&interval=W,https://www.tradingview.com/chart/?symbol=NSE%3AGOCLCORP&interval=75,pending,data/research_datasets/20260824,2026-08-24 10:05:13 UTC
GNFC,GNFC.NS,Gujarat Narmada Valley Fertilizers and Chemicals Limited,2026-08-21,901,DISQUALIFIED,True,True,15.0,True,Most recent event is UTAD (Upthrust After Distribution / potential distribution phase).,False,True,True,False,False,True,582.8,63.4,535.45,509.76,,,1.01,0.231,,0.71,0.81,0.08,False,False,False,False,UTAD,2026-08-18,False,False,False,True,112,"Bar vol_ratio=2.41x, spread_ratio=1.35x, close_pos=0.54. Candidate UTAD: intrabar high=619.00 exceeded range resistance=616.00 (+0.49%), closed back below at 609.75 (close pos=0.54), elevated volume 2.41x avg (threshold >= 1.5x), spread 1.35x ATR",1132.3,94.3,42,True,[DISQUALIFIED] Score: 15.0/100.0 | DISQUALIFIED: Most recent event is UTAD (Upthrust After Distribution / potential distribution phase).,https://www.tradingview.com/chart/?symbol=NSE%3AGNFC&interval=D,https://www.tradingview.com/chart/?symbol=NSE%3AGNFC&interval=W,https://www.tradingview.com/chart/?symbol=NSE%3AGNFC&interval=75,pending,data/research_datasets/20260824,2026-08-24 10:05:13 UTC
GMRAIRPORT,GMRAIRPORT.NS,GMR AIRPORTS LIMITED,2026-08-21,901,DISQUALIFIED,True,False,15.0,True,Most recent event is UTAD (Upthrust After Distribution / potential distribution phase).,False,False,False,True,False,True,99.63,30.4,108.15,102.69,,,0.93,0.099,,0.95,0.84,0.07,False,False,False,False,UTAD,2026-06-29,False,False,False,True,94,"Bar vol_ratio=2.79x, spread_ratio=1.06x, close_pos=0.31. Candidate UTAD: intrabar high=111.59 exceeded range resistance=111.15 (+0.40%), closed back below at 109.42 (close pos=0.31), elevated volume 2.79x avg (threshold >= 1.5x), spread 1.06x ATR",129.89,30.4,59,True,[DISQUALIFIED] Score: 15.0/100.0 | DISQUALIFIED: Most recent event is UTAD (Upthrust After Distribution / potential distribution phase).,https://www.tradingview.com/chart/?symbol=NSE%3AGMRAIRPORT&interval=D,https://www.tradingview.com/chart/?symbol=NSE%3AGMRAIRPORT&interval=W,https://www.tradingview.com/chart/?symbol=NSE%3AGMRAIRPORT&interval=75,pending,data/research_datasets/20260824,2026-08-24 10:05:13 UTC
GHCL,GHCL.NS,GHCL Limited,2026-08-21,901,DISQUALIFIED,True,False,15.0,True,Most recent event is UTAD (Upthrust After Distribution / potential distribution phase).,False,False,True,True,True,True,442.4,57.5,435.47,449.33,,,0.95,0.041,,0.49,0.81,0.51,False,False,False,False,UTAD,2026-08-19,False,False,False,True,115,"Bar vol_ratio=2.17x, spread_ratio=1.89x, close_pos=0.09. Candidate UTAD: intrabar high=454.00 exceeded range resistance=451.95 (+0.45%), closed back below at 438.70 (close pos=0.09), elevated volume 2.17x avg (threshold >= 1.5x), spread 1.89x ATR",823.51,86.1,26,True,[DISQUALIFIED] Score: 15.0/100.0 | DISQUALIFIED: Most recent event is UTAD (Upthrust After Distribution / potential distribution phase).,https://www.tradingview.com/chart/?symbol=NSE%3AGHCL&interval=D,https://www.tradingview.com/chart/?symbol=NSE%3AGHCL&interval=W,https://www.tradingview.com/chart/?symbol=NSE%3AGHCL&interval=75,pending,data/research_datasets/20260824,2026-08-24 10:05:13 UTC
GEOJITFSL,GEOJITFSL.NS,Geojit Financial Services Limited,2026-08-21,900,DISQUALIFIED,True,True,15.0,True,Most recent event is UTAD (Upthrust After Distribution / potential distribution phase).,False,True,True,False,True,True,80.72,58.0,78.19,72.99,,,1.05,0.109,,1.0,0.55,0.4,False,False,False,False,UTAD,2026-07-16,False,False,False,True,95,"Bar vol_ratio=1.57x, spread_ratio=0.91x, close_pos=0.48. Candidate UTAD: intrabar high=83.56 exceeded range resistance=82.80 (+0.92%), closed back below at 82.49 (close pos=0.48), elevated volume 1.57x avg (threshold >= 1.5x), spread 0.91x ATR",108.07,33.9,51,True,[DISQUALIFIED] Score: 15.0/100.0 | DISQUALIFIED: Most recent event is UTAD (Upthrust After Distribution / potential distribution phase).,https://www.tradingview.com/chart/?symbol=NSE%3AGEOJITFSL&interval=D,https://www.tradingview.com/chart/?symbol=NSE%3AGEOJITFSL&interval=W,https://www.tradingview.com/chart/?symbol=NSE%3AGEOJITFSL&interval=75,pending,data/research_datasets/20260824,2026-08-24 10:05:13 UTC
GARUDA,GARUDA.NS,Garuda Construction and Engineering Limited,2026-08-21,463,DISQUALIFIED,True,True,15.0,True,Most recent event is UTAD (Upthrust After Distribution / potential distribution phase).,False,True,True,False,False,True,183.95,55.7,177.91,175.26,,,1.15,0.151,,0.33,0.7,0.36,False,False,False,False,UTAD,2026-08-10,False,False,False,True,59,"Bar vol_ratio=14.23x, spread_ratio=3.15x, close_pos=0.69. Candidate UTAD: intrabar high=200.50 exceeded range resistance=199.90 (+0.30%), closed back below at 194.51 (close pos=0.69), elevated volume 14.23x avg (threshold >= 1.5x), spread 3.15x ATR",317.93,72.8,49,True,[DISQUALIFIED] Score: 15.0/100.0 | DISQUALIFIED: Most recent event is UTAD (Upthrust After Distribution / potential distribution phase).,https://www.tradingview.com/chart/?symbol=NSE%3AGARUDA&interval=D,https://www.tradingview.com/chart/?symbol=NSE%3AGARUDA&interval=W,https://www.tradingview.com/chart/?symbol=NSE%3AGARUDA&interval=75,pending,data/research_datasets/20260824,2026-08-24 10:05:13 UTC
GANECOS,GANECOS.NS,Ganesha Ecosphere Limited,2026-08-21,901,DISQUALIFIED,True,True,15.0,True,Most recent event is UTAD (Upthrust After Distribution / potential distribution phase).,True,True,False,False,True,True,1082.1,47.4,1068.44,1039.88,,,1.05,0.199,,0.34,0.48,0.23,False,False,True,False,UTAD,2026-07-09,False,False,False,True,116,"Bar vol_ratio=1.60x, spread_ratio=1.85x, close_pos=0.88. Candidate UTAD: intrabar high=1145.65 exceeded range resistance=1140.80 (+0.43%), closed back below at 1136.45 (close pos=0.88), elevated volume 1.60x avg (threshold >= 1.5x), spread 1.85x ATR",2287.8,111.4,44,True,[DISQUALIFIED] Score: 15.0/100.0 | DISQUALIFIED: Most recent event is UTAD (Upthrust After Distribution / potential distribution phase).,https://www.tradingview.com/chart/?symbol=NSE%3AGANECOS&interval=D,https://www.tradingview.com/chart/?symbol=NSE%3AGANECOS&interval=W,https://www.tradingview.com/chart/?symbol=NSE%3AGANECOS&interval=75,pending,data/research_datasets/20260824,2026-08-24 10:05:13 UTC
FISCHER,FISCHER.NS,Fischer Medical Ventures Limited,2026-08-21,280,DISQUALIFIED,True,True,15.0,True,Most recent event is UTAD (Upthrust After Distribution / potential distribution phase).,False,True,False,True,True,True,38.14,49.7,37.93,37.56,,,0.92,0.088,,0.46,0.84,0.3,False,False,False,False,UTAD,2026-07-01,False,False,False,True,39,"Bar vol_ratio=2.51x, spread_ratio=0.89x, close_pos=0.21. Candidate UTAD: intrabar high=42.37 exceeded range resistance=42.11 (+0.62%), closed back below at 40.97 (close pos=0.21), elevated volume 2.51x avg (threshold >= 1.5x), spread 0.89x ATR",118.78,211.4,9,True,[DISQUALIFIED] Score: 15.0/100.0 | DISQUALIFIED: Most recent event is UTAD (Upthrust After Distribution / potential distribution phase).,https://www.tradingview.com/chart/?symbol=NSE%3AFISCHER&interval=D,https://www.tradingview.com/chart/?symbol=NSE%3AFISCHER&interval=W,https://www.tradingview.com/chart/?symbol=NSE%3AFISCHER&interval=75,pending,data/research_datasets/20260824,2026-08-24 10:05:13 UTC
EXIDEIND,EXIDEIND.NS,Exide Industries Limited,2026-08-21,901,DISQUALIFIED,True,False,15.0,True,Most recent event is UTAD (Upthrust After Distribution / potential distribution phase).,True,True,False,False,False,True,459.6,52.3,431.0,392.11,,,1.08,0.169,,0.41,0.62,0.32,False,False,False,False,AR,2026-07-30,False,False,False,False,140,"Bar vol_ratio=5.01x, spread_ratio=2.33x, close_pos=0.72. Candidate AR: up bar 2 bar(s) after SC (SC date=2026-07-28 00:00:00, SC price=423.40), Open=435.00, Close=452.70, close pos=0.72, volume 5.01x avg (threshold >= 1.0x), spread 2.33x ATR",515.63,12.2,28,True,[DISQUALIFIED] Score: 15.0/100.0 | DISQUALIFIED: Most recent event is UTAD (Upthrust After Distribution / potential distribution phase).,https://www.tradingview.com/chart/?symbol=NSE%3AEXIDEIND&interval=D,https://www.tradingview.com/chart/?symbol=NSE%3AEXIDEIND&interval=W,https://www.tradingview.com/chart/?symbol=NSE%3AEXIDEIND&interval=75,pending,data/research_datasets/20260824,2026-08-24 10:05:13 UTC
EPL,EPL.NS,EPL Limited,2026-08-21,900,DISQUALIFIED,True,False,15.0,True,Most recent event is UTAD (Upthrust After Distribution / potential distribution phase).,True,True,False,False,False,True,265.61,70.2,235.66,229.3,,,1.24,0.21,,1.89,1.29,0.28,False,False,False,False,UTAD,2026-08-21,False,False,False,True,125,"Bar vol_ratio=1.89x, spread_ratio=1.29x, close_pos=0.28. Candidate UTAD: intrabar high=274.03 exceeded range resistance=273.00 (+0.38%), closed back below at 265.61 (close pos=0.28), elevated volume 1.89x avg (threshold >= 1.5x), spread 1.29x ATR",569.66,114.5,59,True,[DISQUALIFIED] Score: 15.0/100.0 | DISQUALIFIED: Most recent event is UTAD (Upthrust After Distribution / potential distribution phase).,https://www.tradingview.com/chart/?symbol=NSE%3AEPL&interval=D,https://www.tradingview.com/chart/?symbol=NSE%3AEPL&interval=W,https://www.tradingview.com/chart/?symbol=NSE%3AEPL&interval=75,pending,data/research_datasets/20260824,2026-08-24 10:05:13 UTC
ENDURANCE,ENDURANCE.NS,Endurance Technologies Limited,2026-08-21,901,DISQUALIFIED,True,True,15.0,True,Most recent event is UTAD (Upthrust After Distribution / potential distribution phase).,False,True,True,False,False,True,3029.5,65.6,2758.79,2618.75,,,1.05,0.147,,1.67,1.19,0.58,False,False,False,False,UTAD,2026-08-21,False,False,False,True,131,"Bar vol_ratio=1.67x, spread_ratio=1.19x, close_pos=0.58. Candidate UTAD: intrabar high=3072.00 exceeded range resistance=3043.00 (+0.95%), closed back below at 3029.50 (close pos=0.58), elevated volume 1.67x avg (threshold >= 1.5x), spread 1.19x ATR",3875.37,27.9,48,True,[DISQUALIFIED] Score: 15.0/100.0 | DISQUALIFIED: Most recent event is UTAD (Upthrust After Distribution / potential distribution phase).,https://www.tradingview.com/chart/?symbol=NSE%3AENDURANCE&interval=D,https://www.tradingview.com/chart/?symbol=NSE%3AENDURANCE&interval=W,https://www.tradingview.com/chart/?symbol=NSE%3AENDURANCE&interval=75,pending,data/research_datasets/20260824,2026-08-24 10:05:13 UTC
EMMVEE,EMMVEE.NS,Emmvee Photovoltaic Power Limited,2026-08-21,192,DISQUALIFIED,True,True,15.0,True,Most recent event is UTAD (Upthrust After Distribution / potential distribution phase).,True,False,False,True,True,True,324.0,50.1,331.2,303.43,,,0.78,0.068,,0.86,0.61,0.22,False,False,False,False,UTAD,2026-07-16,False,False,False,True,19,"Bar vol_ratio=6.41x, spread_ratio=1.62x, close_pos=0.73. Candidate UTAD: intrabar high=371.55 exceeded range resistance=369.80 (+0.47%), closed back below at 365.35 (close pos=0.73), elevated volume 6.41x avg (threshold >= 1.5x), spread 1.62x ATR",350.9,8.3,15,True,[DISQUALIFIED] Score: 15.0/100.0 | DISQUALIFIED: Most recent event is UTAD (Upthrust After Distribution / potential distribution phase).,https://www.tradingview.com/chart/?symbol=NSE%3AEMMVEE&interval=D,https://www.tradingview.com/chart/?symbol=NSE%3AEMMVEE&interval=W,https://www.tradingview.com/chart/?symbol=NSE%3AEMMVEE&interval=75,pending,data/research_datasets/20260824,2026-08-24 10:05:13 UTC
DREDGECORP,DREDGECORP.NS,Dredging Corporation of India Limited,2026-08-21,901,DISQUALIFIED,True,True,15.0,True,Most recent event is UTAD (Upthrust After Distribution / potential distribution phase).,True,True,False,False,True,True,1116.5,52.8,1085.55,1043.71,,,1.11,0.149,,0.38,0.68,0.32,False,False,False,False,UTAD,2026-05-21,False,False,False,True,85,"Bar vol_ratio=2.12x, spread_ratio=1.72x, close_pos=0.16. Candidate UTAD: intrabar high=1172.00 exceeded range resistance=1155.00 (+1.47%), closed back below at 1105.25 (close pos=0.16), elevated volume 2.12x avg (threshold >= 1.5x), spread 1.72x ATR",1132.1,1.4,26,True,[DISQUALIFIED] Score: 15.0/100.0 | DISQUALIFIED: Most recent event is UTAD (Upthrust After Distribution / potential distribution phase).,https://www.tradingview.com/chart/?symbol=NSE%3ADREDGECORP&interval=D,https://www.tradingview.com/chart/?symbol=NSE%3ADREDGECORP&interval=W,https://www.tradingview.com/chart/?symbol=NSE%3ADREDGECORP&interval=75,pending,data/research_datasets/20260824,2026-08-24 10:05:13 UTC
DENTA,DENTA.NS,Denta Water and Infra Solutions Limited,2026-08-21,390,DISQUALIFIED,True,False,15.0,True,Most recent event is UTAD (Upthrust After Distribution / potential distribution phase).,False,False,False,True,False,True,286.4,32.0,324.69,297.02,,,0.85,0.32,,0.29,0.56,0.17,False,False,True,False,UTAD,2026-07-31,False,False,False,True,35,"Bar vol_ratio=3.47x, spread_ratio=1.82x, close_pos=0.45. Candidate UTAD: intrabar high=369.50 exceeded range resistance=364.50 (+1.37%), closed back below at 354.25 (close pos=0.45), elevated volume 3.47x avg (threshold >= 1.5x), spread 1.82x ATR",422.6,47.6,12,True,[DISQUALIFIED] Score: 15.0/100.0 | DISQUALIFIED: Most recent event is UTAD (Upthrust After Distribution / potential distribution phase).,https://www.tradingview.com/chart/?symbol=NSE%3ADENTA&interval=D,https://www.tradingview.com/chart/?symbol=NSE%3ADENTA&interval=W,https://www.tradingview.com/chart/?symbol=NSE%3ADENTA&interval=75,pending,data/research_datasets/20260824,2026-08-24 10:05:13 UTC
DEEPAKNTR,DEEPAKNTR.NS,Deepak Nitrite Limited,2026-08-21,900,DISQUALIFIED,True,True,15.0,True,Most recent event is UTAD (Upthrust After Distribution / potential distribution phase).,True,True,False,False,True,True,1747.1,54.7,1669.49,1666.54,,,1.1,0.106,,0.57,0.66,0.63,False,False,False,False,UTAD,2026-08-05,False,False,False,True,102,"Bar vol_ratio=10.63x, spread_ratio=2.55x, close_pos=0.18. Candidate UTAD: intrabar high=1851.00 exceeded range resistance=1755.98 (+5.41%), closed back below at 1736.70 (close pos=0.18), elevated volume 10.63x avg (threshold >= 1.5x), spread 2.55x ATR",2493.02,42.7,15,True,[DISQUALIFIED] Score: 15.0/100.0 | DISQUALIFIED: Most recent event is UTAD (Upthrust After Distribution / potential distribution phase).,https://www.tradingview.com/chart/?symbol=NSE%3ADEEPAKNTR&interval=D,https://www.tradingview.com/chart/?symbol=NSE%3ADEEPAKNTR&interval=W,https://www.tradingview.com/chart/?symbol=NSE%3ADEEPAKNTR&interval=75,pending,data/research_datasets/20260824,2026-08-24 10:05:13 UTC
DCI,DCI.NS,Dc Infotech And Communication Limited,2026-08-21,899,DISQUALIFIED,True,False,15.0,True,Most recent event is UTAD (Upthrust After Distribution / potential distribution phase).,True,True,False,False,False,True,381.35,73.5,301.93,299.82,,,1.24,0.394,,0.62,0.38,0.01,False,True,False,False,UTAD,2026-08-17,False,False,False,True,136,"Bar vol_ratio=2.09x, spread_ratio=2.56x, close_pos=0.75. Candidate UTAD: intrabar high=396.55 exceeded range resistance=385.20 (+2.95%), closed back below at 382.35 (close pos=0.75), elevated volume 2.09x avg (threshold >= 1.5x), spread 2.56x ATR",409.84,7.5,50,True,[DISQUALIFIED] Score: 15.0/100.0 | DISQUALIFIED: Most recent event is UTAD (Upthrust After Distribution / potential distribution phase).,https://www.tradingview.com/chart/?symbol=NSE%3ADCI&interval=D,https://www.tradingview.com/chart/?symbol=NSE%3ADCI&interval=W,https://www.tradingview.com/chart/?symbol=NSE%3ADCI&interval=75,pending,data/research_datasets/20260824,2026-08-24 10:05:13 UTC
DATAMATICS,DATAMATICS.NS,Datamatics Global Services Limited,2026-08-21,901,DISQUALIFIED,True,False,15.0,True,Most recent event is UTAD (Upthrust After Distribution / potential distribution phase).,False,False,False,True,True,True,819.25,42.2,835.08,793.35,,,0.94,0.086,,0.41,0.47,0.2,False,False,True,False,UTAD,2026-07-07,False,False,False,True,69,"Bar vol_ratio=6.45x, spread_ratio=1.61x, close_pos=0.24. Candidate UTAD: intrabar high=890.00 exceeded range resistance=856.95 (+3.86%), closed back below at 856.10 (close pos=0.24), elevated volume 6.45x avg (threshold >= 1.5x), spread 1.61x ATR",937.1,14.4,27,True,[DISQUALIFIED] Score: 15.0/100.0 | DISQUALIFIED: Most recent event is UTAD (Upthrust After Distribution / potential distribution phase).,https://www.tradingview.com/chart/?symbol=NSE%3ADATAMATICS&interval=D,https://www.tradingview.com/chart/?symbol=NSE%3ADATAMATICS&interval=W,https://www.tradingview.com/chart/?symbol=NSE%3ADATAMATICS&interval=75,pending,data/research_datasets/20260824,2026-08-24 10:05:13 UTC
DAMCAPITAL,DAMCAPITAL.NS,Dam Capital Advisors Limited,2026-08-21,413,DISQUALIFIED,True,False,15.0,True,Most recent event is UTAD (Upthrust After Distribution / potential distribution phase).,False,False,False,True,True,True,144.47,38.2,153.12,152.7,,,0.75,0.103,,0.81,0.75,0.12,False,False,False,False,UTAD,2026-05-22,False,False,False,True,59,"Bar vol_ratio=11.30x, spread_ratio=2.83x, close_pos=0.35. Candidate UTAD: intrabar high=174.49 exceeded range resistance=170.40 (+2.40%), closed back below at 160.88 (close pos=0.35), elevated volume 11.30x avg (threshold >= 1.5x), spread 2.83x ATR",534.34,269.9,19,True,[DISQUALIFIED] Score: 15.0/100.0 | DISQUALIFIED: Most recent event is UTAD (Upthrust After Distribution / potential distribution phase).,https://www.tradingview.com/chart/?symbol=NSE%3ADAMCAPITAL&interval=D,https://www.tradingview.com/chart/?symbol=NSE%3ADAMCAPITAL&interval=W,https://www.tradingview.com/chart/?symbol=NSE%3ADAMCAPITAL&interval=75,pending,data/research_datasets/20260824,2026-08-24 10:05:13 UTC
CMPDI,CMPDI.NS,Central Mine Planning & Design Institute Limited,2026-08-21,102,DISQUALIFIED,True,False,15.0,True,Most recent event is UTAD (Upthrust After Distribution / potential distribution phase).,False,False,False,True,True,True,233.66,40.6,250.29,228.0,,,0.79,0.092,,0.85,0.72,0.12,False,False,False,False,UTAD,2026-06-24,False,False,False,True,8,"Bar vol_ratio=2.33x, spread_ratio=1.16x, close_pos=0.35. Candidate UTAD: intrabar high=265.76 exceeded range resistance=261.79 (+1.52%), closed back below at 256.25 (close pos=0.35), elevated volume 2.33x avg (threshold >= 1.5x), spread 1.16x ATR",222.03,-5.0,7,True,[DISQUALIFIED] Score: 15.0/100.0 | DISQUALIFIED: Most recent event is UTAD (Upthrust After Distribution / potential distribution phase).,https://www.tradingview.com/chart/?symbol=NSE%3ACMPDI&interval=D,https://www.tradingview.com/chart/?symbol=NSE%3ACMPDI&interval=W,https://www.tradingview.com/chart/?symbol=NSE%3ACMPDI&interval=75,pending,data/research_datasets/20260824,2026-08-24 10:05:13 UTC
CHOICEIN,CHOICEIN.NS,Choice International Limited,2026-08-21,900,DISQUALIFIED,True,True,15.0,True,Most recent event is UTAD (Upthrust After Distribution / potential distribution phase).,False,True,False,True,True,True,808.6,51.7,787.94,732.58,,,0.82,0.07,,0.5,0.59,0.19,False,False,True,False,UTAD,2026-07-10,False,False,False,True,72,"Bar vol_ratio=2.02x, spread_ratio=1.20x, close_pos=0.59. Candidate UTAD: intrabar high=846.00 exceeded range resistance=837.00 (+1.08%), closed back below at 835.00 (close pos=0.59), elevated volume 2.02x avg (threshold >= 1.5x), spread 1.20x ATR",891.5,10.3,36,True,[DISQUALIFIED] Score: 15.0/100.0 | DISQUALIFIED: Most recent event is UTAD (Upthrust After Distribution / potential distribution phase).,https://www.tradingview.com/chart/?symbol=NSE%3ACHOICEIN&interval=D,https://www.tradingview.com/chart/?symbol=NSE%3ACHOICEIN&interval=W,https://www.tradingview.com/chart/?symbol=NSE%3ACHOICEIN&interval=75,pending,data/research_datasets/20260824,2026-08-24 10:05:13 UTC
CEATLTD,CEATLTD.NS,CEAT Limited,2026-08-21,901,DISQUALIFIED,True,False,15.0,True,Most recent event is UTAD (Upthrust After Distribution / potential distribution phase).,False,False,False,True,True,True,3563.4,47.8,3571.29,3453.8,,,0.87,0.152,,0.33,0.61,0.3,False,False,False,False,UTAD,2026-07-08,False,False,False,True,89,"Bar vol_ratio=1.74x, spread_ratio=1.58x, close_pos=0.29. Candidate UTAD: intrabar high=3942.76 exceeded range resistance=3928.11 (+0.37%), closed back below at 3819.61 (close pos=0.29), elevated volume 1.74x avg (threshold >= 1.5x), spread 1.58x ATR",5725.43,60.7,38,True,[DISQUALIFIED] Score: 15.0/100.0 | DISQUALIFIED: Most recent event is UTAD (Upthrust After Distribution / potential distribution phase).,https://www.tradingview.com/chart/?symbol=NSE%3ACEATLTD&interval=D,https://www.tradingview.com/chart/?symbol=NSE%3ACEATLTD&interval=W,https://www.tradingview.com/chart/?symbol=NSE%3ACEATLTD&interval=75,pending,data/research_datasets/20260824,2026-08-24 10:05:13 UTC
CARERATING,CARERATING.NS,CARE Ratings Limited,2026-08-21,900,DISQUALIFIED,True,True,15.0,True,Most recent event is UTAD (Upthrust After Distribution / potential distribution phase).,True,False,False,False,True,True,1674.4,44.8,1682.29,1649.9,,,1.04,0.05,,1.27,1.41,0.13,False,False,False,False,UTAD,2026-04-29,False,False,False,True,95,"Bar vol_ratio=2.05x, spread_ratio=2.12x, close_pos=0.76. Candidate UTAD: intrabar high=1705.65 exceeded range resistance=1676.80 (+1.72%), closed back below at 1675.31 (close pos=0.76), elevated volume 2.05x avg (threshold >= 1.5x), spread 2.12x ATR",2453.5,46.5,55,True,[DISQUALIFIED] Score: 15.0/100.0 | DISQUALIFIED: Most recent event is UTAD (Upthrust After Distribution / potential distribution phase).,https://www.tradingview.com/chart/?symbol=NSE%3ACARERATING&interval=D,https://www.tradingview.com/chart/?symbol=NSE%3ACARERATING&interval=W,https://www.tradingview.com/chart/?symbol=NSE%3ACARERATING&interval=75,pending,data/research_datasets/20260824,2026-08-24 10:05:13 UTC
BSL,BSL.NS,BSL Limited,2026-08-21,899,DISQUALIFIED,True,False,15.0,True,Most recent event is UTAD (Upthrust After Distribution / potential distribution phase).,False,False,False,True,True,False,122.23,42.8,126.11,125.25,,,0.65,0.046,,1.4,0.75,0.43,False,False,False,False,UTAD,2026-06-30,False,False,False,True,131,"Bar vol_ratio=11.89x, spread_ratio=3.79x, close_pos=0.53. Candidate UTAD: intrabar high=147.85 exceeded range resistance=146.89 (+0.65%), closed back below at 136.67 (close pos=0.53), elevated volume 11.89x avg (threshold >= 1.5x), spread 3.79x ATR",173.76,42.2,10,True,[DISQUALIFIED] Score: 15.0/100.0 | DISQUALIFIED: Most recent event is UTAD (Upthrust After Distribution / potential distribution phase).,https://www.tradingview.com/chart/?symbol=NSE%3ABSL&interval=D,https://www.tradingview.com/chart/?symbol=NSE%3ABSL&interval=W,https://www.tradingview.com/chart/?symbol=NSE%3ABSL&interval=75,pending,data/research_datasets/20260824,2026-08-24 10:05:13 UTC
BIMETAL,BIMETAL.NS,Bimetal Bearings Limited,2026-08-21,92,DISQUALIFIED,True,False,15.0,True,Most recent event is UTAD (Upthrust After Distribution / potential distribution phase).,False,False,False,True,False,False,624.85,42.7,646.18,,,,0.83,0.093,,0.57,0.29,0.84,False,True,False,False,UTAD,2026-07-10,False,False,False,True,7,"Bar vol_ratio=2.80x, spread_ratio=1.01x, close_pos=0.56. Candidate UTAD: intrabar high=686.29 exceeded range resistance=676.97 (+1.38%), closed back below at 675.64 (close pos=0.56), elevated volume 2.80x avg (threshold >= 1.5x), spread 1.01x ATR",696.34,11.4,9,True,[DISQUALIFIED] Score: 15.0/100.0 | DISQUALIFIED: Most recent event is UTAD (Upthrust After Distribution / potential distribution phase).,https://www.tradingview.com/chart/?symbol=NSE%3ABIMETAL&interval=D,https://www.tradingview.com/chart/?symbol=NSE%3ABIMETAL&interval=W,https://www.tradingview.com/chart/?symbol=NSE%3ABIMETAL&interval=75,pending,data/research_datasets/20260824,2026-08-24 10:05:13 UTC
BHARATSE,BHARATSE.NS,Bharat Seats Limited,2026-08-21,352,DISQUALIFIED,True,True,15.0,True,Most recent event is UTAD (Upthrust After Distribution / potential distribution phase).,True,True,False,False,True,True,228.19,50.0,219.39,200.69,,,1.03,0.202,,0.47,0.93,0.13,False,False,False,False,UTAD,2026-07-03,False,False,False,True,32,"Bar vol_ratio=2.36x, spread_ratio=2.41x, close_pos=0.37. Candidate UTAD: intrabar high=254.10 exceeded range resistance=245.75 (+3.40%), closed back below at 238.19 (close pos=0.37), elevated volume 2.36x avg (threshold >= 1.5x), spread 2.41x ATR",277.85,21.8,17,True,[DISQUALIFIED] Score: 15.0/100.0 | DISQUALIFIED: Most recent event is UTAD (Upthrust After Distribution / potential distribution phase).,https://www.tradingview.com/chart/?symbol=NSE%3ABHARATSE&interval=D,https://www.tradingview.com/chart/?symbol=NSE%3ABHARATSE&interval=W,https://www.tradingview.com/chart/?symbol=NSE%3ABHARATSE&interval=75,pending,data/research_datasets/20260824,2026-08-24 10:05:13 UTC
BHARATRAS,BHARATRAS.NS,Bharat Rasayan Limited,2026-08-21,900,DISQUALIFIED,True,False,15.0,True,Failed all mechanical trend & momentum filters.,False,False,False,False,False,True,1295.0,43.4,1342.51,1387.4,,,1.17,0.128,,0.48,0.89,0.25,False,False,False,False,LPS,2026-07-14,True,False,False,False,140,"Bar vol_ratio=0.68x, spread_ratio=1.16x, close_pos=0.23. Candidate LPS: higher low=1341.60 vs prior Spring low=1328.00 (+1.0%), holding above range support=1301.00, low volume 0.68x avg (threshold < 0.75x), spread 1.16x ATR, close pos=0.23",1888.1,45.8,7,True,[DISQUALIFIED] Score: 15.0/100.0 | DISQUALIFIED: Failed all mechanical trend & momentum filters.,https://www.tradingview.com/chart/?symbol=NSE%3ABHARATRAS&interval=D,https://www.tradingview.com/chart/?symbol=NSE%3ABHARATRAS&interval=W,https://www.tradingview.com/chart/?symbol=NSE%3ABHARATRAS&interval=75,pending,data/research_datasets/20260824,2026-08-24 10:05:13 UTC
BETA,BETA.NS,Beta Drugs Limited,2026-08-21,899,DISQUALIFIED,True,False,15.0,True,Most recent event is UTAD (Upthrust After Distribution / potential distribution phase).,True,True,False,False,False,True,2327.7,49.0,2252.85,1817.99,,,1.1,0.24,,0.4,0.61,0.72,False,False,False,False,UTAD,2026-08-12,False,False,False,True,113,"Bar vol_ratio=1.55x, spread_ratio=1.50x, close_pos=0.06. Candidate UTAD: intrabar high=2807.90 exceeded range resistance=2712.00 (+3.54%), closed back below at 2559.00 (close pos=0.06), elevated volume 1.55x avg (threshold >= 1.5x), spread 1.50x ATR",1987.1,-14.6,50,True,[DISQUALIFIED] Score: 15.0/100.0 | DISQUALIFIED: Most recent event is UTAD (Upthrust After Distribution / potential distribution phase).,https://www.tradingview.com/chart/?symbol=NSE%3ABETA&interval=D,https://www.tradingview.com/chart/?symbol=NSE%3ABETA&interval=W,https://www.tradingview.com/chart/?symbol=NSE%3ABETA&interval=75,pending,data/research_datasets/20260824,2026-08-24 10:05:13 UTC
BAJAJHFL,BAJAJHFL.NS,Bajaj Housing Finance Limited,2026-08-21,483,DISQUALIFIED,True,False,15.0,True,Most recent event is UTAD (Upthrust After Distribution / potential distribution phase).,False,False,False,True,True,True,84.85,45.2,86.58,86.07,,,0.66,0.048,,0.59,0.93,0.04,False,False,False,False,UTAD,2026-07-03,False,False,False,True,54,"Bar vol_ratio=5.90x, spread_ratio=1.64x, close_pos=0.18. Candidate UTAD: intrabar high=94.00 exceeded range resistance=93.00 (+1.08%), closed back below at 91.35 (close pos=0.18), elevated volume 5.90x avg (threshold >= 1.5x), spread 1.64x ATR",90.0,6.1,2,True,[DISQUALIFIED] Score: 15.0/100.0 | DISQUALIFIED: Most recent event is UTAD (Upthrust After Distribution / potential distribution phase).,https://www.tradingview.com/chart/?symbol=NSE%3ABAJAJHFL&interval=D,https://www.tradingview.com/chart/?symbol=NSE%3ABAJAJHFL&interval=W,https://www.tradingview.com/chart/?symbol=NSE%3ABAJAJHFL&interval=75,pending,data/research_datasets/20260824,2026-08-24 10:05:13 UTC
BAJAJHCARE,BAJAJHCARE.NS,Bajaj Healthcare Limited,2026-08-21,901,DISQUALIFIED,True,False,15.0,True,Most recent event is UTAD (Upthrust After Distribution / potential distribution phase).,False,False,False,True,True,True,322.0,44.1,331.98,322.7,,,0.61,0.068,,0.55,0.9,0.3,False,False,False,False,UTAD,2026-06-30,False,False,False,True,110,"Bar vol_ratio=1.87x, spread_ratio=1.33x, close_pos=0.26. Candidate UTAD: intrabar high=364.60 exceeded range resistance=359.25 (+1.49%), closed back below at 351.45 (close pos=0.26), elevated volume 1.87x avg (threshold >= 1.5x), spread 1.33x ATR",770.1,139.2,20,True,[DISQUALIFIED] Score: 15.0/100.0 | DISQUALIFIED: Most recent event is UTAD (Upthrust After Distribution / potential distribution phase).,https://www.tradingview.com/chart/?symbol=NSE%3ABAJAJHCARE&interval=D,https://www.tradingview.com/chart/?symbol=NSE%3ABAJAJHCARE&interval=W,https://www.tradingview.com/chart/?symbol=NSE%3ABAJAJHCARE&interval=75,pending,data/research_datasets/20260824,2026-08-24 10:05:13 UTC
AVTNPL,AVTNPL.NS,AVT Natural Products Limited,2026-08-21,899,DISQUALIFIED,True,False,15.0,True,Most recent event is UTAD (Upthrust After Distribution / potential distribution phase).,True,True,False,False,False,True,87.53,79.1,72.28,69.5,,,1.53,0.397,,0.48,0.69,0.19,False,False,False,False,UTAD,2026-08-18,False,False,False,True,113,"Bar vol_ratio=3.65x, spread_ratio=1.87x, close_pos=0.08. Candidate UTAD: intrabar high=92.45 exceeded range resistance=89.00 (+3.88%), closed back below at 87.45 (close pos=0.08), elevated volume 3.65x avg (threshold >= 1.5x), spread 1.87x ATR",142.58,62.9,26,True,[DISQUALIFIED] Score: 15.0/100.0 | DISQUALIFIED: Most recent event is UTAD (Upthrust After Distribution / potential distribution phase).,https://www.tradingview.com/chart/?symbol=NSE%3AAVTNPL&interval=D,https://www.tradingview.com/chart/?symbol=NSE%3AAVTNPL&interval=W,https://www.tradingview.com/chart/?symbol=NSE%3AAVTNPL&interval=75,pending,data/research_datasets/20260824,2026-08-24 10:05:13 UTC
ARFIN,ARFIN.NS,Arfin India Limited,2026-08-21,270,DISQUALIFIED,True,False,15.0,True,Most recent event is UTAD (Upthrust After Distribution / potential distribution phase).,False,False,False,True,False,True,85.62,48.6,88.7,89.9,,,0.75,0.111,,0.89,1.31,0.84,False,False,False,False,UTAD,2026-05-12,False,False,False,True,23,"Bar vol_ratio=7.33x, spread_ratio=2.48x, close_pos=0.42. Candidate UTAD: intrabar high=106.20 exceeded range resistance=100.25 (+5.94%), closed back below at 99.77 (close pos=0.42), elevated volume 7.33x avg (threshold >= 1.5x), spread 2.48x ATR",41.87,-51.1,10,True,[DISQUALIFIED] Score: 15.0/100.0 | DISQUALIFIED: Most recent event is UTAD (Upthrust After Distribution / potential distribution phase).,https://www.tradingview.com/chart/?symbol=NSE%3AARFIN&interval=D,https://www.tradingview.com/chart/?symbol=NSE%3AARFIN&interval=W,https://www.tradingview.com/chart/?symbol=NSE%3AARFIN&interval=75,pending,data/research_datasets/20260824,2026-08-24 10:05:13 UTC
APOLSINHOT,APOLSINHOT.NS,Apollo Sindoori Hotels Limited,2026-08-21,899,DISQUALIFIED,True,False,15.0,True,Most recent event is UTAD (Upthrust After Distribution / potential distribution phase).,False,False,False,True,True,False,1207.4,48.1,1239.42,1197.97,,,0.86,0.05,,0.51,0.64,0.68,False,False,False,False,UTAD,2026-07-15,False,False,False,True,98,"Bar vol_ratio=15.84x, spread_ratio=4.18x, close_pos=0.70. Candidate UTAD: intrabar high=1440.00 exceeded range resistance=1430.00 (+0.70%), closed back below at 1369.20 (close pos=0.70), elevated volume 15.84x avg (threshold >= 1.5x), spread 4.18x ATR",1128.4,-6.5,4,True,[DISQUALIFIED] Score: 15.0/100.0 | DISQUALIFIED: Most recent event is UTAD (Upthrust After Distribution / potential distribution phase).,https://www.tradingview.com/chart/?symbol=NSE%3AAPOLSINHOT&interval=D,https://www.tradingview.com/chart/?symbol=NSE%3AAPOLSINHOT&interval=W,https://www.tradingview.com/chart/?symbol=NSE%3AAPOLSINHOT&interval=75,pending,data/research_datasets/20260824,2026-08-24 10:05:13 UTC
AMDIND,AMDIND.NS,AMD Industries Limited,2026-08-21,899,DISQUALIFIED,True,False,15.0,True,Most recent event is UTAD (Upthrust After Distribution / potential distribution phase).,False,True,True,False,False,False,54.3,62.8,47.54,46.37,,,1.35,0.267,,0.7,0.6,0.63,False,True,False,False,UTAD,2026-08-11,False,False,False,True,119,"Bar vol_ratio=3.81x, spread_ratio=2.37x, close_pos=0.83. Candidate UTAD: intrabar high=53.00 exceeded range resistance=52.00 (+1.92%), closed back below at 51.94 (close pos=0.83), elevated volume 3.81x avg (threshold >= 1.5x), spread 2.37x ATR",63.41,16.8,8,True,[DISQUALIFIED] Score: 15.0/100.0 | DISQUALIFIED: Most recent event is UTAD (Upthrust After Distribution / potential distribution phase).,https://www.tradingview.com/chart/?symbol=NSE%3AAMDIND&interval=D,https://www.tradingview.com/chart/?symbol=NSE%3AAMDIND&interval=W,https://www.tradingview.com/chart/?symbol=NSE%3AAMDIND&interval=75,pending,data/research_datasets/20260824,2026-08-24 10:05:13 UTC
ZFSTEERING,ZFSTEERING.NS,ZF Steering Gear (India) Limited,2026-08-21,88,DISQUALIFIED,True,False,13.5,True,Most recent event is UTAD (Upthrust After Distribution / potential distribution phase).,False,False,False,True,True,False,671.9,49.8,679.47,,,,0.75,0.046,,0.66,0.66,0.39,False,False,False,False,UTAD,2026-07-24,False,False,False,True,15,"Bar vol_ratio=7.47x, spread_ratio=4.45x, close_pos=0.29. Candidate UTAD: intrabar high=798.90 exceeded range resistance=753.00 (+6.10%), closed back below at 694.15 (close pos=0.29), elevated volume 7.47x avg (threshold >= 1.5x), spread 4.45x ATR",767.15,14.2,4,False,[DISQUALIFIED] Score: 13.5/100.0 | DISQUALIFIED: Most recent event is UTAD (Upthrust After Distribution / potential distribution phase).,https://www.tradingview.com/chart/?symbol=NSE%3AZFSTEERING&interval=D,https://www.tradingview.com/chart/?symbol=NSE%3AZFSTEERING&interval=W,https://www.tradingview.com/chart/?symbol=NSE%3AZFSTEERING&interval=75,pending,data/research_datasets/20260824,2026-08-24 10:05:13 UTC
POLYMED,POLYMED.NS,Poly Medicure Limited,2026-08-21,901,DISQUALIFIED,True,False,13.5,True,Most recent event is UTAD (Upthrust After Distribution / potential distribution phase).,False,True,False,False,False,True,1719.4,48.8,1686.39,1581.61,,,1.11,0.138,,0.5,1.18,0.13,False,False,False,False,AR,2026-08-10,False,False,False,False,125,"Bar vol_ratio=6.53x, spread_ratio=2.21x, close_pos=0.63. Candidate AR: up bar 1 bar(s) after SC (SC date=2026-08-07 00:00:00, SC price=1693.80), Open=1692.00, Close=1772.40, close pos=0.63, volume 6.53x avg (threshold >= 1.0x), spread 2.21x ATR",1903.9,10.7,19,False,[DISQUALIFIED] Score: 13.5/100.0 | DISQUALIFIED: Most recent event is UTAD (Upthrust After Distribution / potential distribution phase).,https://www.tradingview.com/chart/?symbol=NSE%3APOLYMED&interval=D,https://www.tradingview.com/chart/?symbol=NSE%3APOLYMED&interval=W,https://www.tradingview.com/chart/?symbol=NSE%3APOLYMED&interval=75,pending,data/research_datasets/20260824,2026-08-24 10:05:13 UTC
VMSTMT,VMSTMT.NS,VMS TMT Limited,2026-08-21,227,DISQUALIFIED,True,False,10.0,True,Most recent event is UTAD (Upthrust After Distribution / potential distribution phase).; Failed all mechanical trend & momentum filters.,False,False,False,False,False,False,47.9,54.0,45.98,46.16,,,1.19,0.237,,0.25,0.58,0.09,False,False,True,False,UTAD,2026-08-14,False,False,False,True,29,"Bar vol_ratio=2.65x, spread_ratio=1.19x, close_pos=0.13. Candidate UTAD: intrabar high=53.05 exceeded range resistance=51.99 (+2.04%), closed back below at 51.36 (close pos=0.13), elevated volume 2.65x avg (threshold >= 1.5x), spread 1.19x ATR",82.76,72.8,12,False,"[DISQUALIFIED] Score: 10.0/100.0 | DISQUALIFIED: Most recent event is UTAD (Upthrust After Distribution / potential distribution phase)., Failed all mechanical trend & momentum filters.",https://www.tradingview.com/chart/?symbol=NSE%3AVMSTMT&interval=D,https://www.tradingview.com/chart/?symbol=NSE%3AVMSTMT&interval=W,https://www.tradingview.com/chart/?symbol=NSE%3AVMSTMT&interval=75,pending,data/research_datasets/20260824,2026-08-24 10:05:13 UTC
SAKHTISUG,SAKHTISUG.NS,Sakthi Sugars Limited,2026-08-21,900,DISQUALIFIED,True,False,10.0,True,Most recent event is UTAD (Upthrust After Distribution / potential distribution phase).; Failed all mechanical trend & momentum filters.,False,False,False,False,False,False,21.13,74.1,17.43,17.62,,,1.5,0.309,,2.83,1.56,0.31,False,False,False,False,SC,2026-08-21,False,False,False,False,115,"Bar vol_ratio=2.83x, spread_ratio=1.56x, close_pos=0.31. Candidate SC: volume 2.83x 20-period avg (threshold >= 2.0x), spread 1.56x 20-period ATR (threshold >= 1.5x), down-close (Open=22.08, Close=21.13, close pos=0.31), Prior peak=22.06, bar low=20.70, decline=6.2% over prior 10 bars (threshold >= 3.0%)",35.68,68.9,25,False,"[DISQUALIFIED] Score: 10.0/100.0 | DISQUALIFIED: Most recent event is UTAD (Upthrust After Distribution / potential distribution phase)., Failed all mechanical trend & momentum filters.",https://www.tradingview.com/chart/?symbol=NSE%3ASAKHTISUG&interval=D,https://www.tradingview.com/chart/?symbol=NSE%3ASAKHTISUG&interval=W,https://www.tradingview.com/chart/?symbol=NSE%3ASAKHTISUG&interval=75,pending,data/research_datasets/20260824,2026-08-24 10:05:13 UTC
KRSNAA,KRSNAA.NS,Krsnaa Diagnostics Limited,2026-08-21,901,DISQUALIFIED,True,False,10.0,True,Most recent event is UTAD (Upthrust After Distribution / potential distribution phase).; Failed all mechanical trend & momentum filters.,False,False,False,False,False,True,561.65,53.7,547.77,561.65,,,1.25,0.114,,1.07,1.74,0.59,False,False,False,False,UTAD,2026-08-14,False,False,False,True,107,"Bar vol_ratio=3.23x, spread_ratio=1.61x, close_pos=0.63. Candidate UTAD: intrabar high=586.00 exceeded range resistance=579.00 (+1.21%), closed back below at 575.30 (close pos=0.63), elevated volume 3.23x avg (threshold >= 1.5x), spread 1.61x ATR",1051.6,87.2,34,False,"[DISQUALIFIED] Score: 10.0/100.0 | DISQUALIFIED: Most recent event is UTAD (Upthrust After Distribution / potential distribution phase)., Failed all mechanical trend & momentum filters.",https://www.tradingview.com/chart/?symbol=NSE%3AKRSNAA&interval=D,https://www.tradingview.com/chart/?symbol=NSE%3AKRSNAA&interval=W,https://www.tradingview.com/chart/?symbol=NSE%3AKRSNAA&interval=75,pending,data/research_datasets/20260824,2026-08-24 10:05:13 UTC
JHS,JHS.NS,JHS Svendgaard Laboratories Limited,2026-08-21,900,DISQUALIFIED,True,False,10.0,True,Most recent event is UTAD (Upthrust After Distribution / potential distribution phase).; Failed all mechanical trend & momentum filters.,False,False,False,False,False,False,8.29,54.5,7.8,8.25,,,1.28,0.262,,0.16,0.61,0.58,False,False,False,False,UTAD,2026-08-11,False,False,False,True,140,"Bar vol_ratio=9.34x, spread_ratio=3.22x, close_pos=0.75. Candidate UTAD: intrabar high=9.41 exceeded range resistance=9.20 (+2.28%), closed back below at 9.06 (close pos=0.75), elevated volume 9.34x avg (threshold >= 1.5x), spread 3.22x ATR",12.61,52.1,6,False,"[DISQUALIFIED] Score: 10.0/100.0 | DISQUALIFIED: Most recent event is UTAD (Upthrust After Distribution / potential distribution phase)., Failed all mechanical trend & momentum filters.",https://www.tradingview.com/chart/?symbol=NSE%3AJHS&interval=D,https://www.tradingview.com/chart/?symbol=NSE%3AJHS&interval=W,https://www.tradingview.com/chart/?symbol=NSE%3AJHS&interval=75,pending,data/research_datasets/20260824,2026-08-24 10:05:13 UTC
JAYSREETEA,JAYSREETEA.NS,Jayshree Tea & Industries Limited,2026-08-21,899,DISQUALIFIED,True,False,10.0,True,Most recent event is UTAD (Upthrust After Distribution / potential distribution phase).; Failed all mechanical trend & momentum filters.,False,False,False,False,False,True,101.81,73.7,86.53,86.63,,,1.5,0.263,,4.88,1.74,0.11,False,False,False,True,UTAD,2026-08-21,False,False,False,True,148,"Bar vol_ratio=4.88x, spread_ratio=1.74x, close_pos=0.11. Candidate UTAD: intrabar high=108.00 exceeded range resistance=102.40 (+5.47%), closed back below at 101.81 (close pos=0.11), elevated volume 4.88x avg (threshold >= 1.5x), spread 1.74x ATR",147.68,45.1,22,False,"[DISQUALIFIED] Score: 10.0/100.0 | DISQUALIFIED: Most recent event is UTAD (Upthrust After Distribution / potential distribution phase)., Failed all mechanical trend & momentum filters.",https://www.tradingview.com/chart/?symbol=NSE%3AJAYSREETEA&interval=D,https://www.tradingview.com/chart/?symbol=NSE%3AJAYSREETEA&interval=W,https://www.tradingview.com/chart/?symbol=NSE%3AJAYSREETEA&interval=75,pending,data/research_datasets/20260824,2026-08-24 10:05:13 UTC
BRITANNIA,BRITANNIA.NS,Britannia Industries Limited,2026-08-21,901,DISQUALIFIED,True,False,10.0,True,Most recent event is UTAD (Upthrust After Distribution / potential distribution phase).; Failed all mechanical trend & momentum filters.,False,False,False,False,True,True,5365.0,44.9,5329.83,5350.73,,,1.17,0.067,,1.96,1.71,0.12,False,False,False,False,UTAD,2026-08-07,False,False,False,True,121,"Bar vol_ratio=4.25x, spread_ratio=1.47x, close_pos=0.06. Candidate UTAD: intrabar high=5660.00 exceeded range resistance=5531.00 (+2.33%), closed back below at 5510.00 (close pos=0.06), elevated volume 4.25x avg (threshold >= 1.5x), spread 1.47x ATR",6760.88,26.0,14,False,"[DISQUALIFIED] Score: 10.0/100.0 | DISQUALIFIED: Most recent event is UTAD (Upthrust After Distribution / potential distribution phase)., Failed all mechanical trend & momentum filters.",https://www.tradingview.com/chart/?symbol=NSE%3ABRITANNIA&interval=D,https://www.tradingview.com/chart/?symbol=NSE%3ABRITANNIA&interval=W,https://www.tradingview.com/chart/?symbol=NSE%3ABRITANNIA&interval=75,pending,data/research_datasets/20260824,2026-08-24 10:05:13 UTC
AVONMORE,AVONMORE.NS,Avonmore Capital & Management Services Limited,2026-08-21,897,DISQUALIFIED,True,False,10.0,True,Most recent event is UTAD (Upthrust After Distribution / potential distribution phase).; Failed all mechanical trend & momentum filters.,False,False,False,False,False,False,13.23,76.3,10.78,11.14,,,1.22,0.396,,0.55,0.74,0.14,False,False,False,False,UTAD,2026-08-13,False,False,False,True,136,"Bar vol_ratio=1.86x, spread_ratio=1.61x, close_pos=0.75. Candidate UTAD: intrabar high=12.22 exceeded range resistance=12.13 (+0.74%), closed back below at 11.98 (close pos=0.75), elevated volume 1.86x avg (threshold >= 1.5x), spread 1.61x ATR",22.51,70.1,17,False,"[DISQUALIFIED] Score: 10.0/100.0 | DISQUALIFIED: Most recent event is UTAD (Upthrust After Distribution / potential distribution phase)., Failed all mechanical trend & momentum filters.",https://www.tradingview.com/chart/?symbol=NSE%3AAVONMORE&interval=D,https://www.tradingview.com/chart/?symbol=NSE%3AAVONMORE&interval=W,https://www.tradingview.com/chart/?symbol=NSE%3AAVONMORE&interval=75,pending,data/research_datasets/20260824,2026-08-24 10:05:13 UTC
ARTNIRMAN,ARTNIRMAN.NS,Art Nirman Limited,2026-08-21,900,DISQUALIFIED,True,False,10.0,True,Most recent event is UTAD (Upthrust After Distribution / potential distribution phase).; Failed all mechanical trend & momentum filters.,False,False,False,False,False,False,41.06,50.0,40.59,41.26,,,1.31,0.163,,1.54,1.91,0.01,False,False,False,False,UTAD,2026-08-21,False,False,False,True,177,"Bar vol_ratio=1.54x, spread_ratio=1.91x, close_pos=0.01. Candidate UTAD: intrabar high=45.95 exceeded range resistance=45.92 (+0.07%), closed back below at 41.06 (close pos=0.01), elevated volume 1.54x avg (threshold >= 1.5x), spread 1.91x ATR",131.07,219.2,30,False,"[DISQUALIFIED] Score: 10.0/100.0 | DISQUALIFIED: Most recent event is UTAD (Upthrust After Distribution / potential distribution phase)., Failed all mechanical trend & momentum filters.",https://www.tradingview.com/chart/?symbol=NSE%3AARTNIRMAN&interval=D,https://www.tradingview.com/chart/?symbol=NSE%3AARTNIRMAN&interval=W,https://www.tradingview.com/chart/?symbol=NSE%3AARTNIRMAN&interval=75,pending,data/research_datasets/20260824,2026-08-24 10:05:13 UTC
AHLADA,AHLADA.NS,Ahlada Engineers Limited,2026-08-21,901,DISQUALIFIED,True,False,10.0,True,Most recent event is UTAD (Upthrust After Distribution / potential distribution phase).; Failed all mechanical trend & momentum filters.,False,False,False,False,False,False,37.93,48.1,38.66,40.74,,,1.3,0.164,,0.68,0.5,0.23,False,False,True,False,UTAD,2026-08-19,False,False,False,True,134,"Bar vol_ratio=9.76x, spread_ratio=3.50x, close_pos=0.62. Candidate UTAD: intrabar high=43.71 exceeded range resistance=42.80 (+2.13%), closed back below at 40.82 (close pos=0.62), elevated volume 9.76x avg (threshold >= 1.5x), spread 3.50x ATR",82.57,117.7,15,False,"[DISQUALIFIED] Score: 10.0/100.0 | DISQUALIFIED: Most recent event is UTAD (Upthrust After Distribution / potential distribution phase)., Failed all mechanical trend & momentum filters.",https://www.tradingview.com/chart/?symbol=NSE%3AAHLADA&interval=D,https://www.tradingview.com/chart/?symbol=NSE%3AAHLADA&interval=W,https://www.tradingview.com/chart/?symbol=NSE%3AAHLADA&interval=75,pending,data/research_datasets/20260824,2026-08-24 10:05:13 UTC
ADL,ADL.NS,Archidply Decor Limited,2026-08-21,899,DISQUALIFIED,True,False,10.0,True,Most recent event is UTAD (Upthrust After Distribution / potential distribution phase).; Failed all mechanical trend & momentum filters.,False,False,False,False,False,False,71.98,52.1,70.68,71.75,,,1.06,0.134,,0.69,0.69,0.68,False,False,False,False,UTAD,2026-08-03,False,False,False,True,126,"Bar vol_ratio=2.19x, spread_ratio=3.36x, close_pos=0.71. Candidate UTAD: intrabar high=82.85 exceeded range resistance=79.40 (+4.35%), closed back below at 78.97 (close pos=0.71), elevated volume 2.19x avg (threshold >= 1.5x), spread 3.36x ATR",336.25,367.1,88,False,"[DISQUALIFIED] Score: 10.0/100.0 | DISQUALIFIED: Most recent event is UTAD (Upthrust After Distribution / potential distribution phase)., Failed all mechanical trend & momentum filters.",https://www.tradingview.com/chart/?symbol=NSE%3AADL&interval=D,https://www.tradingview.com/chart/?symbol=NSE%3AADL&interval=W,https://www.tradingview.com/chart/?symbol=NSE%3AADL&interval=75,pending,data/research_datasets/20260824,2026-08-24 10:05:13 UTC
SPCENET,SPCENET.NS,Spacenet Enterprises India Limited,2026-08-21,900,DISQUALIFIED,True,False,8.0,True,Failed all mechanical trend & momentum filters.,False,False,False,False,False,False,3.34,38.5,3.62,3.73,,,1.07,0.221,,1.57,0.64,0.29,True,False,False,False,SC,2026-06-24,False,False,False,False,125,"Bar vol_ratio=3.48x, spread_ratio=1.79x, close_pos=0.00. Candidate SC: volume 3.48x 20-period avg (threshold >= 2.0x), spread 1.79x 20-period ATR (threshold >= 1.5x), down-close (Open=4.45, Close=4.05, close pos=0.00), Prior peak=4.26, bar low=4.05, decline=4.9% over prior 10 bars (threshold >= 3.0%)",9.16,174.4,5,True,[DISQUALIFIED] Score: 8.0/100.0 | DISQUALIFIED: Failed all mechanical trend & momentum filters.,https://www.tradingview.com/chart/?symbol=NSE%3ASPCENET&interval=D,https://www.tradingview.com/chart/?symbol=NSE%3ASPCENET&interval=W,https://www.tradingview.com/chart/?symbol=NSE%3ASPCENET&interval=75,pending,data/research_datasets/20260824,2026-08-24 10:05:13 UTC
CENTRUM,CENTRUM.NS,Centrum Capital Limited,2026-08-21,901,DISQUALIFIED,True,False,8.0,True,Failed all mechanical trend & momentum filters.,False,False,False,False,False,True,23.28,43.6,23.9,24.02,,,1.08,0.178,,0.54,0.59,0.22,False,False,True,False,ST,2026-07-07,False,False,False,False,151,"Bar vol_ratio=0.23x, spread_ratio=1.11x, close_pos=0.09. Candidate ST: retest of SC low area (SC low=24.81, bar low=24.39, diff=1.7%), volume 0.23x avg strictly lower than SC volume 4.97x, spread 1.11x ATR, close pos=0.09",56.09,140.9,38,True,[DISQUALIFIED] Score: 8.0/100.0 | DISQUALIFIED: Failed all mechanical trend & momentum filters.,https://www.tradingview.com/chart/?symbol=NSE%3ACENTRUM&interval=D,https://www.tradingview.com/chart/?symbol=NSE%3ACENTRUM&interval=W,https://www.tradingview.com/chart/?symbol=NSE%3ACENTRUM&interval=75,pending,data/research_datasets/20260824,2026-08-24 10:05:13 UTC
AKSHAR,AKSHAR.NS,Akshar Spintex Limited,2026-08-21,900,DISQUALIFIED,True,False,8.0,True,Failed all mechanical trend & momentum filters.,False,False,False,False,True,False,0.41,46.3,0.43,0.45,,,1.2,0.122,,0.44,0.47,0.0,False,False,False,False,SC,2026-05-27,False,False,False,False,84,"Bar vol_ratio=2.97x, spread_ratio=3.11x, close_pos=0.57. Candidate SC: volume 2.97x 20-period avg (threshold >= 2.0x), spread 3.11x 20-period ATR (threshold >= 1.5x), down-close (Open=0.49, Close=0.46, close pos=0.57), Prior peak=0.51, bar low=0.42, decline=17.6% over prior 10 bars (threshold >= 3.0%)",1.25,204.9,1,True,[DISQUALIFIED] Score: 8.0/100.0 | DISQUALIFIED: Failed all mechanical trend & momentum filters.,https://www.tradingview.com/chart/?symbol=NSE%3AAKSHAR&interval=D,https://www.tradingview.com/chart/?symbol=NSE%3AAKSHAR&interval=W,https://www.tradingview.com/chart/?symbol=NSE%3AAKSHAR&interval=75,pending,data/research_datasets/20260824,2026-08-24 10:05:13 UTC
VAISHALI,VAISHALI.NS,Vaishali Pharma Limited,2026-08-21,899,DISQUALIFIED,True,False,7.5,True,Most recent event is UTAD (Upthrust After Distribution / potential distribution phase).,False,True,False,False,False,False,7.99,50.9,7.7,7.43,,,1.12,0.186,,0.4,0.88,0.53,False,False,False,False,UTAD,2026-08-10,False,False,False,True,125,"Bar vol_ratio=2.82x, spread_ratio=1.17x, close_pos=0.56. Candidate UTAD: intrabar high=8.45 exceeded range resistance=8.38 (+0.84%), closed back below at 8.21 (close pos=0.56), elevated volume 2.82x avg (threshold >= 1.5x), spread 1.17x ATR",39.26,391.4,36,True,[DISQUALIFIED] Score: 7.5/100.0 | DISQUALIFIED: Most recent event is UTAD (Upthrust After Distribution / potential distribution phase).,https://www.tradingview.com/chart/?symbol=NSE%3AVAISHALI&interval=D,https://www.tradingview.com/chart/?symbol=NSE%3AVAISHALI&interval=W,https://www.tradingview.com/chart/?symbol=NSE%3AVAISHALI&interval=75,pending,data/research_datasets/20260824,2026-08-24 10:05:13 UTC
UBL,UBL.NS,United Breweries Limited,2026-08-21,901,DISQUALIFIED,True,False,7.5,True,Most recent event is UTAD (Upthrust After Distribution / potential distribution phase).,False,False,False,True,True,True,1348.9,41.3,1362.19,1379.41,,,0.95,0.08,,0.64,0.96,0.79,False,False,False,False,UTAD,2026-07-27,False,False,False,True,141,"Bar vol_ratio=2.22x, spread_ratio=1.37x, close_pos=0.40. Candidate UTAD: intrabar high=1446.71 exceeded range resistance=1437.77 (+0.62%), closed back below at 1418.61 (close pos=0.40), elevated volume 2.22x avg (threshold >= 1.5x), spread 1.37x ATR",2233.95,65.6,13,True,[DISQUALIFIED] Score: 7.5/100.0 | DISQUALIFIED: Most recent event is UTAD (Upthrust After Distribution / potential distribution phase).,https://www.tradingview.com/chart/?symbol=NSE%3AUBL&interval=D,https://www.tradingview.com/chart/?symbol=NSE%3AUBL&interval=W,https://www.tradingview.com/chart/?symbol=NSE%3AUBL&interval=75,pending,data/research_datasets/20260824,2026-08-24 10:05:13 UTC
TRANSRAILL,TRANSRAILL.NS,Transrail Lighting Limited,2026-08-21,413,DISQUALIFIED,True,False,7.5,True,Most recent event is UTAD (Upthrust After Distribution / potential distribution phase).,False,False,False,True,False,True,460.0,36.7,492.03,511.26,,,0.87,0.121,,0.72,0.68,0.2,False,False,False,False,UTAD,2026-04-22,False,False,False,True,31,"Bar vol_ratio=1.88x, spread_ratio=1.05x, close_pos=0.17. Candidate UTAD: intrabar high=606.86 exceeded range resistance=594.43 (+2.09%), closed back below at 583.75 (close pos=0.17), elevated volume 1.88x avg (threshold >= 1.5x), spread 1.05x ATR",1182.84,157.1,46,True,[DISQUALIFIED] Score: 7.5/100.0 | DISQUALIFIED: Most recent event is UTAD (Upthrust After Distribution / potential distribution phase).,https://www.tradingview.com/chart/?symbol=NSE%3ATRANSRAILL&interval=D,https://www.tradingview.com/chart/?symbol=NSE%3ATRANSRAILL&interval=W,https://www.tradingview.com/chart/?symbol=NSE%3ATRANSRAILL&interval=75,pending,data/research_datasets/20260824,2026-08-24 10:05:13 UTC
SURANASOL,SURANASOL.NS,Surana Solar Limited,2026-08-21,900,DISQUALIFIED,True,False,7.5,True,Most recent event is UTAD (Upthrust After Distribution / potential distribution phase).,False,False,False,False,False,False,25.85,47.0,26.39,26.31,,,1.02,0.095,,0.35,0.63,0.79,False,False,False,False,UTAD,2026-07-27,False,False,False,True,116,"Bar vol_ratio=10.25x, spread_ratio=2.79x, close_pos=0.10. Candidate UTAD: intrabar high=30.50 exceeded range resistance=28.50 (+7.02%), closed back below at 27.90 (close pos=0.10), elevated volume 10.25x avg (threshold >= 1.5x), spread 2.79x ATR",64.39,149.1,44,True,[DISQUALIFIED] Score: 7.5/100.0 | DISQUALIFIED: Most recent event is UTAD (Upthrust After Distribution / potential distribution phase).,https://www.tradingview.com/chart/?symbol=NSE%3ASURANASOL&interval=D,https://www.tradingview.com/chart/?symbol=NSE%3ASURANASOL&interval=W,https://www.tradingview.com/chart/?symbol=NSE%3ASURANASOL&interval=75,pending,data/research_datasets/20260824,2026-08-24 10:05:13 UTC
STYLEBAAZA,STYLEBAAZA.NS,Baazar Style Retail Limited,2026-08-21,489,DISQUALIFIED,True,False,7.5,True,Most recent event is UTAD (Upthrust After Distribution / potential distribution phase).,True,False,False,False,False,True,417.65,73.1,315.81,334.02,,,1.15,0.683,,2.37,1.85,0.0,False,False,False,False,SC,2026-08-21,False,False,False,False,81,"Bar vol_ratio=2.37x, spread_ratio=1.85x, close_pos=0.00. Candidate SC: volume 2.37x 20-period avg (threshold >= 2.0x), spread 1.85x 20-period ATR (threshold >= 1.5x), down-close (Open=437.85, Close=417.65, close pos=0.00), Prior peak=443.85, bar low=417.65, decline=5.9% over prior 10 bars (threshold >= 3.0%)",407.95,-2.3,11,True,[DISQUALIFIED] Score: 7.5/100.0 | DISQUALIFIED: Most recent event is UTAD (Upthrust After Distribution / potential distribution phase).,https://www.tradingview.com/chart/?symbol=NSE%3ASTYLEBAAZA&interval=D,https://www.tradingview.com/chart/?symbol=NSE%3ASTYLEBAAZA&interval=W,https://www.tradingview.com/chart/?symbol=NSE%3ASTYLEBAAZA&interval=75,pending,data/research_datasets/20260824,2026-08-24 10:05:13 UTC
SKFINDIA,SKFINDIA.NS,SKF India Limited,2026-08-21,901,DISQUALIFIED,True,False,7.5,True,Most recent event is UTAD (Upthrust After Distribution / potential distribution phase).,False,False,True,False,False,True,1596.5,56.4,1559.89,1591.57,,,1.29,0.148,,0.39,1.02,0.48,False,False,False,False,UTAD,2026-08-13,False,False,False,True,117,"Bar vol_ratio=12.16x, spread_ratio=3.50x, close_pos=0.34. Candidate UTAD: intrabar high=1716.90 exceeded range resistance=1667.38 (+2.97%), closed back below at 1606.30 (close pos=0.34), elevated volume 12.16x avg (threshold >= 1.5x), spread 3.50x ATR",1977.53,23.9,4,True,[DISQUALIFIED] Score: 7.5/100.0 | DISQUALIFIED: Most recent event is UTAD (Upthrust After Distribution / potential distribution phase).,https://www.tradingview.com/chart/?symbol=NSE%3ASKFINDIA&interval=D,https://www.tradingview.com/chart/?symbol=NSE%3ASKFINDIA&interval=W,https://www.tradingview.com/chart/?symbol=NSE%3ASKFINDIA&interval=75,pending,data/research_datasets/20260824,2026-08-24 10:05:13 UTC
SBILIFE,SBILIFE.NS,SBI Life Insurance Company Limited,2026-08-21,901,DISQUALIFIED,True,False,7.5,True,Most recent event is UTAD (Upthrust After Distribution / potential distribution phase).,False,False,False,True,False,True,1792.9,40.5,1820.32,1833.34,,,0.88,0.096,,0.74,0.9,0.92,False,False,False,False,UTAD,2026-07-30,False,False,False,True,127,"Bar vol_ratio=1.61x, spread_ratio=1.16x, close_pos=0.31. Candidate UTAD: intrabar high=1910.00 exceeded range resistance=1906.90 (+0.16%), closed back below at 1877.50 (close pos=0.31), elevated volume 1.61x avg (threshold >= 1.5x), spread 1.16x ATR",2892.1,61.3,34,True,[DISQUALIFIED] Score: 7.5/100.0 | DISQUALIFIED: Most recent event is UTAD (Upthrust After Distribution / potential distribution phase).,https://www.tradingview.com/chart/?symbol=NSE%3ASBILIFE&interval=D,https://www.tradingview.com/chart/?symbol=NSE%3ASBILIFE&interval=W,https://www.tradingview.com/chart/?symbol=NSE%3ASBILIFE&interval=75,pending,data/research_datasets/20260824,2026-08-24 10:05:13 UTC
RAMCOIND,RAMCOIND.NS,Ramco Industries Limited,2026-08-21,901,DISQUALIFIED,True,True,7.5,True,Most recent event is UTAD (Upthrust After Distribution / potential distribution phase).,False,True,False,False,True,True,347.0,51.4,337.46,308.01,,,1.17,0.169,,0.13,0.91,0.07,False,False,False,False,UTAD,2026-08-10,False,False,False,True,108,"Bar vol_ratio=17.73x, spread_ratio=4.37x, close_pos=0.69. Candidate UTAD: intrabar high=394.12 exceeded range resistance=380.87 (+3.48%), closed back below at 375.89 (close pos=0.69), elevated volume 17.73x avg (threshold >= 1.5x), spread 4.37x ATR",552.15,59.1,50,True,[DISQUALIFIED] Score: 7.5/100.0 | DISQUALIFIED: Most recent event is UTAD (Upthrust After Distribution / potential distribution phase).,https://www.tradingview.com/chart/?symbol=NSE%3ARAMCOIND&interval=D,https://www.tradingview.com/chart/?symbol=NSE%3ARAMCOIND&interval=W,https://www.tradingview.com/chart/?symbol=NSE%3ARAMCOIND&interval=75,pending,data/research_datasets/20260824,2026-08-24 10:05:13 UTC
PVRINOX,PVRINOX.NS,PVR INOX Limited,2026-08-21,900,DISQUALIFIED,True,True,7.5,True,Most recent event is UTAD (Upthrust After Distribution / potential distribution phase).,False,True,False,False,True,True,1216.8,72.1,1059.72,1025.54,,,1.27,0.104,,0.84,0.78,0.3,False,False,False,False,UTAD,2026-07-28,False,False,False,True,146,"Bar vol_ratio=1.99x, spread_ratio=1.70x, close_pos=0.20. Candidate UTAD: intrabar high=1163.00 exceeded range resistance=1136.90 (+2.30%), closed back below at 1118.15 (close pos=0.20), elevated volume 1.99x avg (threshold >= 1.5x), spread 1.70x ATR",2161.9,77.7,19,True,[DISQUALIFIED] Score: 7.5/100.0 | DISQUALIFIED: Most recent event is UTAD (Upthrust After Distribution / potential distribution phase).,https://www.tradingview.com/chart/?symbol=NSE%3APVRINOX&interval=D,https://www.tradingview.com/chart/?symbol=NSE%3APVRINOX&interval=W,https://www.tradingview.com/chart/?symbol=NSE%3APVRINOX&interval=75,pending,data/research_datasets/20260824,2026-08-24 10:05:13 UTC
PAYTM,PAYTM.NS,One 97 Communications Limited,2026-08-21,901,DISQUALIFIED,True,False,7.5,True,Most recent event is UTAD (Upthrust After Distribution / potential distribution phase).,False,True,False,False,False,True,1632.0,72.3,1325.3,1218.94,,,1.19,0.326,,1.05,0.79,0.84,False,False,False,False,UTAD,2026-08-11,False,False,False,True,127,"Bar vol_ratio=1.73x, spread_ratio=1.20x, close_pos=0.28. Candidate UTAD: intrabar high=1639.90 exceeded range resistance=1598.50 (+2.59%), closed back below at 1593.70 (close pos=0.28), elevated volume 1.73x avg (threshold >= 1.5x), spread 1.20x ATR",1628.0,-0.2,19,False,[DISQUALIFIED] Score: 7.5/100.0 | DISQUALIFIED: Most recent event is UTAD (Upthrust After Distribution / potential distribution phase).,https://www.tradingview.com/chart/?symbol=NSE%3APAYTM&interval=D,https://www.tradingview.com/chart/?symbol=NSE%3APAYTM&interval=W,https://www.tradingview.com/chart/?symbol=NSE%3APAYTM&interval=75,pending,data/research_datasets/20260824,2026-08-24 10:05:13 UTC
NPST,NPST.NS,Network People Services Technologies Limited,2026-08-21,898,DISQUALIFIED,True,True,7.5,True,Most recent event is UTAD (Upthrust After Distribution / potential distribution phase).,False,True,False,False,True,True,1588.5,53.1,1583.12,1402.84,,,1.06,0.099,,0.2,0.44,0.22,False,False,True,False,UTAD,2026-07-02,False,False,False,True,123,"Bar vol_ratio=2.61x, spread_ratio=1.70x, close_pos=0.45. Candidate UTAD: intrabar high=1783.90 exceeded range resistance=1700.00 (+4.94%), closed back below at 1695.40 (close pos=0.45), elevated volume 2.61x avg (threshold >= 1.5x), spread 1.70x ATR",1100.0,-30.8,19,True,[DISQUALIFIED] Score: 7.5/100.0 | DISQUALIFIED: Most recent event is UTAD (Upthrust After Distribution / potential distribution phase).,https://www.tradingview.com/chart/?symbol=NSE%3ANPST&interval=D,https://www.tradingview.com/chart/?symbol=NSE%3ANPST&interval=W,https://www.tradingview.com/chart/?symbol=NSE%3ANPST&interval=75,pending,data/research_datasets/20260824,2026-08-24 10:05:13 UTC
KRBL,KRBL.NS,KRBL Limited,2026-08-21,900,DISQUALIFIED,True,False,7.5,True,Most recent event is UTAD (Upthrust After Distribution / potential distribution phase).,False,True,False,False,False,True,406.95,71.4,372.02,360.73,,,1.18,0.191,,1.48,0.78,0.77,False,False,False,False,UTAD,2026-08-19,False,False,False,True,90,"Bar vol_ratio=1.85x, spread_ratio=1.45x, close_pos=0.36. Candidate UTAD: intrabar high=412.00 exceeded range resistance=403.80 (+2.03%), closed back below at 399.60 (close pos=0.36), elevated volume 1.85x avg (threshold >= 1.5x), spread 1.45x ATR",1137.75,179.6,52,True,[DISQUALIFIED] Score: 7.5/100.0 | DISQUALIFIED: Most recent event is UTAD (Upthrust After Distribution / potential distribution phase).,https://www.tradingview.com/chart/?symbol=NSE%3AKRBL&interval=D,https://www.tradingview.com/chart/?symbol=NSE%3AKRBL&interval=W,https://www.tradingview.com/chart/?symbol=NSE%3AKRBL&interval=75,pending,data/research_datasets/20260824,2026-08-24 10:05:13 UTC
KOTHARIPET,KOTHARIPET.NS,Kothari Petrochemicals Limited,2026-08-21,899,DISQUALIFIED,True,False,7.5,True,Most recent event is UTAD (Upthrust After Distribution / potential distribution phase).,False,False,False,False,False,True,132.48,43.2,132.96,130.16,,,1.13,0.181,,0.33,0.56,0.13,False,False,True,False,UTAD,2026-08-07,False,False,False,True,88,"Bar vol_ratio=1.71x, spread_ratio=1.33x, close_pos=0.20. Candidate UTAD: intrabar high=155.47 exceeded range resistance=151.68 (+2.50%), closed back below at 149.52 (close pos=0.20), elevated volume 1.71x avg (threshold >= 1.5x), spread 1.33x ATR",167.77,26.6,19,True,[DISQUALIFIED] Score: 7.5/100.0 | DISQUALIFIED: Most recent event is UTAD (Upthrust After Distribution / potential distribution phase).,https://www.tradingview.com/chart/?symbol=NSE%3AKOTHARIPET&interval=D,https://www.tradingview.com/chart/?symbol=NSE%3AKOTHARIPET&interval=W,https://www.tradingview.com/chart/?symbol=NSE%3AKOTHARIPET&interval=75,pending,data/research_datasets/20260824,2026-08-24 10:05:13 UTC
KKCL,KKCL.NS,Kewal Kiran Clothing Limited,2026-08-21,899,DISQUALIFIED,True,False,7.5,True,Most recent event is UTAD (Upthrust After Distribution / potential distribution phase).,False,True,False,False,False,True,516.45,52.1,505.49,480.84,,,1.23,0.092,,0.19,0.49,0.16,False,False,True,False,UTAD,2026-08-05,False,False,False,True,98,"Bar vol_ratio=5.55x, spread_ratio=1.98x, close_pos=0.34. Candidate UTAD: intrabar high=568.05 exceeded range resistance=549.00 (+3.47%), closed back below at 546.50 (close pos=0.34), elevated volume 5.55x avg (threshold >= 1.5x), spread 1.98x ATR",1390.13,169.2,47,True,[DISQUALIFIED] Score: 7.5/100.0 | DISQUALIFIED: Most recent event is UTAD (Upthrust After Distribution / potential distribution phase).,https://www.tradingview.com/chart/?symbol=NSE%3AKKCL&interval=D,https://www.tradingview.com/chart/?symbol=NSE%3AKKCL&interval=W,https://www.tradingview.com/chart/?symbol=NSE%3AKKCL&interval=75,pending,data/research_datasets/20260824,2026-08-24 10:05:13 UTC
IRIS,IRIS.NS,IRIS RegTech Solutions Limited,2026-08-21,899,DISQUALIFIED,True,False,7.5,True,Most recent event is UTAD (Upthrust After Distribution / potential distribution phase).,False,False,False,False,True,False,243.89,46.9,252.3,246.8,,,1.09,0.125,,0.47,0.79,0.08,False,False,False,False,UTAD,2026-06-22,False,False,False,True,124,"Bar vol_ratio=4.13x, spread_ratio=0.97x, close_pos=0.18. Candidate UTAD: intrabar high=290.00 exceeded range resistance=288.65 (+0.47%), closed back below at 277.05 (close pos=0.18), elevated volume 4.13x avg (threshold >= 1.5x), spread 0.97x ATR",388.42,59.3,50,True,[DISQUALIFIED] Score: 7.5/100.0 | DISQUALIFIED: Most recent event is UTAD (Upthrust After Distribution / potential distribution phase).,https://www.tradingview.com/chart/?symbol=NSE%3AIRIS&interval=D,https://www.tradingview.com/chart/?symbol=NSE%3AIRIS&interval=W,https://www.tradingview.com/chart/?symbol=NSE%3AIRIS&interval=75,pending,data/research_datasets/20260824,2026-08-24 10:05:13 UTC
IGARASHI,IGARASHI.NS,Igarashi Motors India Limited,2026-08-21,901,DISQUALIFIED,True,False,7.5,True,Most recent event is UTAD (Upthrust After Distribution / potential distribution phase).,False,False,False,False,False,True,444.1,46.0,455.12,412.63,,,1.01,0.1,,0.09,0.58,0.19,False,False,True,False,UTAD,2026-08-06,False,False,False,True,113,"Bar vol_ratio=17.77x, spread_ratio=4.46x, close_pos=0.49. Candidate UTAD: intrabar high=537.90 exceeded range resistance=502.48 (+7.05%), closed back below at 493.80 (close pos=0.49), elevated volume 17.77x avg (threshold >= 1.5x), spread 4.46x ATR",1371.59,208.8,59,True,[DISQUALIFIED] Score: 7.5/100.0 | DISQUALIFIED: Most recent event is UTAD (Upthrust After Distribution / potential distribution phase).,https://www.tradingview.com/chart/?symbol=NSE%3AIGARASHI&interval=D,https://www.tradingview.com/chart/?symbol=NSE%3AIGARASHI&interval=W,https://www.tradingview.com/chart/?symbol=NSE%3AIGARASHI&interval=75,pending,data/research_datasets/20260824,2026-08-24 10:05:13 UTC
HONDAPOWER,HONDAPOWER.NS,Honda India Power Products Limited,2026-08-21,899,DISQUALIFIED,True,False,7.5,True,Most recent event is UTAD (Upthrust After Distribution / potential distribution phase).,False,False,False,True,True,False,2068.3,43.4,2114.83,2157.81,,,0.87,0.029,,0.44,1.08,0.15,False,False,False,False,UTAD,2026-05-29,False,False,False,True,123,"Bar vol_ratio=3.10x, spread_ratio=1.23x, close_pos=0.54. Candidate UTAD: intrabar high=2385.72 exceeded range resistance=2363.86 (+0.92%), closed back below at 2337.65 (close pos=0.54), elevated volume 3.10x avg (threshold >= 1.5x), spread 1.23x ATR",5755.4,178.3,59,True,[DISQUALIFIED] Score: 7.5/100.0 | DISQUALIFIED: Most recent event is UTAD (Upthrust After Distribution / potential distribution phase).,https://www.tradingview.com/chart/?symbol=NSE%3AHONDAPOWER&interval=D,https://www.tradingview.com/chart/?symbol=NSE%3AHONDAPOWER&interval=W,https://www.tradingview.com/chart/?symbol=NSE%3AHONDAPOWER&interval=75,pending,data/research_datasets/20260824,2026-08-24 10:05:13 UTC
HEXATRADEX,HEXATRADEX.NS,Hexa Tradex Limited,2026-08-21,899,DISQUALIFIED,True,False,7.5,True,Most recent event is UTAD (Upthrust After Distribution / potential distribution phase).,False,False,False,True,False,False,158.03,47.5,159.55,161.93,,,0.99,0.055,,0.15,0.84,0.56,False,False,False,False,UTAD,2026-07-27,False,False,False,True,131,"Bar vol_ratio=9.83x, spread_ratio=2.80x, close_pos=0.14. Candidate UTAD: intrabar high=170.54 exceeded range resistance=169.54 (+0.59%), closed back below at 157.23 (close pos=0.14), elevated volume 9.83x avg (threshold >= 1.5x), spread 2.80x ATR",399.16,152.6,39,True,[DISQUALIFIED] Score: 7.5/100.0 | DISQUALIFIED: Most recent event is UTAD (Upthrust After Distribution / potential distribution phase).,https://www.tradingview.com/chart/?symbol=NSE%3AHEXATRADEX&interval=D,https://www.tradingview.com/chart/?symbol=NSE%3AHEXATRADEX&interval=W,https://www.tradingview.com/chart/?symbol=NSE%3AHEXATRADEX&interval=75,pending,data/research_datasets/20260824,2026-08-24 10:05:13 UTC
FABTECH,FABTECH.NS,Fabtech Technologies Limited,2026-08-21,219,DISQUALIFIED,True,False,7.5,True,Most recent event is UTAD (Upthrust After Distribution / potential distribution phase).,False,False,False,True,True,True,146.82,42.7,152.6,153.68,,,0.74,0.047,,0.7,0.64,0.58,False,False,False,False,UTAD,2026-04-28,False,False,False,True,13,"Bar vol_ratio=5.35x, spread_ratio=1.72x, close_pos=0.41. Candidate UTAD: intrabar high=182.05 exceeded range resistance=176.78 (+2.98%), closed back below at 171.96 (close pos=0.41), elevated volume 5.35x avg (threshold >= 1.5x), spread 1.72x ATR",308.91,110.4,26,True,[DISQUALIFIED] Score: 7.5/100.0 | DISQUALIFIED: Most recent event is UTAD (Upthrust After Distribution / potential distribution phase).,https://www.tradingview.com/chart/?symbol=NSE%3AFABTECH&interval=D,https://www.tradingview.com/chart/?symbol=NSE%3AFABTECH&interval=W,https://www.tradingview.com/chart/?symbol=NSE%3AFABTECH&interval=75,pending,data/research_datasets/20260824,2026-08-24 10:05:13 UTC
EUROPRATIK,EUROPRATIK.NS,Euro Pratik Sales Limited,2026-08-21,228,DISQUALIFIED,True,False,7.5,True,Most recent event is UTAD (Upthrust After Distribution / potential distribution phase).,False,False,False,False,False,True,263.15,32.8,295.87,275.79,,,1.07,0.244,,0.79,0.5,0.21,False,False,True,False,UTAD,2026-07-03,False,False,False,True,16,"Bar vol_ratio=4.03x, spread_ratio=2.38x, close_pos=0.13. Candidate UTAD: intrabar high=333.00 exceeded range resistance=312.85 (+6.44%), closed back below at 306.25 (close pos=0.13), elevated volume 4.03x avg (threshold >= 1.5x), spread 2.38x ATR",362.31,37.7,20,True,[DISQUALIFIED] Score: 7.5/100.0 | DISQUALIFIED: Most recent event is UTAD (Upthrust After Distribution / potential distribution phase).,https://www.tradingview.com/chart/?symbol=NSE%3AEUROPRATIK&interval=D,https://www.tradingview.com/chart/?symbol=NSE%3AEUROPRATIK&interval=W,https://www.tradingview.com/chart/?symbol=NSE%3AEUROPRATIK&interval=75,pending,data/research_datasets/20260824,2026-08-24 10:05:13 UTC
ESABINDIA,ESABINDIA.NS,Esab India Limited,2026-08-21,899,DISQUALIFIED,True,False,7.5,True,Most recent event is UTAD (Upthrust After Distribution / potential distribution phase).,False,False,True,False,False,True,6210.0,66.1,5770.62,5958.44,,,1.47,0.184,,0.44,0.84,0.79,False,False,False,False,UTAD,2026-08-14,False,False,False,True,119,"Bar vol_ratio=2.95x, spread_ratio=1.74x, close_pos=0.18. Candidate UTAD: intrabar high=6471.00 exceeded range resistance=6400.00 (+1.11%), closed back below at 6232.00 (close pos=0.18), elevated volume 2.95x avg (threshold >= 1.5x), spread 1.74x ATR",11712.26,88.6,52,True,[DISQUALIFIED] Score: 7.5/100.0 | DISQUALIFIED: Most recent event is UTAD (Upthrust After Distribution / potential distribution phase).,https://www.tradingview.com/chart/?symbol=NSE%3AESABINDIA&interval=D,https://www.tradingview.com/chart/?symbol=NSE%3AESABINDIA&interval=W,https://www.tradingview.com/chart/?symbol=NSE%3AESABINDIA&interval=75,pending,data/research_datasets/20260824,2026-08-24 10:05:13 UTC
DIAMONDYD,DIAMONDYD.NS,Prataap Snacks Limited,2026-08-21,899,DISQUALIFIED,True,True,7.5,True,Most recent event is UTAD (Upthrust After Distribution / potential distribution phase).,False,True,False,False,True,True,1179.3,52.4,1159.57,1093.55,,,1.06,0.126,,0.23,0.59,0.5,False,True,False,False,UTAD,2026-08-07,False,False,False,True,130,"Bar vol_ratio=6.45x, spread_ratio=2.13x, close_pos=0.87. Candidate UTAD: intrabar high=1239.00 exceeded range resistance=1228.90 (+0.82%), closed back below at 1227.40 (close pos=0.87), elevated volume 6.45x avg (threshold >= 1.5x), spread 2.13x ATR",2825.9,139.6,61,True,[DISQUALIFIED] Score: 7.5/100.0 | DISQUALIFIED: Most recent event is UTAD (Upthrust After Distribution / potential distribution phase).,https://www.tradingview.com/chart/?symbol=NSE%3ADIAMONDYD&interval=D,https://www.tradingview.com/chart/?symbol=NSE%3ADIAMONDYD&interval=W,https://www.tradingview.com/chart/?symbol=NSE%3ADIAMONDYD&interval=75,pending,data/research_datasets/20260824,2026-08-24 10:05:13 UTC
DCAL,DCAL.NS,Dishman Carbogen Amcis Limited,2026-08-21,900,DISQUALIFIED,True,False,7.5,True,Most recent event is UTAD (Upthrust After Distribution / potential distribution phase).,False,False,False,False,False,True,173.54,39.7,184.34,182.47,,,1.25,0.181,,1.31,1.13,0.14,False,False,False,False,UTAD,2026-05-21,False,False,False,True,93,"Bar vol_ratio=2.25x, spread_ratio=1.30x, close_pos=0.13. Candidate UTAD: intrabar high=224.40 exceeded range resistance=220.00 (+2.00%), closed back below at 211.88 (close pos=0.13), elevated volume 2.25x avg (threshold >= 1.5x), spread 1.30x ATR",363.68,109.6,36,True,[DISQUALIFIED] Score: 7.5/100.0 | DISQUALIFIED: Most recent event is UTAD (Upthrust After Distribution / potential distribution phase).,https://www.tradingview.com/chart/?symbol=NSE%3ADCAL&interval=D,https://www.tradingview.com/chart/?symbol=NSE%3ADCAL&interval=W,https://www.tradingview.com/chart/?symbol=NSE%3ADCAL&interval=75,pending,data/research_datasets/20260824,2026-08-24 10:05:13 UTC
COLPAL,COLPAL.NS,Colgate Palmolive (India) Limited,2026-08-21,901,DISQUALIFIED,True,False,7.5,True,Most recent event is UTAD (Upthrust After Distribution / potential distribution phase).,False,False,False,True,False,True,1889.0,31.6,2030.27,2040.56,,,0.73,0.159,,0.87,0.61,0.32,False,False,False,False,UTAD,2026-07-29,False,False,False,True,114,"Bar vol_ratio=5.31x, spread_ratio=2.31x, close_pos=0.59. Candidate UTAD: intrabar high=2213.40 exceeded range resistance=2184.25 (+1.33%), closed back below at 2166.40 (close pos=0.59), elevated volume 5.31x avg (threshold >= 1.5x), spread 2.31x ATR",3113.08,64.8,35,True,[DISQUALIFIED] Score: 7.5/100.0 | DISQUALIFIED: Most recent event is UTAD (Upthrust After Distribution / potential distribution phase).,https://www.tradingview.com/chart/?symbol=NSE%3ACOLPAL&interval=D,https://www.tradingview.com/chart/?symbol=NSE%3ACOLPAL&interval=W,https://www.tradingview.com/chart/?symbol=NSE%3ACOLPAL&interval=75,pending,data/research_datasets/20260824,2026-08-24 10:05:13 UTC
BORANA,BORANA.NS,Borana Weaves Limited,2026-08-21,310,DISQUALIFIED,True,False,7.5,True,Most recent event is UTAD (Upthrust After Distribution / potential distribution phase).,False,False,False,False,False,True,307.95,40.0,317.73,326.02,,,1.13,0.125,,0.48,0.65,0.35,False,False,False,False,UTAD,2026-08-06,False,False,False,True,17,"Bar vol_ratio=2.31x, spread_ratio=1.86x, close_pos=0.65. Candidate UTAD: intrabar high=353.95 exceeded range resistance=345.85 (+2.34%), closed back below at 344.60 (close pos=0.65), elevated volume 2.31x avg (threshold >= 1.5x), spread 1.86x ATR",482.5,56.7,28,True,[DISQUALIFIED] Score: 7.5/100.0 | DISQUALIFIED: Most recent event is UTAD (Upthrust After Distribution / potential distribution phase).,https://www.tradingview.com/chart/?symbol=NSE%3ABORANA&interval=D,https://www.tradingview.com/chart/?symbol=NSE%3ABORANA&interval=W,https://www.tradingview.com/chart/?symbol=NSE%3ABORANA&interval=75,pending,data/research_datasets/20260824,2026-08-24 10:05:13 UTC
BLUEDART,BLUEDART.NS,Blue Dart Express Limited,2026-08-21,901,DISQUALIFIED,True,False,7.5,True,Most recent event is UTAD (Upthrust After Distribution / potential distribution phase).,False,False,False,True,True,True,5083.0,50.8,4996.63,5042.84,,,0.95,0.079,,0.08,0.26,0.56,False,True,False,False,UTAD,2026-07-28,False,False,False,True,119,"Bar vol_ratio=2.68x, spread_ratio=1.49x, close_pos=0.02. Candidate UTAD: intrabar high=5277.00 exceeded range resistance=5129.20 (+2.88%), closed back below at 5103.50 (close pos=0.02), elevated volume 2.68x avg (threshold >= 1.5x), spread 1.49x ATR",7089.7,39.5,8,True,[DISQUALIFIED] Score: 7.5/100.0 | DISQUALIFIED: Most recent event is UTAD (Upthrust After Distribution / potential distribution phase).,https://www.tradingview.com/chart/?symbol=NSE%3ABLUEDART&interval=D,https://www.tradingview.com/chart/?symbol=NSE%3ABLUEDART&interval=W,https://www.tradingview.com/chart/?symbol=NSE%3ABLUEDART&interval=75,pending,data/research_datasets/20260824,2026-08-24 10:05:13 UTC
BHARTIARTL,BHARTIARTL.NS,Bharti Airtel Limited,2026-08-21,901,DISQUALIFIED,True,True,7.5,True,Most recent event is UTAD (Upthrust After Distribution / potential distribution phase).,False,True,False,False,True,True,1946.0,52.8,1904.46,1860.59,,,1.13,0.048,,0.45,0.4,0.38,False,True,False,False,UTAD,2026-08-05,False,False,False,True,76,"Bar vol_ratio=2.21x, spread_ratio=2.28x, close_pos=0.33. Candidate UTAD: intrabar high=2031.00 exceeded range resistance=1987.40 (+2.19%), closed back below at 1978.00 (close pos=0.33), elevated volume 2.21x avg (threshold >= 1.5x), spread 2.28x ATR",2804.57,44.1,32,True,[DISQUALIFIED] Score: 7.5/100.0 | DISQUALIFIED: Most recent event is UTAD (Upthrust After Distribution / potential distribution phase).,https://www.tradingview.com/chart/?symbol=NSE%3ABHARTIARTL&interval=D,https://www.tradingview.com/chart/?symbol=NSE%3ABHARTIARTL&interval=W,https://www.tradingview.com/chart/?symbol=NSE%3ABHARTIARTL&interval=75,pending,data/research_datasets/20260824,2026-08-24 10:05:13 UTC
ATL,ATL.NS,Allcargo Terminals Limited,2026-08-21,748,DISQUALIFIED,True,False,7.5,True,Most recent event is UTAD (Upthrust After Distribution / potential distribution phase).,False,False,True,False,False,False,24.86,58.4,23.86,24.44,,,1.28,0.125,,2.11,1.47,0.65,False,False,False,False,UTAD,2026-08-07,False,False,False,True,86,"Bar vol_ratio=1.69x, spread_ratio=1.37x, close_pos=0.05. Candidate UTAD: intrabar high=26.30 exceeded range resistance=25.95 (+1.35%), closed back below at 25.07 (close pos=0.05), elevated volume 1.69x avg (threshold >= 1.5x), spread 1.37x ATR",61.94,149.2,51,True,[DISQUALIFIED] Score: 7.5/100.0 | DISQUALIFIED: Most recent event is UTAD (Upthrust After Distribution / potential distribution phase).,https://www.tradingview.com/chart/?symbol=NSE%3AATL&interval=D,https://www.tradingview.com/chart/?symbol=NSE%3AATL&interval=W,https://www.tradingview.com/chart/?symbol=NSE%3AATL&interval=75,pending,data/research_datasets/20260824,2026-08-24 10:05:13 UTC
ARTEMISMED,ARTEMISMED.NS,Artemis Medicare Services Limited,2026-08-21,878,DISQUALIFIED,True,True,7.5,True,Most recent event is UTAD (Upthrust After Distribution / potential distribution phase).,False,True,False,False,True,True,326.1,70.4,284.05,267.93,,,1.19,0.166,,1.75,0.85,0.31,True,False,False,False,UTAD,2026-08-21,False,False,False,True,109,"Bar vol_ratio=1.75x, spread_ratio=0.85x, close_pos=0.31. Candidate UTAD: intrabar high=333.00 exceeded range resistance=326.55 (+1.98%), closed back below at 326.10 (close pos=0.31), elevated volume 1.75x avg (threshold >= 1.5x), spread 0.85x ATR",430.57,32.0,64,True,[DISQUALIFIED] Score: 7.5/100.0 | DISQUALIFIED: Most recent event is UTAD (Upthrust After Distribution / potential distribution phase).,https://www.tradingview.com/chart/?symbol=NSE%3AARTEMISMED&interval=D,https://www.tradingview.com/chart/?symbol=NSE%3AARTEMISMED&interval=W,https://www.tradingview.com/chart/?symbol=NSE%3AARTEMISMED&interval=75,pending,data/research_datasets/20260824,2026-08-24 10:05:13 UTC
ARE&M,ARE&M.NS,Amara Raja Energy & Mobility Limited,2026-08-21,901,DISQUALIFIED,True,False,7.5,True,Most recent event is UTAD (Upthrust After Distribution / potential distribution phase).,False,True,False,False,False,True,919.75,51.1,885.31,857.02,,,1.15,0.121,,0.23,0.6,0.1,False,False,True,False,UTAD,2026-08-12,False,False,False,True,119,"Bar vol_ratio=3.43x, spread_ratio=1.84x, close_pos=0.13. Candidate UTAD: intrabar high=1017.30 exceeded range resistance=974.00 (+4.45%), closed back below at 969.40 (close pos=0.13), elevated volume 3.43x avg (threshold >= 1.5x), spread 1.84x ATR",1555.98,69.2,36,True,[DISQUALIFIED] Score: 7.5/100.0 | DISQUALIFIED: Most recent event is UTAD (Upthrust After Distribution / potential distribution phase).,https://www.tradingview.com/chart/?symbol=NSE%3AARE%26M&interval=D,https://www.tradingview.com/chart/?symbol=NSE%3AARE%26M&interval=W,https://www.tradingview.com/chart/?symbol=NSE%3AARE%26M&interval=75,pending,data/research_datasets/20260824,2026-08-24 10:05:13 UTC
ARCHIDPLY,ARCHIDPLY.NS,Archidply Industries Limited,2026-08-21,900,DISQUALIFIED,True,False,7.5,True,Most recent event is UTAD (Upthrust After Distribution / potential distribution phase).,False,True,False,False,False,False,97.98,72.1,84.04,82.06,,,1.28,0.294,,0.9,1.17,0.67,False,False,False,False,UTAD,2026-05-08,False,False,False,True,136,"Bar vol_ratio=1.84x, spread_ratio=1.63x, close_pos=0.19. Candidate UTAD: intrabar high=97.00 exceeded range resistance=93.30 (+3.97%), closed back below at 89.91 (close pos=0.19), elevated volume 1.84x avg (threshold >= 1.5x), spread 1.63x ATR",142.04,45.0,22,True,[DISQUALIFIED] Score: 7.5/100.0 | DISQUALIFIED: Most recent event is UTAD (Upthrust After Distribution / potential distribution phase).,https://www.tradingview.com/chart/?symbol=NSE%3AARCHIDPLY&interval=D,https://www.tradingview.com/chart/?symbol=NSE%3AARCHIDPLY&interval=W,https://www.tradingview.com/chart/?symbol=NSE%3AARCHIDPLY&interval=75,pending,data/research_datasets/20260824,2026-08-24 10:05:13 UTC
APLAPOLLO,APLAPOLLO.NS,APL Apollo Tubes Limited,2026-08-21,901,DISQUALIFIED,True,False,7.5,True,Most recent event is UTAD (Upthrust After Distribution / potential distribution phase).,True,False,False,False,False,True,2139.0,77.0,1885.76,1901.73,,,1.14,0.204,,0.33,0.69,0.35,False,False,False,False,AR,2026-08-03,False,False,False,False,77,"Bar vol_ratio=6.81x, spread_ratio=3.29x, close_pos=0.88. Candidate AR: up bar 1 bar(s) after SC (SC date=2026-07-31 00:00:00, SC price=1819.50), Open=1820.30, Close=1941.50, close pos=0.88, volume 6.81x avg (threshold >= 1.0x), spread 3.29x ATR",2601.0,21.6,27,True,[DISQUALIFIED] Score: 7.5/100.0 | DISQUALIFIED: Most recent event is UTAD (Upthrust After Distribution / potential distribution phase).,https://www.tradingview.com/chart/?symbol=NSE%3AAPLAPOLLO&interval=D,https://www.tradingview.com/chart/?symbol=NSE%3AAPLAPOLLO&interval=W,https://www.tradingview.com/chart/?symbol=NSE%3AAPLAPOLLO&interval=75,pending,data/research_datasets/20260824,2026-08-24 10:05:13 UTC
APEX,APEX.NS,Apex Frozen Foods Limited,2026-08-21,901,DISQUALIFIED,True,False,7.5,True,Most recent event is UTAD (Upthrust After Distribution / potential distribution phase).,False,False,False,False,False,True,399.6,53.2,396.73,420.42,,,1.34,0.17,,0.33,0.49,0.6,False,True,False,False,UTAD,2026-08-14,False,False,False,True,119,"Bar vol_ratio=17.37x, spread_ratio=2.71x, close_pos=0.61. Candidate UTAD: intrabar high=441.20 exceeded range resistance=436.90 (+0.98%), closed back below at 426.35 (close pos=0.61), elevated volume 17.37x avg (threshold >= 1.5x), spread 2.71x ATR",574.25,43.7,17,True,[DISQUALIFIED] Score: 7.5/100.0 | DISQUALIFIED: Most recent event is UTAD (Upthrust After Distribution / potential distribution phase).,https://www.tradingview.com/chart/?symbol=NSE%3AAPEX&interval=D,https://www.tradingview.com/chart/?symbol=NSE%3AAPEX&interval=W,https://www.tradingview.com/chart/?symbol=NSE%3AAPEX&interval=75,pending,data/research_datasets/20260824,2026-08-24 10:05:13 UTC
AMJLAND,AMJLAND.NS,Amj Land Holdings Limited,2026-08-21,899,DISQUALIFIED,True,False,7.5,True,Most recent event is UTAD (Upthrust After Distribution / potential distribution phase).,False,False,False,True,True,False,38.77,50.8,38.37,38.92,,,0.96,0.07,,0.98,0.79,0.44,False,False,False,False,UTAD,2026-08-11,False,False,False,True,132,"Bar vol_ratio=2.45x, spread_ratio=1.89x, close_pos=0.91. Candidate UTAD: intrabar high=41.00 exceeded range resistance=40.98 (+0.05%), closed back below at 40.73 (close pos=0.91), elevated volume 2.45x avg (threshold >= 1.5x), spread 1.89x ATR",107.44,177.1,92,True,[DISQUALIFIED] Score: 7.5/100.0 | DISQUALIFIED: Most recent event is UTAD (Upthrust After Distribution / potential distribution phase).,https://www.tradingview.com/chart/?symbol=NSE%3AAMJLAND&interval=D,https://www.tradingview.com/chart/?symbol=NSE%3AAMJLAND&interval=W,https://www.tradingview.com/chart/?symbol=NSE%3AAMJLAND&interval=75,pending,data/research_datasets/20260824,2026-08-24 10:05:13 UTC
ALBERTDAVD,ALBERTDAVD.NS,Albert David Limited,2026-08-21,899,DISQUALIFIED,True,False,7.5,True,Most recent event is UTAD (Upthrust After Distribution / potential distribution phase).,False,True,False,False,False,True,864.15,77.1,724.52,718.4,,,1.73,0.35,,0.36,0.67,0.71,False,False,False,False,UTAD,2026-08-06,False,False,False,True,109,"Bar vol_ratio=6.37x, spread_ratio=2.90x, close_pos=0.71. Candidate UTAD: intrabar high=745.00 exceeded range resistance=732.59 (+1.69%), closed back below at 730.55 (close pos=0.71), elevated volume 6.37x avg (threshold >= 1.5x), spread 2.90x ATR",789.32,-8.7,9,True,[DISQUALIFIED] Score: 7.5/100.0 | DISQUALIFIED: Most recent event is UTAD (Upthrust After Distribution / potential distribution phase).,https://www.tradingview.com/chart/?symbol=NSE%3AALBERTDAVD&interval=D,https://www.tradingview.com/chart/?symbol=NSE%3AALBERTDAVD&interval=W,https://www.tradingview.com/chart/?symbol=NSE%3AALBERTDAVD&interval=75,pending,data/research_datasets/20260824,2026-08-24 10:05:13 UTC
AGARWALEYE,AGARWALEYE.NS,Dr. Agarwal's Health Care Limited,2026-08-21,383,DISQUALIFIED,True,False,7.5,True,Most recent event is UTAD (Upthrust After Distribution / potential distribution phase).,False,True,False,False,False,True,500.2,49.2,488.21,470.45,,,1.34,0.179,,0.17,0.36,0.69,False,False,True,False,UTAD,2026-08-11,False,False,False,True,55,"Bar vol_ratio=1.65x, spread_ratio=1.63x, close_pos=0.21. Candidate UTAD: intrabar high=567.75 exceeded range resistance=564.50 (+0.58%), closed back below at 542.00 (close pos=0.21), elevated volume 1.65x avg (threshold >= 1.5x), spread 1.63x ATR",1061.45,112.2,41,True,[DISQUALIFIED] Score: 7.5/100.0 | DISQUALIFIED: Most recent event is UTAD (Upthrust After Distribution / potential distribution phase).,https://www.tradingview.com/chart/?symbol=NSE%3AAGARWALEYE&interval=D,https://www.tradingview.com/chart/?symbol=NSE%3AAGARWALEYE&interval=W,https://www.tradingview.com/chart/?symbol=NSE%3AAGARWALEYE&interval=75,pending,data/research_datasets/20260824,2026-08-24 10:05:13 UTC
AFSL,AFSL.NS,Abans Financial Services Limited,2026-08-21,899,DISQUALIFIED,True,False,7.5,True,Most recent event is UTAD (Upthrust After Distribution / potential distribution phase).,False,False,False,False,False,False,201.34,46.3,202.04,202.08,,,2.35,0.078,,0.32,0.49,0.16,False,False,True,False,SC,2026-08-12,False,False,False,False,79,"Bar vol_ratio=3.21x, spread_ratio=4.45x, close_pos=0.28. Candidate SC: volume 3.21x 20-period avg (threshold >= 2.0x), spread 4.45x 20-period ATR (threshold >= 1.5x), down-close (Open=219.95, Close=213.82, close pos=0.28), Prior peak=218.69, bar low=210.20, decline=3.9% over prior 10 bars (threshold >= 3.0%)",478.67,137.7,43,True,[DISQUALIFIED] Score: 7.5/100.0 | DISQUALIFIED: Most recent event is UTAD (Upthrust After Distribution / potential distribution phase).,https://www.tradingview.com/chart/?symbol=NSE%3AAFSL&interval=D,https://www.tradingview.com/chart/?symbol=NSE%3AAFSL&interval=W,https://www.tradingview.com/chart/?symbol=NSE%3AAFSL&interval=75,pending,data/research_datasets/20260824,2026-08-24 10:05:13 UTC
ACCELYA,ACCELYA.NS,Accelya Solutions India Limited,2026-08-21,901,DISQUALIFIED,True,False,7.5,True,Most recent event is UTAD (Upthrust After Distribution / potential distribution phase).,False,False,False,True,True,False,1138.6,50.8,1128.71,1137.7,,,0.74,0.031,,0.87,0.9,0.42,False,False,False,False,UTAD,2026-07-27,False,False,False,True,95,"Bar vol_ratio=2.64x, spread_ratio=1.09x, close_pos=0.35. Candidate UTAD: intrabar high=1180.00 exceeded range resistance=1168.40 (+0.99%), closed back below at 1160.40 (close pos=0.35), elevated volume 2.64x avg (threshold >= 1.5x), spread 1.09x ATR",2781.67,144.3,48,True,[DISQUALIFIED] Score: 7.5/100.0 | DISQUALIFIED: Most recent event is UTAD (Upthrust After Distribution / potential distribution phase).,https://www.tradingview.com/chart/?symbol=NSE%3AACCELYA&interval=D,https://www.tradingview.com/chart/?symbol=NSE%3AACCELYA&interval=W,https://www.tradingview.com/chart/?symbol=NSE%3AACCELYA&interval=75,pending,data/research_datasets/20260824,2026-08-24 10:05:13 UTC
63MOONS,63MOONS.NS,63 moons technologies limited,2026-08-21,901,DISQUALIFIED,True,True,7.5,True,Most recent event is UTAD (Upthrust After Distribution / potential distribution phase).,False,True,False,False,True,True,795.5,51.5,741.23,698.4,,,1.06,0.258,,0.27,0.78,0.77,False,False,False,False,UTAD,2026-08-03,False,False,False,True,90,"Bar vol_ratio=1.66x, spread_ratio=1.64x, close_pos=0.20. Candidate UTAD: intrabar high=957.95 exceeded range resistance=950.00 (+0.84%), closed back below at 897.05 (close pos=0.20), elevated volume 1.66x avg (threshold >= 1.5x), spread 1.64x ATR",805.7,1.3,29,True,[DISQUALIFIED] Score: 7.5/100.0 | DISQUALIFIED: Most recent event is UTAD (Upthrust After Distribution / potential distribution phase).,https://www.tradingview.com/chart/?symbol=NSE%3A63MOONS&interval=D,https://www.tradingview.com/chart/?symbol=NSE%3A63MOONS&interval=W,https://www.tradingview.com/chart/?symbol=NSE%3A63MOONS&interval=75,pending,data/research_datasets/20260824,2026-08-24 10:05:13 UTC
VIVIDHA,VIVIDHA.NS,Visagar Polytex Limited,2026-08-21,900,DISQUALIFIED,True,False,0.0,True,Most recent event is UTAD (Upthrust After Distribution / potential distribution phase).; Failed all mechanical trend & momentum filters.,False,False,False,False,False,False,0.54,54.2,0.53,0.54,,,1.27,0.098,,0.37,0.56,0.5,False,False,False,False,UTAD,2026-08-11,False,False,False,True,74,"Bar vol_ratio=1.83x, spread_ratio=2.58x, close_pos=0.13. Candidate UTAD: intrabar high=0.61 exceeded range resistance=0.58 (+5.17%), closed back below at 0.54 (close pos=0.13), elevated volume 1.83x avg (threshold >= 1.5x), spread 2.58x ATR",1.31,142.6,1,True,"[DISQUALIFIED] Score: 0.0/100.0 | DISQUALIFIED: Most recent event is UTAD (Upthrust After Distribution / potential distribution phase)., Failed all mechanical trend & momentum filters.",https://www.tradingview.com/chart/?symbol=NSE%3AVIVIDHA&interval=D,https://www.tradingview.com/chart/?symbol=NSE%3AVIVIDHA&interval=W,https://www.tradingview.com/chart/?symbol=NSE%3AVIVIDHA&interval=75,pending,data/research_datasets/20260824,2026-08-24 10:05:13 UTC
TATAINVEST,TATAINVEST.NS,Tata Investment Corporation Limited,2026-08-21,901,DISQUALIFIED,True,False,0.0,True,Most recent event is UTAD (Upthrust After Distribution / potential distribution phase).; Failed all mechanical trend & momentum filters.,False,False,False,False,True,True,647.95,40.3,669.33,673.88,,,1.06,0.087,,0.3,0.36,0.42,False,False,True,False,UTAD,2026-08-12,False,False,False,True,104,"Bar vol_ratio=1.59x, spread_ratio=2.25x, close_pos=0.09. Candidate UTAD: intrabar high=714.80 exceeded range resistance=713.45 (+0.19%), closed back below at 680.65 (close pos=0.09), elevated volume 1.59x avg (threshold >= 1.5x), spread 2.25x ATR",696.34,7.5,21,True,"[DISQUALIFIED] Score: 0.0/100.0 | DISQUALIFIED: Most recent event is UTAD (Upthrust After Distribution / potential distribution phase)., Failed all mechanical trend & momentum filters.",https://www.tradingview.com/chart/?symbol=NSE%3ATATAINVEST&interval=D,https://www.tradingview.com/chart/?symbol=NSE%3ATATAINVEST&interval=W,https://www.tradingview.com/chart/?symbol=NSE%3ATATAINVEST&interval=75,pending,data/research_datasets/20260824,2026-08-24 10:05:13 UTC
SUMMITSEC,SUMMITSEC.NS,Summit Securities Limited,2026-08-21,901,DISQUALIFIED,True,False,0.0,True,Most recent event is UTAD (Upthrust After Distribution / potential distribution phase).; Failed all mechanical trend & momentum filters.,False,False,False,False,False,False,1420.2,32.5,1506.45,1543.24,,,1.03,0.102,,0.39,0.53,0.21,False,False,True,False,UTAD,2026-08-04,False,False,False,True,124,"Bar vol_ratio=8.38x, spread_ratio=2.62x, close_pos=0.15. Candidate UTAD: intrabar high=1649.00 exceeded range resistance=1621.50 (+1.70%), closed back below at 1540.10 (close pos=0.15), elevated volume 8.38x avg (threshold >= 1.5x), spread 2.62x ATR",2189.2,54.1,41,True,"[DISQUALIFIED] Score: 0.0/100.0 | DISQUALIFIED: Most recent event is UTAD (Upthrust After Distribution / potential distribution phase)., Failed all mechanical trend & momentum filters.",https://www.tradingview.com/chart/?symbol=NSE%3ASUMMITSEC&interval=D,https://www.tradingview.com/chart/?symbol=NSE%3ASUMMITSEC&interval=W,https://www.tradingview.com/chart/?symbol=NSE%3ASUMMITSEC&interval=75,pending,data/research_datasets/20260824,2026-08-24 10:05:13 UTC
SINCLAIR,SINCLAIR.NS,Sinclairs Hotels Limited,2026-08-21,588,DISQUALIFIED,True,False,0.0,True,Most recent event is UTAD (Upthrust After Distribution / potential distribution phase).; Failed all mechanical trend & momentum filters.,False,False,False,False,False,False,74.43,45.0,75.72,76.64,,,1.11,0.07,,0.73,0.81,0.27,False,False,False,False,UTAD,2026-08-06,False,False,False,True,112,"Bar vol_ratio=6.77x, spread_ratio=3.04x, close_pos=0.36. Candidate UTAD: intrabar high=81.61 exceeded range resistance=81.50 (+0.13%), closed back below at 76.59 (close pos=0.36), elevated volume 6.77x avg (threshold >= 1.5x), spread 3.04x ATR",155.94,109.5,27,True,"[DISQUALIFIED] Score: 0.0/100.0 | DISQUALIFIED: Most recent event is UTAD (Upthrust After Distribution / potential distribution phase)., Failed all mechanical trend & momentum filters.",https://www.tradingview.com/chart/?symbol=NSE%3ASINCLAIR&interval=D,https://www.tradingview.com/chart/?symbol=NSE%3ASINCLAIR&interval=W,https://www.tradingview.com/chart/?symbol=NSE%3ASINCLAIR&interval=75,pending,data/research_datasets/20260824,2026-08-24 10:05:13 UTC
RAMCOCEM,RAMCOCEM.NS,The Ramco Cements Limited,2026-08-21,900,DISQUALIFIED,True,False,0.0,True,Most recent event is UTAD (Upthrust After Distribution / potential distribution phase).; Failed all mechanical trend & momentum filters.,False,False,False,False,False,True,899.05,43.3,917.27,921.44,,,1.19,0.062,,0.88,0.72,0.22,False,False,False,False,UTAD,2026-08-10,False,False,False,True,116,"Bar vol_ratio=8.51x, spread_ratio=2.83x, close_pos=0.49. Candidate UTAD: intrabar high=986.61 exceeded range resistance=959.73 (+2.80%), closed back below at 951.15 (close pos=0.49), elevated volume 8.51x avg (threshold >= 1.5x), spread 2.83x ATR",1441.58,60.3,20,True,"[DISQUALIFIED] Score: 0.0/100.0 | DISQUALIFIED: Most recent event is UTAD (Upthrust After Distribution / potential distribution phase)., Failed all mechanical trend & momentum filters.",https://www.tradingview.com/chart/?symbol=NSE%3ARAMCOCEM&interval=D,https://www.tradingview.com/chart/?symbol=NSE%3ARAMCOCEM&interval=W,https://www.tradingview.com/chart/?symbol=NSE%3ARAMCOCEM&interval=75,pending,data/research_datasets/20260824,2026-08-24 10:05:13 UTC
PROSTARM,PROSTARM.NS,Prostarm Info Systems Limited,2026-08-21,306,DISQUALIFIED,True,False,0.0,True,Most recent event is UTAD (Upthrust After Distribution / potential distribution phase).; Failed all mechanical trend & momentum filters.,False,False,False,False,False,True,138.72,54.8,134.52,141.13,,,1.43,0.234,,0.6,0.75,0.53,False,False,False,False,UTAD,2026-08-06,False,False,False,True,55,"Bar vol_ratio=5.54x, spread_ratio=3.11x, close_pos=0.74. Candidate UTAD: intrabar high=147.76 exceeded range resistance=146.00 (+1.21%), closed back below at 144.13 (close pos=0.74), elevated volume 5.54x avg (threshold >= 1.5x), spread 3.11x ATR",247.07,78.1,17,True,"[DISQUALIFIED] Score: 0.0/100.0 | DISQUALIFIED: Most recent event is UTAD (Upthrust After Distribution / potential distribution phase)., Failed all mechanical trend & momentum filters.",https://www.tradingview.com/chart/?symbol=NSE%3APROSTARM&interval=D,https://www.tradingview.com/chart/?symbol=NSE%3APROSTARM&interval=W,https://www.tradingview.com/chart/?symbol=NSE%3APROSTARM&interval=75,pending,data/research_datasets/20260824,2026-08-24 10:05:13 UTC
KUANTUM,KUANTUM.NS,Kuantum Papers Limited,2026-08-21,899,DISQUALIFIED,True,False,0.0,True,Most recent event is UTAD (Upthrust After Distribution / potential distribution phase).; Failed all mechanical trend & momentum filters.,False,False,False,False,False,True,74.19,40.8,75.44,75.52,,,1.16,0.147,,1.27,0.9,0.16,False,False,False,False,UTAD,2026-08-10,False,False,False,True,133,"Bar vol_ratio=1.61x, spread_ratio=0.98x, close_pos=0.26. Candidate UTAD: intrabar high=85.98 exceeded range resistance=84.24 (+2.07%), closed back below at 83.55 (close pos=0.26), elevated volume 1.61x avg (threshold >= 1.5x), spread 0.98x ATR",101.65,37.0,10,True,"[DISQUALIFIED] Score: 0.0/100.0 | DISQUALIFIED: Most recent event is UTAD (Upthrust After Distribution / potential distribution phase)., Failed all mechanical trend & momentum filters.",https://www.tradingview.com/chart/?symbol=NSE%3AKUANTUM&interval=D,https://www.tradingview.com/chart/?symbol=NSE%3AKUANTUM&interval=W,https://www.tradingview.com/chart/?symbol=NSE%3AKUANTUM&interval=75,pending,data/research_datasets/20260824,2026-08-24 10:05:13 UTC
JYOTHYLAB,JYOTHYLAB.NS,Jyothy Labs Limited,2026-08-21,901,DISQUALIFIED,True,False,0.0,True,Most recent event is UTAD (Upthrust After Distribution / potential distribution phase).; Failed all mechanical trend & momentum filters.,False,False,False,False,False,True,204.95,51.4,200.45,211.48,,,1.22,0.073,,0.79,0.86,0.43,False,False,False,False,UTAD,2026-08-18,False,False,False,True,134,"Bar vol_ratio=1.78x, spread_ratio=1.63x, close_pos=0.40. Candidate UTAD: intrabar high=216.90 exceeded range resistance=215.00 (+0.88%), closed back below at 210.68 (close pos=0.40), elevated volume 1.78x avg (threshold >= 1.5x), spread 1.63x ATR",334.83,63.4,13,True,"[DISQUALIFIED] Score: 0.0/100.0 | DISQUALIFIED: Most recent event is UTAD (Upthrust After Distribution / potential distribution phase)., Failed all mechanical trend & momentum filters.",https://www.tradingview.com/chart/?symbol=NSE%3AJYOTHYLAB&interval=D,https://www.tradingview.com/chart/?symbol=NSE%3AJYOTHYLAB&interval=W,https://www.tradingview.com/chart/?symbol=NSE%3AJYOTHYLAB&interval=75,pending,data/research_datasets/20260824,2026-08-24 10:05:13 UTC
GSS,GSS.NS,GSS Infotech Limited,2026-08-21,900,DISQUALIFIED,True,False,0.0,True,Most recent event is UTAD (Upthrust After Distribution / potential distribution phase).; Failed all mechanical trend & momentum filters.,False,False,False,False,False,False,12.68,45.6,12.87,13.36,,,1.18,0.202,,0.16,1.03,0.23,False,False,False,False,UTAD,2026-08-04,False,False,False,True,173,"Bar vol_ratio=6.70x, spread_ratio=2.39x, close_pos=0.57. Candidate UTAD: intrabar high=14.88 exceeded range resistance=14.48 (+2.76%), closed back below at 14.24 (close pos=0.57), elevated volume 6.70x avg (threshold >= 1.5x), spread 2.39x ATR",24.29,91.6,2,True,"[DISQUALIFIED] Score: 0.0/100.0 | DISQUALIFIED: Most recent event is UTAD (Upthrust After Distribution / potential distribution phase)., Failed all mechanical trend & momentum filters.",https://www.tradingview.com/chart/?symbol=NSE%3AGSS&interval=D,https://www.tradingview.com/chart/?symbol=NSE%3AGSS&interval=W,https://www.tradingview.com/chart/?symbol=NSE%3AGSS&interval=75,pending,data/research_datasets/20260824,2026-08-24 10:05:13 UTC
AXITA,AXITA.NS,Axita Cotton Limited,2026-08-21,900,DISQUALIFIED,True,False,0.0,True,Most recent event is UTAD (Upthrust After Distribution / potential distribution phase).; Failed all mechanical trend & momentum filters.,False,False,False,False,False,False,7.67,71.2,7.45,7.82,,,1.1,0.049,,2.85,3.79,0.61,False,False,False,False,UTAD,2026-08-21,False,False,False,True,92,"Bar vol_ratio=2.85x, spread_ratio=3.79x, close_pos=0.61. Candidate UTAD: intrabar high=7.91 exceeded range resistance=7.85 (+0.76%), closed back below at 7.67 (close pos=0.61), elevated volume 2.85x avg (threshold >= 1.5x), spread 3.79x ATR",16.59,116.3,10,True,"[DISQUALIFIED] Score: 0.0/100.0 | DISQUALIFIED: Most recent event is UTAD (Upthrust After Distribution / potential distribution phase)., Failed all mechanical trend & momentum filters.",https://www.tradingview.com/chart/?symbol=NSE%3AAXITA&interval=D,https://www.tradingview.com/chart/?symbol=NSE%3AAXITA&interval=W,https://www.tradingview.com/chart/?symbol=NSE%3AAXITA&interval=75,pending,data/research_datasets/20260824,2026-08-24 10:05:13 UTC
ATLANTAA,ATLANTAA.NS,ATLANTAA LIMITED,2026-08-21,900,DISQUALIFIED,True,False,0.0,True,Most recent event is UTAD (Upthrust After Distribution / potential distribution phase).; Failed all mechanical trend & momentum filters.,False,False,False,False,False,False,38.3,46.7,39.0,40.15,,,1.59,0.301,,0.2,0.64,0.17,False,False,False,False,SC,2026-08-11,False,False,False,False,122,"Bar vol_ratio=10.88x, spread_ratio=2.79x, close_pos=0.22. Candidate SC: volume 10.88x 20-period avg (threshold >= 2.0x), spread 2.79x 20-period ATR (threshold >= 1.5x), down-close (Open=47.71, Close=44.70, close pos=0.22), Prior peak=45.99, bar low=43.18, decline=6.1% over prior 10 bars (threshold >= 3.0%)",92.38,141.2,66,True,"[DISQUALIFIED] Score: 0.0/100.0 | DISQUALIFIED: Most recent event is UTAD (Upthrust After Distribution / potential distribution phase)., Failed all mechanical trend & momentum filters.",https://www.tradingview.com/chart/?symbol=NSE%3AATLANTAA&interval=D,https://www.tradingview.com/chart/?symbol=NSE%3AATLANTAA&interval=W,https://www.tradingview.com/chart/?symbol=NSE%3AATLANTAA&interval=75,pending,data/research_datasets/20260824,2026-08-24 10:05:13 UTC
ARIS,ARIS.NS,Arisinfra Solutions Limited,2026-08-21,291,DISQUALIFIED,True,False,0.0,True,Most recent event is UTAD (Upthrust After Distribution / potential distribution phase).; Failed all mechanical trend & momentum filters.,False,False,False,False,True,True,143.41,74.6,121.94,123.27,,,1.06,0.133,,1.17,1.02,0.79,False,False,False,False,UTAD,2026-08-06,False,False,False,True,44,"Bar vol_ratio=1.94x, spread_ratio=1.72x, close_pos=0.70. Candidate UTAD: intrabar high=135.00 exceeded range resistance=134.60 (+0.30%), closed back below at 132.03 (close pos=0.70), elevated volume 1.94x avg (threshold >= 1.5x), spread 1.72x ATR",191.6,33.6,15,True,"[DISQUALIFIED] Score: 0.0/100.0 | DISQUALIFIED: Most recent event is UTAD (Upthrust After Distribution / potential distribution phase)., Failed all mechanical trend & momentum filters.",https://www.tradingview.com/chart/?symbol=NSE%3AARIS&interval=D,https://www.tradingview.com/chart/?symbol=NSE%3AARIS&interval=W,https://www.tradingview.com/chart/?symbol=NSE%3AARIS&interval=75,pending,data/research_datasets/20260824,2026-08-24 10:05:13 UTC
